[perf] Built in 4 s
{"timestamp":"2026-10-08T10:32:58.610164Z","level":"INFO","fields":{"message":"sized the renderers","limit_mib":32768,"source":"physical memory","cpus":10,"renderers":10,"heap_mib":128,"semi_space_mib":32},"target":"snowtime_axum"}
{"timestamp":"2026-10-08T10:32:58.610841Z","level":"INFO","fields":{"message":"listening","address":"127.0.0.1:64627","tls":false},"target":"snowtime_axum"}
same bytes                 session, admin (200, 1146 bytes)
same bytes                 session, member (200, 1137 bytes)
same bytes                 session, signed out (200, 4 bytes)
same bytes                 getSignInMethods, admin (200, 22 bytes)
same bytes                 getSignInMethods, member (200, 22 bytes)
same bytes                 getSignInMethods, signed out (200, 22 bytes)
same bytes                 getDeployment, admin (200, 38 bytes)
same bytes                 getDeployment, member (200, 38 bytes)
same bytes                 getDeployment, signed out (200, 38 bytes)
{"timestamp":"2026-10-08T10:32:59.611664Z","level":"INFO","fields":{"message":"bench counters","renderers":1,"render_queued":0,"render_busy_answers":0,"database":"{\"read_admission\":{\"active\":0,\"queued\":0,\"limit\":10},\"write_admission\":{\"active\":0,\"queued\":0,\"limit\":1},\"hash_admission\":{\"active\":0,\"queued\":0,\"limit\":10},\"report_admission\":{\"active\":0,\"queued\":0,\"limit\":2},\"writer\":{\"cache_bytes\":52992,\"statement_bytes\":6688,\"cache_hits\":17,\"cache_misses\":16,\"cache_writes\":9},\"readers\":{\"idle\":10,\"connections\":[{\"cache_bytes\":26880,\"statement_bytes\":0,\"cache_hits\":1,\"cache_misses\":6,\"cache_writes\":0},{\"cache_bytes\":26880,\"statement_bytes\":0,\"cache_hits\":1,\"cache_misses\":6,\"cache_writes\":0},{\"cache_bytes\":26880,\"statement_bytes\":0,\"cache_hits\":1,\"cache_misses\":6,\"cache_writes\":0},{\"cache_bytes\":26880,\"statement_bytes\":0,\"cache_hits\":1,\"cache_misses\":6,\"cache_writes\":0},{\"cache_bytes\":26880,\"statement_bytes\":0,\"cache_hits\":1,\"cache_misses\":6,\"cache_writes\":0},{\"cache_bytes\":26880,\"statement_bytes\":0,\"cache_hits\":1,\"cache_misses\":6,\"cache_writes\":0},{\"cache_bytes\":26880,\"statement_bytes\":0,\"cache_hits\":1,\"cache_misses\":6,\"cache_writes\":0},{\"cache_bytes\":26880,\"statement_bytes\":0,\"cache_hits\":1,\"cache_misses\":6,\"cache_writes\":0},{\"cache_bytes\":26880,\"statement_bytes\":0,\"cache_hits\":1,\"cache_misses\":6,\"cache_writes\":0},{\"cache_bytes\":144384,\"statement_bytes\":33648,\"cache_hits\":25,\"cache_misses\":38,\"cache_writes\":0}]},\"sqlite_busy_errors\":0,\"blocking_threads\":1,\"blocking_threads_peak\":1,\"blocking_active\":0,\"blocking_queued\":0,\"scrypt_active\":0,\"scrypt_peak\":1}"},"target":"snowtime_axum"}
same bytes                 getDevUsers, admin (200, 976 bytes)
same bytes                 getDevUsers, member (200, 976 bytes)
same bytes                 getDevUsers, signed out (200, 976 bytes)
same bytes                 sign-in methods ignore unknown query fields (200, 22 bytes)
same bytes                 running timer, none (200, 4 bytes)
same bytes                 signed out (401, 61 bytes)
same bytes                 week, admin (200, 68680 bytes)
same bytes                 week, member (200, 4484 bytes)
same bytes                 92 days, admin (200, 1664279 bytes)
same bytes                 92 days of the member, admin (200, 96359 bytes)
same bytes                 range too long (400, 59 bytes)
same bytes                 range reversed (400, 59 bytes)
same bytes                 first entry start (200, 26 bytes)
same bytes                 first entry start, member (200, 26 bytes)
same bytes                 another organization (403, 62 bytes)
same bytes                 stop, not running (404, 56 bytes)
same bytes                 stop, bad id (400, 35 bytes)
same bytes                 update, missing (404, 54 bytes)
same bytes                 delete, missing (404, 54 bytes)
same bytes                 projects, admin (200, 2498 bytes)
same bytes                 projects with archived, admin (200, 4215 bytes)
same bytes                 projects, member (200, 1139 bytes)
same bytes                 projects with archived, member (200, 1864 bytes)
same bytes                 projects without archived, member (200, 1139 bytes)
same bytes                 projects, flag not a boolean (400, 75 bytes)
same bytes                 projects, another organization (403, 62 bytes)
same bytes                 teams, admin (200, 1604 bytes)
same bytes                 teams, member (200, 1604 bytes)
same bytes                 members, admin (200, 5543 bytes)
same bytes                 members, member (200, 5543 bytes)
same bytes                 teams, another organization (403, 62 bytes)
same bytes                 report, week, admin (200, 4499 bytes)
same bytes                 report, week, member (200, 937 bytes)
same bytes                 report, quarter by week with tickets, admin (200, 50515 bytes)
same bytes                 report, year, admin (200, 105588 bytes)
same bytes                 report, without a project (200, 1505 bytes)
same bytes                 report, of the member (200, 1051 bytes)
same bytes                 report, of a team (200, 2967 bytes)
same bytes                 report, of a team, member (403, 60 bytes)
same bytes                 report, of an unknown team (404, 53 bytes)
same bytes                 report, of another member (403, 56 bytes)
same bytes                 report, another organization (403, 62 bytes)
same bytes                 report, reversed (400, 59 bytes)
same bytes                 report, too long (400, 60 bytes)
same bytes                 report, member and team (400, 58 bytes)
same bytes                 report, unknown day (400, 37 bytes)
same bytes                 report, no from (400, 77 bytes)
same bytes                 breakdown with tickets (200, 14603 bytes)
same bytes                 breakdown own entries, member (200, 496 bytes)
same bytes                 breakdown own filter, member (200, 745 bytes)
same bytes                 entries by day, member (200, 5475 bytes)
same bytes                 entries by description, member (200, 2112 bytes)
same bytes                 entries own filter, member (200, 5475 bytes)
same bytes                 entry totals, member (200, 29 bytes)
same bytes                 entry totals own filter, member (200, 29 bytes)
same bytes                 export first piece, member (200, 4206 bytes)
same bytes                 export later piece, member (200, 3259 bytes)
same bytes                 breakdown refused member (403, 56 bytes)
same bytes                 entries by day (200, 1817 bytes)
same bytes                 entries by description (200, 6172 bytes)
same bytes                 entries remaining descriptions (200, 28028 bytes)
same bytes                 entries refused member (403, 56 bytes)
same bytes                 entry totals (200, 31 bytes)
same bytes                 entry totals refused member (403, 60 bytes)
same bytes                 export first piece (200, 54833 bytes)
same bytes                 export later piece (200, 50324 bytes)
same bytes                 export future now clamped (200, 50324 bytes)
same bytes                 export refused member (403, 56 bytes)
same bytes                 export reversed (400, 59 bytes)
same bytes                 export outside report (400, 54 bytes)
same bytes                 export too long (400, 59 bytes)
same bytes                 entries missing view (400, 77 bytes)
same bytes                 entries fractional offset (400, 53 bytes)
same bytes                 entries negative offset (400, 67 bytes)
same bytes                 settings PUT existing, admin (200, 526 bytes)
same bytes                 settings PUT locale default, admin (200, 526 bytes)
same bytes                 settings PUT missing zone, admin (400, 81 bytes)
same bytes                 settings PUT invalid zone before locale, admin (400, 42 bytes)
same bytes                 settings PATCH empty, admin (200, 526 bytes)
same bytes                 settings PATCH strips unknown user id, admin (200, 526 bytes)
same bytes                 settings PATCH malformed JSON, admin (400, 45 bytes)
same bytes                 settings PATCH origin before JSON, admin (403, 53 bytes)
same bytes                 settings PATCH validation order, admin (400, 42 bytes)
same bytes                 settings pin refuses another collection, admin (422, 64 bytes)
same bytes                 settings unchanged after refusal, admin (200, 526 bytes)
same bytes                 settings timeZone = null, admin (400, 71 bytes)
same bytes                 settings timeZone = [], admin (400, 72 bytes)
same bytes                 settings timeZone = "bogus", admin (400, 42 bytes)
same bytes                 settings weekStart = null, admin (400, 84 bytes)
same bytes                 settings weekStart = [], admin (400, 85 bytes)
same bytes                 settings weekStart = "bogus", admin (400, 89 bytes)
same bytes                 settings locale = null, admin (400, 82 bytes)
same bytes                 settings locale = [], admin (400, 83 bytes)
same bytes                 settings locale = "bogus", admin (400, 87 bytes)
same bytes                 settings theme = null, admin (400, 100 bytes)
same bytes                 settings theme = [], admin (400, 101 bytes)
same bytes                 settings theme = "bogus", admin (400, 105 bytes)
same bytes                 settings timerLayout = null, admin (400, 98 bytes)
same bytes                 settings timerLayout = [], admin (400, 99 bytes)
same bytes                 settings timerLayout = "bogus", admin (400, 103 bytes)
same bytes                 settings showSummary = null, admin (400, 72 bytes)
same bytes                 settings showSummary = [], admin (400, 73 bytes)
same bytes                 settings showSummary = "bogus", admin (400, 77 bytes)
same bytes                 settings compactRows = null, admin (400, 72 bytes)
same bytes                 settings compactRows = [], admin (400, 73 bytes)
same bytes                 settings compactRows = "bogus", admin (400, 77 bytes)
same bytes                 settings wideTimer = null, admin (400, 72 bytes)
same bytes                 settings wideTimer = [], admin (400, 73 bytes)
same bytes                 settings wideTimer = "bogus", admin (400, 77 bytes)
same bytes                 settings timerView = null, admin (400, 90 bytes)
same bytes                 settings timerView = [], admin (400, 91 bytes)
same bytes                 settings timerView = "bogus", admin (400, 95 bytes)
same bytes                 settings calendarWeekend = null, admin (400, 72 bytes)
same bytes                 settings calendarWeekend = [], admin (400, 73 bytes)
same bytes                 settings calendarWeekend = "bogus", admin (400, 77 bytes)
same bytes                 settings appIcon = null, admin (400, 172 bytes)
same bytes                 settings appIcon = [], admin (400, 173 bytes)
same bytes                 settings appIcon = "bogus", admin (400, 177 bytes)
same bytes                 settings sceneCollection = null, admin (400, 110 bytes)
same bytes                 settings sceneCollection = [], admin (400, 111 bytes)
same bytes                 settings sceneCollection = "bogus", admin (400, 115 bytes)
same bytes                 settings scenePin = null, admin (200, 526 bytes)
same bytes                 settings scenePin = [], admin (400, 565 bytes)
same bytes                 settings scenePin = "bogus", admin (400, 569 bytes)
same bytes                 settings sceneBackground = null, admin (400, 72 bytes)
same bytes                 settings sceneBackground = [], admin (400, 73 bytes)
same bytes                 settings sceneBackground = "bogus", admin (400, 77 bytes)
same bytes                 settings sceneStrength = null, admin (400, 88 bytes)
same bytes                 settings sceneStrength = [], admin (400, 89 bytes)
same bytes                 settings sceneStrength = "bogus", admin (400, 93 bytes)
same bytes                 settings surfaces = null, admin (400, 88 bytes)
same bytes                 settings surfaces = [], admin (400, 89 bytes)
same bytes                 settings surfaces = "bogus", admin (400, 93 bytes)
same bytes                 settings sceneWeather = null, admin (400, 72 bytes)
same bytes                 settings sceneWeather = [], admin (400, 73 bytes)
same bytes                 settings sceneWeather = "bogus", admin (400, 77 bytes)
same bytes                 settings sceneIntro = null, admin (400, 72 bytes)
same bytes                 settings sceneIntro = [], admin (400, 73 bytes)
same bytes                 settings sceneIntro = "bogus", admin (400, 77 bytes)
same bytes                 settings sceneTagline = null, admin (400, 72 bytes)
same bytes                 settings sceneTagline = [], admin (400, 73 bytes)
same bytes                 settings sceneTagline = "bogus", admin (400, 77 bytes)
same bytes                 settings durationFormat = null, admin (400, 88 bytes)
same bytes                 settings durationFormat = [], admin (400, 89 bytes)
same bytes                 settings durationFormat = "bogus", admin (400, 93 bytes)
same bytes                 settings dateFormat = null, admin (400, 84 bytes)
same bytes                 settings dateFormat = [], admin (400, 85 bytes)
same bytes                 settings dateFormat = "bogus", admin (400, 89 bytes)
same bytes                 settings timeFormat = null, admin (400, 84 bytes)
same bytes                 settings timeFormat = [], admin (400, 85 bytes)
same bytes                 settings timeFormat = "bogus", admin (400, 89 bytes)
same bytes                 settings country = null, admin (200, 526 bytes)
same bytes                 settings country = [], admin (400, 95 bytes)
same bytes                 settings country = "bogus", admin (400, 99 bytes)
same bytes                 settings valid timeZone, admin (200, 528 bytes)
same bytes                 settings valid weekStart, admin (200, 528 bytes)
same bytes                 settings valid locale, admin (200, 528 bytes)
same bytes                 settings valid theme, admin (200, 526 bytes)
same bytes                 settings valid timerLayout, admin (200, 528 bytes)
same bytes                 settings valid showSummary, admin (200, 529 bytes)
same bytes                 settings valid compactRows, admin (200, 528 bytes)
same bytes                 settings valid wideTimer, admin (200, 527 bytes)
same bytes                 settings valid timerView, admin (200, 531 bytes)
same bytes                 settings valid calendarWeekend, admin (200, 530 bytes)
same bytes                 settings valid appIcon, admin (200, 530 bytes)
same bytes                 settings valid sceneCollection, admin (200, 526 bytes)
same bytes                 settings valid scenePin, admin (200, 534 bytes)
same bytes                 settings valid sceneBackground, admin (200, 534 bytes)
same bytes                 settings valid sceneStrength, admin (200, 532 bytes)
same bytes                 settings valid surfaces, admin (200, 532 bytes)
same bytes                 settings valid sceneWeather, admin (200, 532 bytes)
same bytes                 settings valid sceneIntro, admin (200, 532 bytes)
same bytes                 settings valid sceneTagline, admin (200, 533 bytes)
same bytes                 settings valid durationFormat, admin (200, 533 bytes)
same bytes                 settings valid dateFormat, admin (200, 533 bytes)
same bytes                 settings valid timeFormat, admin (200, 533 bytes)
same bytes                 settings valid country, admin (200, 533 bytes)
same bytes                 settings saved collection rejects pin, admin (422, 64 bytes)
same bytes                 settings clears pin on collection selection, admin (200, 529 bytes)
same bytes                 settings explicit null pin and country, admin (200, 529 bytes)
same bytes                 settings boolean string revival, admin (200, 528 bytes)
same bytes                 settings no-op retains all fields, admin (200, 528 bytes)
same bytes                 settings PUT existing, member (200, 526 bytes)
same bytes                 settings PUT locale default, member (200, 526 bytes)
same bytes                 settings PUT missing zone, member (400, 81 bytes)
same bytes                 settings PUT invalid zone before locale, member (400, 42 bytes)
same bytes                 settings PATCH empty, member (200, 526 bytes)
same bytes                 settings PATCH strips unknown user id, member (200, 526 bytes)
same bytes                 settings PATCH malformed JSON, member (400, 45 bytes)
same bytes                 settings PATCH origin before JSON, member (403, 53 bytes)
same bytes                 settings PATCH validation order, member (400, 42 bytes)
same bytes                 settings pin refuses another collection, member (422, 64 bytes)
same bytes                 settings unchanged after refusal, member (200, 526 bytes)
same bytes                 settings timeZone = null, member (400, 71 bytes)
same bytes                 settings timeZone = [], member (400, 72 bytes)
same bytes                 settings timeZone = "bogus", member (400, 42 bytes)
same bytes                 settings weekStart = null, member (400, 84 bytes)
same bytes                 settings weekStart = [], member (400, 85 bytes)
same bytes                 settings weekStart = "bogus", member (400, 89 bytes)
same bytes                 settings locale = null, member (400, 82 bytes)
same bytes                 settings locale = [], member (400, 83 bytes)
same bytes                 settings locale = "bogus", member (400, 87 bytes)
same bytes                 settings theme = null, member (400, 100 bytes)
same bytes                 settings theme = [], member (400, 101 bytes)
same bytes                 settings theme = "bogus", member (400, 105 bytes)
same bytes                 settings timerLayout = null, member (400, 98 bytes)
same bytes                 settings timerLayout = [], member (400, 99 bytes)
same bytes                 settings timerLayout = "bogus", member (400, 103 bytes)
same bytes                 settings showSummary = null, member (400, 72 bytes)
same bytes                 settings showSummary = [], member (400, 73 bytes)
same bytes                 settings showSummary = "bogus", member (400, 77 bytes)
same bytes                 settings compactRows = null, member (400, 72 bytes)
same bytes                 settings compactRows = [], member (400, 73 bytes)
same bytes                 settings compactRows = "bogus", member (400, 77 bytes)
same bytes                 settings wideTimer = null, member (400, 72 bytes)
same bytes                 settings wideTimer = [], member (400, 73 bytes)
same bytes                 settings wideTimer = "bogus", member (400, 77 bytes)
same bytes                 settings timerView = null, member (400, 90 bytes)
same bytes                 settings timerView = [], member (400, 91 bytes)
same bytes                 settings timerView = "bogus", member (400, 95 bytes)
same bytes                 settings calendarWeekend = null, member (400, 72 bytes)
same bytes                 settings calendarWeekend = [], member (400, 73 bytes)
same bytes                 settings calendarWeekend = "bogus", member (400, 77 bytes)
same bytes                 settings appIcon = null, member (400, 172 bytes)
same bytes                 settings appIcon = [], member (400, 173 bytes)
same bytes                 settings appIcon = "bogus", member (400, 177 bytes)
same bytes                 settings sceneCollection = null, member (400, 110 bytes)
same bytes                 settings sceneCollection = [], member (400, 111 bytes)
same bytes                 settings sceneCollection = "bogus", member (400, 115 bytes)
same bytes                 settings scenePin = null, member (200, 526 bytes)
same bytes                 settings scenePin = [], member (400, 565 bytes)
same bytes                 settings scenePin = "bogus", member (400, 569 bytes)
same bytes                 settings sceneBackground = null, member (400, 72 bytes)
same bytes                 settings sceneBackground = [], member (400, 73 bytes)
same bytes                 settings sceneBackground = "bogus", member (400, 77 bytes)
same bytes                 settings sceneStrength = null, member (400, 88 bytes)
same bytes                 settings sceneStrength = [], member (400, 89 bytes)
same bytes                 settings sceneStrength = "bogus", member (400, 93 bytes)
same bytes                 settings surfaces = null, member (400, 88 bytes)
same bytes                 settings surfaces = [], member (400, 89 bytes)
same bytes                 settings surfaces = "bogus", member (400, 93 bytes)
same bytes                 settings sceneWeather = null, member (400, 72 bytes)
same bytes                 settings sceneWeather = [], member (400, 73 bytes)
same bytes                 settings sceneWeather = "bogus", member (400, 77 bytes)
same bytes                 settings sceneIntro = null, member (400, 72 bytes)
same bytes                 settings sceneIntro = [], member (400, 73 bytes)
same bytes                 settings sceneIntro = "bogus", member (400, 77 bytes)
same bytes                 settings sceneTagline = null, member (400, 72 bytes)
same bytes                 settings sceneTagline = [], member (400, 73 bytes)
same bytes                 settings sceneTagline = "bogus", member (400, 77 bytes)
same bytes                 settings durationFormat = null, member (400, 88 bytes)
same bytes                 settings durationFormat = [], member (400, 89 bytes)
same bytes                 settings durationFormat = "bogus", member (400, 93 bytes)
same bytes                 settings dateFormat = null, member (400, 84 bytes)
same bytes                 settings dateFormat = [], member (400, 85 bytes)
same bytes                 settings dateFormat = "bogus", member (400, 89 bytes)
same bytes                 settings timeFormat = null, member (400, 84 bytes)
same bytes                 settings timeFormat = [], member (400, 85 bytes)
same bytes                 settings timeFormat = "bogus", member (400, 89 bytes)
same bytes                 settings country = null, member (200, 526 bytes)
same bytes                 settings country = [], member (400, 95 bytes)
same bytes                 settings country = "bogus", member (400, 99 bytes)
same bytes                 settings valid timeZone, member (200, 528 bytes)
same bytes                 settings valid weekStart, member (200, 528 bytes)
same bytes                 settings valid locale, member (200, 528 bytes)
same bytes                 settings valid theme, member (200, 526 bytes)
same bytes                 settings valid timerLayout, member (200, 528 bytes)
same bytes                 settings valid showSummary, member (200, 529 bytes)
same bytes                 settings valid compactRows, member (200, 528 bytes)
same bytes                 settings valid wideTimer, member (200, 527 bytes)
same bytes                 settings valid timerView, member (200, 531 bytes)
same bytes                 settings valid calendarWeekend, member (200, 530 bytes)
same bytes                 settings valid appIcon, member (200, 530 bytes)
same bytes                 settings valid sceneCollection, member (200, 526 bytes)
same bytes                 settings valid scenePin, member (200, 534 bytes)
same bytes                 settings valid sceneBackground, member (200, 534 bytes)
same bytes                 settings valid sceneStrength, member (200, 532 bytes)
same bytes                 settings valid surfaces, member (200, 532 bytes)
same bytes                 settings valid sceneWeather, member (200, 532 bytes)
same bytes                 settings valid sceneIntro, member (200, 532 bytes)
same bytes                 settings valid sceneTagline, member (200, 533 bytes)
same bytes                 settings valid durationFormat, member (200, 533 bytes)
same bytes                 settings valid dateFormat, member (200, 533 bytes)
same bytes                 settings valid timeFormat, member (200, 533 bytes)
same bytes                 settings valid country, member (200, 533 bytes)
same bytes                 settings saved collection rejects pin, member (422, 64 bytes)
same bytes                 settings clears pin on collection selection, member (200, 529 bytes)
same bytes                 settings explicit null pin and country, member (200, 529 bytes)
{"timestamp":"2026-10-08T10:33:00.613142Z","level":"INFO","fields":{"message":"bench counters","renderers":1,"render_queued":0,"render_busy_answers":0,"database":"{\"read_admission\":{\"active\":0,\"queued\":0,\"limit\":10},\"write_admission\":{\"active\":0,\"queued\":0,\"limit\":1},\"hash_admission\":{\"active\":0,\"queued\":0,\"limit\":10},\"report_admission\":{\"active\":0,\"queued\":0,\"limit\":2},\"writer\":{\"cache_bytes\":35584,\"statement_bytes\":528800,\"cache_hits\":1446,\"cache_misses\":35,\"cache_writes\":64},\"readers\":{\"idle\":10,\"connections\":[{\"cache_bytes\":5120,\"statement_bytes\":0,\"cache_hits\":1,\"cache_misses\":6,\"cache_writes\":0},{\"cache_bytes\":5120,\"statement_bytes\":0,\"cache_hits\":1,\"cache_misses\":6,\"cache_writes\":0},{\"cache_bytes\":5120,\"statement_bytes\":0,\"cache_hits\":1,\"cache_misses\":6,\"cache_writes\":0},{\"cache_bytes\":5120,\"statement_bytes\":0,\"cache_hits\":1,\"cache_misses\":6,\"cache_writes\":0},{\"cache_bytes\":5120,\"statement_bytes\":0,\"cache_hits\":1,\"cache_misses\":6,\"cache_writes\":0},{\"cache_bytes\":5120,\"statement_bytes\":0,\"cache_hits\":1,\"cache_misses\":6,\"cache_writes\":0},{\"cache_bytes\":5120,\"statement_bytes\":0,\"cache_hits\":1,\"cache_misses\":6,\"cache_writes\":0},{\"cache_bytes\":5120,\"statement_bytes\":0,\"cache_hits\":1,\"cache_misses\":6,\"cache_writes\":0},{\"cache_bytes\":5120,\"statement_bytes\":0,\"cache_hits\":1,\"cache_misses\":6,\"cache_writes\":0},{\"cache_bytes\":2450944,\"statement_bytes\":222048,\"cache_hits\":19679,\"cache_misses\":2184,\"cache_writes\":0}]},\"sqlite_busy_errors\":0,\"blocking_threads\":1,\"blocking_threads_peak\":1,\"blocking_active\":0,\"blocking_queued\":0,\"scrypt_active\":0,\"scrypt_peak\":1}"},"target":"snowtime_axum"}
same bytes                 settings boolean string revival, member (200, 528 bytes)
same bytes                 settings no-op retains all fields, member (200, 528 bytes)
same bytes                 settings PUT zone "UTC" (200, 528 bytes)
same bytes                 settings PUT zone "utc" (200, 528 bytes)
same bytes                 settings PUT zone "US/Eastern" (200, 528 bytes)
same bytes                 settings PUT zone "Etc/GMT+2" (200, 528 bytes)
same bytes                 settings PUT zone "America/Argentina/Buenos_Aires" (200, 528 bytes)
same bytes                 settings PUT zone "+02:00" (400, 63 bytes)
same bytes                 settings PUT zone "" (400, 63 bytes)
same bytes                 settings PUT zone "Factory" (400, 42 bytes)
same bytes                 settings PUT zone "Z" (400, 42 bytes)
same bytes                 settings PUT zone "UTC\n" (400, 63 bytes)
same bytes                 settings PUT zone "Europe/Tallinn; DROP" (400, 63 bytes)
same bytes                 settings PUT signed out (401, 61 bytes)
same bytes                 settings PATCH signed out (401, 61 bytes)
same bytes                 settings session before JSON (401, 61 bytes)
same bytes                 entries row {"group":"project","id":"none"} (200, 3219 bytes)
same bytes                 totals row {"group":"project","id":"none"} (200, 28 bytes)
same bytes                 entries row {"group":"team","id":"01900000-0000-7000-8001-000000000202"} (200, 27513 bytes)
same bytes                 totals row {"group":"team","id":"01900000-0000-7000-8001-000000000202"} (200, 30 bytes)
same bytes                 entries row {"group":"team","id":"none"} (200, 3370 bytes)
same bytes                 totals row {"group":"team","id":"none"} (200, 28 bytes)
same bytes                 entries row {"group":"team","id":"0192f3a4-5b6c-7d8e-9f01-23456789abcd"} (200, 48 bytes)
same bytes                 totals row {"group":"team","id":"0192f3a4-5b6c-7d8e-9f01-23456789abcd"} (200, 21 bytes)
same bytes                 entries row {"group":"member","id":"01900000-0000-7000-8001-000000001004"} (200, 5475 bytes)
same bytes                 totals row {"group":"member","id":"01900000-0000-7000-8001-000000001004"} (200, 29 bytes)
same bytes                 entries row {"group":"ticket","id":"none"} (200, 25105 bytes)
same bytes                 totals row {"group":"ticket","id":"none"} (200, 31 bytes)
same bytes                 entries row {"group":"ticket","id":"LUM-1"} (200, 48 bytes)
same bytes                 totals row {"group":"ticket","id":"LUM-1"} (200, 21 bytes)
same bytes                 description case and accent ties (200, 883 bytes)
same bytes                 entries cursor page (200, 1378 bytes)
same bytes                 entries cursor page (200, 41626 bytes)
same bytes                 entries cursor page (200, 39135 bytes)
same bytes                 entries cursor page (200, 34683 bytes)
same bytes                 entries cursor page (200, 34718 bytes)
same bytes                 entries cursor page (200, 12158 bytes)
same bytes                 stop id absent (400, 75 bytes)
same bytes                 start description absent (400, 35 bytes)
same bytes                 entry user absent (400, 82 bytes)
same bytes                 entry start absent (400, 82 bytes)
same bytes                 range from absent (400, 77 bytes)
same bytes                 update description absent (404, 54 bytes)
same bytes                 update start absent (429, 54 bytes)
same bytes                 report from absent (400, 77 bytes)
same bytes                 report unit absent (200, 4494 bytes)
same bytes                 report project absent (200, 4494 bytes)
same bytes                 report tickets absent (200, 4494 bytes)
same bytes                 report team absent (200, 4494 bytes)
same bytes                 breakdown from absent (400, 77 bytes)
same bytes                 entries report absent (400, 79 bytes)
same bytes                 entries view absent (400, 77 bytes)
same bytes                 entries row absent (200, 1378 bytes)
same bytes                 entries cursor absent (200, 1378 bytes)
same bytes                 entries offset absent (200, 6172 bytes)
same bytes                 totals report absent (400, 79 bytes)
same bytes                 totals row id absent (400, 75 bytes)
same bytes                 export report absent (400, 79 bytes)
same bytes                 export from absent (400, 77 bytes)
same bytes                 export now absent (200, 54552 bytes)
same bytes                 stop id null (429, 54 bytes)
same bytes                 start description null (429, 54 bytes)
same bytes                 entry user null (429, 54 bytes)
same bytes                 entry start null (429, 54 bytes)
same bytes                 range from null (400, 81 bytes)
same bytes                 update description null (429, 54 bytes)
same bytes                 update start null (429, 54 bytes)
same bytes                 report from null (400, 71 bytes)
same bytes                 report unit null (400, 85 bytes)
same bytes                 report project null (400, 84 bytes)
same bytes                 report tickets null (400, 69 bytes)
same bytes                 report team null (400, 71 bytes)
same bytes                 breakdown from null (400, 71 bytes)
same bytes                 entries report null (400, 71 bytes)
same bytes                 entries view null (400, 92 bytes)
same bytes                 entries row null (400, 71 bytes)
same bytes                 entries cursor null (400, 71 bytes)
same bytes                 entries offset null (400, 71 bytes)
same bytes                 totals report null (400, 71 bytes)
same bytes                 totals row id null (400, 71 bytes)
same bytes                 export report null (400, 71 bytes)
same bytes                 export from null (400, 71 bytes)
same bytes                 export now null (400, 69 bytes)
same bytes                 stop id 3 (429, 54 bytes)
same bytes                 start description 3 (429, 54 bytes)
same bytes                 entry user 3 (429, 54 bytes)
same bytes                 entry start 3 (429, 54 bytes)
same bytes                 range from 3 (400, 59 bytes)
same bytes                 update description 3 (429, 54 bytes)
same bytes                 update start 3 (429, 54 bytes)
same bytes                 report from 3 (400, 68 bytes)
same bytes                 report unit 3 (400, 82 bytes)
same bytes                 report project 3 (400, 81 bytes)
same bytes                 report tickets 3 (400, 66 bytes)
same bytes                 report team 3 (400, 68 bytes)
same bytes                 breakdown from 3 (400, 68 bytes)
same bytes                 entries report 3 (400, 68 bytes)
same bytes                 entries view 3 (400, 89 bytes)
same bytes                 entries row 3 (400, 68 bytes)
same bytes                 entries cursor 3 (400, 68 bytes)
same bytes                 entries offset 3 (200, 33293 bytes)
same bytes                 totals report 3 (400, 68 bytes)
same bytes                 totals row id 3 (400, 68 bytes)
same bytes                 export report 3 (400, 68 bytes)
same bytes                 export from 3 (400, 68 bytes)
same bytes                 export now 3 (400, 66 bytes)
same bytes                 stop id true (429, 54 bytes)
same bytes                 start description true (429, 54 bytes)
same bytes                 entry user true (429, 54 bytes)
same bytes                 entry start true (429, 54 bytes)
same bytes                 range from true (400, 81 bytes)
same bytes                 update description true (429, 54 bytes)
same bytes                 update start true (429, 54 bytes)
same bytes                 report from true (400, 71 bytes)
same bytes                 report unit true (400, 85 bytes)
same bytes                 report project true (400, 84 bytes)
same bytes                 report tickets true (200, 7085 bytes)
same bytes                 report team true (400, 71 bytes)
same bytes                 breakdown from true (400, 71 bytes)
same bytes                 entries report true (400, 71 bytes)
same bytes                 entries view true (400, 92 bytes)
same bytes                 entries row true (400, 71 bytes)
same bytes                 entries cursor true (400, 71 bytes)
same bytes                 entries offset true (400, 71 bytes)
same bytes                 totals report true (400, 71 bytes)
same bytes                 totals row id true (400, 71 bytes)
same bytes                 export report true (400, 71 bytes)
same bytes                 export from true (400, 71 bytes)
same bytes                 export now true (400, 69 bytes)
same bytes                 stop id false (429, 54 bytes)
same bytes                 start description false (429, 54 bytes)
same bytes                 entry user false (429, 54 bytes)
same bytes                 entry start false (429, 54 bytes)
same bytes                 range from false (400, 81 bytes)
same bytes                 update description false (429, 54 bytes)
same bytes                 update start false (429, 54 bytes)
same bytes                 report from false (400, 72 bytes)
same bytes                 report unit false (400, 86 bytes)
same bytes                 report project false (400, 85 bytes)
same bytes                 report tickets false (400, 70 bytes)
same bytes                 report team false (400, 72 bytes)
same bytes                 breakdown from false (400, 72 bytes)
same bytes                 entries report false (400, 72 bytes)
same bytes                 entries view false (400, 93 bytes)
same bytes                 entries row false (400, 72 bytes)
same bytes                 entries cursor false (400, 72 bytes)
same bytes                 entries offset false (400, 72 bytes)
same bytes                 totals report false (400, 72 bytes)
same bytes                 totals row id false (400, 72 bytes)
same bytes                 export report false (400, 72 bytes)
same bytes                 export from false (400, 72 bytes)
same bytes                 export now false (400, 70 bytes)
same bytes                 stop id [] (429, 54 bytes)
same bytes                 start description [] (429, 54 bytes)
same bytes                 entry user [] (429, 54 bytes)
same bytes                 entry start [] (429, 54 bytes)
same bytes                 range from [] (400, 81 bytes)
same bytes                 update description [] (429, 54 bytes)
same bytes                 update start [] (429, 54 bytes)
same bytes                 report from [] (400, 72 bytes)
same bytes                 report unit [] (400, 86 bytes)
same bytes                 report project [] (400, 85 bytes)
same bytes                 report tickets [] (400, 70 bytes)
same bytes                 report team [] (400, 72 bytes)
same bytes                 breakdown from [] (400, 72 bytes)
same bytes                 entries report [] (400, 77 bytes)
same bytes                 entries view [] (400, 93 bytes)
same bytes                 entries row [] (400, 120 bytes)
same bytes                 entries cursor [] (400, 77 bytes)
same bytes                 entries offset [] (400, 72 bytes)
same bytes                 totals report [] (400, 77 bytes)
same bytes                 totals row id [] (400, 72 bytes)
same bytes                 export report [] (400, 77 bytes)
same bytes                 export from [] (400, 72 bytes)
same bytes                 export now [] (400, 70 bytes)
same bytes                 stop id {} (429, 54 bytes)
same bytes                 start description {} (429, 54 bytes)
same bytes                 entry user {} (429, 54 bytes)
same bytes                 entry start {} (429, 54 bytes)
same bytes                 range from {} (400, 81 bytes)
same bytes                 update description {} (429, 54 bytes)
same bytes                 update start {} (429, 54 bytes)
same bytes                 report from {} (400, 73 bytes)
same bytes                 report unit {} (400, 87 bytes)
same bytes                 report project {} (400, 86 bytes)
same bytes                 report tickets {} (400, 71 bytes)
same bytes                 report team {} (400, 73 bytes)
same bytes                 breakdown from {} (400, 73 bytes)
same bytes                 entries report {} (400, 77 bytes)
same bytes                 entries view {} (400, 94 bytes)
same bytes                 entries row {} (400, 120 bytes)
same bytes                 entries cursor {} (400, 77 bytes)
same bytes                 entries offset {} (400, 73 bytes)
same bytes                 totals report {} (400, 77 bytes)
same bytes                 totals row id {} (400, 73 bytes)
same bytes                 export report {} (400, 77 bytes)
same bytes                 export from {} (400, 73 bytes)
same bytes                 export now {} (400, 71 bytes)
same bytes                 stop id "bad" (429, 54 bytes)
same bytes                 start description "bad" (429, 54 bytes)
same bytes                 entry user "bad" (429, 54 bytes)
same bytes                 entry start "bad" (429, 54 bytes)
same bytes                 range from "bad" (400, 81 bytes)
same bytes                 update description "bad" (429, 54 bytes)
same bytes                 update start "bad" (429, 54 bytes)
same bytes                 report from "bad" (400, 54 bytes)
same bytes                 report unit "bad" (400, 88 bytes)
same bytes                 report project "bad" (400, 35 bytes)
same bytes                 report tickets "bad" (400, 72 bytes)
same bytes                 report team "bad" (400, 35 bytes)
same bytes                 breakdown from "bad" (400, 54 bytes)
same bytes                 entries report "bad" (400, 74 bytes)
same bytes                 entries view "bad" (400, 95 bytes)
same bytes                 entries row "bad" (400, 74 bytes)
same bytes                 entries cursor "bad" (400, 74 bytes)
same bytes                 entries offset "bad" (400, 74 bytes)
same bytes                 totals report "bad" (400, 74 bytes)
same bytes                 totals row id "bad" (400, 35 bytes)
same bytes                 export report "bad" (400, 74 bytes)
same bytes                 export from "bad" (400, 54 bytes)
same bytes                 export now "bad" (400, 81 bytes)
same bytes                 stop id "none" (429, 54 bytes)
same bytes                 start description "none" (429, 54 bytes)
same bytes                 entry user "none" (429, 54 bytes)
same bytes                 entry start "none" (429, 54 bytes)
same bytes                 range from "none" (400, 81 bytes)
same bytes                 update description "none" (429, 54 bytes)
same bytes                 update start "none" (429, 54 bytes)
same bytes                 report from "none" (400, 54 bytes)
same bytes                 report unit "none" (400, 89 bytes)
same bytes                 report project "none" (200, 1507 bytes)
same bytes                 report tickets "none" (400, 73 bytes)
same bytes                 report team "none" (400, 35 bytes)
same bytes                 breakdown from "none" (400, 54 bytes)
same bytes                 entries report "none" (400, 75 bytes)
same bytes                 entries view "none" (400, 96 bytes)
same bytes                 entries row "none" (400, 75 bytes)
same bytes                 entries cursor "none" (400, 75 bytes)
same bytes                 entries offset "none" (400, 75 bytes)
same bytes                 totals report "none" (400, 75 bytes)
same bytes                 totals row id "none" (400, 35 bytes)
same bytes                 export report "none" (400, 75 bytes)
same bytes                 export from "none" (400, 54 bytes)
same bytes                 export now "none" (400, 81 bytes)
same bytes                 stop id "2026-13-01" (429, 54 bytes)
same bytes                 start description "2026-13-01" (429, 54 bytes)
same bytes                 entry user "2026-13-01" (429, 54 bytes)
same bytes                 entry start "2026-13-01" (429, 54 bytes)
same bytes                 range from "2026-13-01" (400, 81 bytes)
same bytes                 update description "2026-13-01" (429, 54 bytes)
same bytes                 update start "2026-13-01" (429, 54 bytes)
same bytes                 report from "2026-13-01" (400, 54 bytes)
same bytes                 report unit "2026-13-01" (400, 95 bytes)
same bytes                 report project "2026-13-01" (400, 35 bytes)
same bytes                 report tickets "2026-13-01" (400, 79 bytes)
same bytes                 report team "2026-13-01" (400, 35 bytes)
same bytes                 breakdown from "2026-13-01" (400, 54 bytes)
same bytes                 entries report "2026-13-01" (400, 81 bytes)
same bytes                 entries view "2026-13-01" (400, 102 bytes)
same bytes                 entries row "2026-13-01" (400, 81 bytes)
same bytes                 entries cursor "2026-13-01" (400, 81 bytes)
same bytes                 entries offset "2026-13-01" (400, 81 bytes)
same bytes                 totals report "2026-13-01" (400, 81 bytes)
same bytes                 totals row id "2026-13-01" (400, 35 bytes)
same bytes                 export report "2026-13-01" (400, 81 bytes)
same bytes                 export from "2026-13-01" (400, 54 bytes)
same bytes                 export now "2026-13-01" (400, 81 bytes)
same bytes                 malformed JSON (429, 54 bytes)
same bytes                 session before JSON (401, 61 bytes)
same bytes                 origin before JSON (403, 53 bytes)
same bytes                 scope before JSON (429, 54 bytes)
same bytes                 report reads without an origin (200, 4494 bytes)
same bytes                 path over body (429, 54 bytes)
same bytes                 settings fresh user, empty patch before creation (404, 57 bytes)
same bytes                 settings fresh user, patch before creation (404, 57 bytes)
same bytes                 settings fresh user, wrong collection before missing settings (422, 64 bytes)
same bytes                 settings fresh user, valid pin before missing settings (404, 57 bytes)
same bytes                 settings fresh user, invalid PUT before creation (400, 63 bytes)
same bytes                 settings fresh user, first PUT with default locale (200, 519 bytes)
same bytes                 settings fresh user, second PUT ignores input (200, 519 bytes)
same bytes                 settings fresh user, new settings patch (200, 523 bytes)
same bytes                 settings fresh user, new settings selects collection (200, 515 bytes)
same bytes                 settings fresh user, new settings no-op (200, 515 bytes)
{"timestamp":"2026-10-08T10:33:01.615156Z","level":"INFO","fields":{"message":"bench counters","renderers":1,"render_queued":0,"render_busy_answers":0,"database":"{\"read_admission\":{\"active\":0,\"queued\":0,\"limit\":10},\"write_admission\":{\"active\":0,\"queued\":0,\"limit\":1},\"hash_admission\":{\"active\":1,\"queued\":0,\"limit\":10},\"report_admission\":{\"active\":0,\"queued\":0,\"limit\":2},\"writer\":{\"cache_bytes\":96512,\"statement_bytes\":538032,\"cache_hits\":1908,\"cache_misses\":49,\"cache_writes\":73},\"readers\":{\"idle\":10,\"connections\":[{\"cache_bytes\":5120,\"statement_bytes\":0,\"cache_hits\":1,\"cache_misses\":6,\"cache_writes\":0},{\"cache_bytes\":5120,\"statement_bytes\":0,\"cache_hits\":1,\"cache_misses\":6,\"cache_writes\":0},{\"cache_bytes\":5120,\"statement_bytes\":0,\"cache_hits\":1,\"cache_misses\":6,\"cache_writes\":0},{\"cache_bytes\":5120,\"statement_bytes\":0,\"cache_hits\":1,\"cache_misses\":6,\"cache_writes\":0},{\"cache_bytes\":5120,\"statement_bytes\":0,\"cache_hits\":1,\"cache_misses\":6,\"cache_writes\":0},{\"cache_bytes\":5120,\"statement_bytes\":0,\"cache_hits\":1,\"cache_misses\":6,\"cache_writes\":0},{\"cache_bytes\":5120,\"statement_bytes\":0,\"cache_hits\":1,\"cache_misses\":6,\"cache_writes\":0},{\"cache_bytes\":5120,\"statement_bytes\":0,\"cache_hits\":1,\"cache_misses\":6,\"cache_writes\":0},{\"cache_bytes\":5120,\"statement_bytes\":0,\"cache_hits\":1,\"cache_misses\":6,\"cache_writes\":0},{\"cache_bytes\":566528,\"statement_bytes\":351744,\"cache_hits\":25499,\"cache_misses\":2313,\"cache_writes\":0}]},\"sqlite_busy_errors\":0,\"blocking_threads\":1,\"blocking_threads_peak\":1,\"blocking_active\":0,\"blocking_queued\":0,\"scrypt_active\":1,\"scrypt_peak\":1}"},"target":"snowtime_axum"}
same bytes                 sign-in, no origin or cookie (401, 74 bytes)
same bytes                 sign-in, app origin (401, 74 bytes)
same bytes                 sign-in, foreign origin (403, 52 bytes)
same bytes                 sign-in, app referer (401, 74 bytes)
same bytes                 sign-in, cookie without origin (403, 68 bytes)
same bytes                 sign-in, cookie and foreign origin (403, 52 bytes)
{"timestamp":"2026-10-08T10:33:02.617681Z","level":"INFO","fields":{"message":"bench counters","renderers":1,"render_queued":0,"render_busy_answers":0,"database":"{\"read_admission\":{\"active\":0,\"queued\":0,\"limit\":10},\"write_admission\":{\"active\":0,\"queued\":0,\"limit\":1},\"hash_admission\":{\"active\":1,\"queued\":0,\"limit\":10},\"report_admission\":{\"active\":0,\"queued\":0,\"limit\":2},\"writer\":{\"cache_bytes\":96512,\"statement_bytes\":538032,\"cache_hits\":1926,\"cache_misses\":49,\"cache_writes\":73},\"readers\":{\"idle\":10,\"connections\":[{\"cache_bytes\":5120,\"statement_bytes\":0,\"cache_hits\":1,\"cache_misses\":6,\"cache_writes\":0},{\"cache_bytes\":5120,\"statement_bytes\":0,\"cache_hits\":1,\"cache_misses\":6,\"cache_writes\":0},{\"cache_bytes\":5120,\"statement_bytes\":0,\"cache_hits\":1,\"cache_misses\":6,\"cache_writes\":0},{\"cache_bytes\":5120,\"statement_bytes\":0,\"cache_hits\":1,\"cache_misses\":6,\"cache_writes\":0},{\"cache_bytes\":5120,\"statement_bytes\":0,\"cache_hits\":1,\"cache_misses\":6,\"cache_writes\":0},{\"cache_bytes\":5120,\"statement_bytes\":0,\"cache_hits\":1,\"cache_misses\":6,\"cache_writes\":0},{\"cache_bytes\":5120,\"statement_bytes\":0,\"cache_hits\":1,\"cache_misses\":6,\"cache_writes\":0},{\"cache_bytes\":5120,\"statement_bytes\":0,\"cache_hits\":1,\"cache_misses\":6,\"cache_writes\":0},{\"cache_bytes\":5120,\"statement_bytes\":0,\"cache_hits\":1,\"cache_misses\":6,\"cache_writes\":0},{\"cache_bytes\":566528,\"statement_bytes\":351744,\"cache_hits\":25499,\"cache_misses\":2313,\"cache_writes\":0}]},\"sqlite_busy_errors\":0,\"blocking_threads\":1,\"blocking_threads_peak\":1,\"blocking_active\":0,\"blocking_queued\":0,\"scrypt_active\":1,\"scrypt_peak\":1}"},"target":"snowtime_axum"}
same bytes                 sign-in, cookie and app referer (401, 74 bytes)
same bytes                 sign-in, cross-site navigation (403, 137 bytes)
same bytes                 sign-in, fetch without origin (403, 68 bytes)
same bytes                 sign-in, malformed body (400, 63 bytes)
same bytes                 sign-in, malformed body, foreign origin (400, 63 bytes)
same bytes                 sign-in, malformed body, cookie and foreign origin (400, 63 bytes)
same bytes                 sign-in, empty body (400, 171 bytes)
same bytes                 sign-in, empty body, cookie and foreign origin (403, 52 bytes)
same bytes                 sign-in, empty body, foreign origin (400, 171 bytes)
same bytes                 sign-in, body not an object (400, 94 bytes)
same bytes                 sign-in, null body (400, 92 bytes)
same bytes                 sign-in, wrong types (400, 230 bytes)
same bytes                 sign-in, invalid email (400, 50 bytes)
same bytes                 sign-out, malformed JSON (400, 95 bytes)
same bytes                 sign-out, cookie without origin (403, 100 bytes)
same bytes                 sign-out, foreign origin (403, 84 bytes)
same bytes                 sign-out, malformed JSON before origin (400, 95 bytes)
same bytes                 sign-out, wrong types (400, 205 bytes)
same bytes                 sign-out, foreign callback (403, 95 bytes)
same bytes                 sign-out, callback type before schema (400, 80 bytes)
same bytes                 sign-out, unsafe relative callback (403, 95 bytes)
same bytes                 sign-out, array body (400, 125 bytes)
same bytes                 sign-out, null body (400, 124 bytes)
same bytes                 sign-out, signed out (200, 256 bytes)
same bytes                 sign-out, invalid cookie (200, 256 bytes)
same bytes                 sign-out, owner (200, 327 bytes)
same bytes                 sign-out, member and cached chunks (200, 473 bytes)
same bytes                 session after admin signs out (200, 4 bytes)
same bytes                 session after member signs out (200, 4 bytes)
{"timestamp":"2026-10-08T10:33:03.140777Z","level":"INFO","fields":{"message":"sized the renderers","limit_mib":32768,"source":"physical memory","cpus":10,"renderers":10,"heap_mib":128,"semi_space_mib":32},"target":"snowtime_axum"}
{"timestamp":"2026-10-08T10:33:03.141568Z","level":"INFO","fields":{"message":"listening","address":"127.0.0.1:64638","tls":false},"target":"snowtime_axum"}
same bytes                 production, getSignInMethods (200, 11 bytes)
same bytes                 production, getDeployment (200, 38 bytes)
same bytes                 production, getDevUsers (200, 2 bytes)
{"timestamp":"2026-10-08T10:33:03.619970Z","level":"INFO","fields":{"message":"bench counters","renderers":1,"render_queued":0,"render_busy_answers":0,"database":"{\"read_admission\":{\"active\":0,\"queued\":0,\"limit\":10},\"write_admission\":{\"active\":0,\"queued\":0,\"limit\":1},\"hash_admission\":{\"active\":0,\"queued\":0,\"limit\":10},\"report_admission\":{\"active\":0,\"queued\":0,\"limit\":2},\"writer\":{\"cache_bytes\":96512,\"statement_bytes\":542048,\"cache_hits\":1936,\"cache_misses\":49,\"cache_writes\":81},\"readers\":{\"idle\":10,\"connections\":[{\"cache_bytes\":5120,\"statement_bytes\":0,\"cache_hits\":1,\"cache_misses\":6,\"cache_writes\":0},{\"cache_bytes\":5120,\"statement_bytes\":0,\"cache_hits\":1,\"cache_misses\":6,\"cache_writes\":0},{\"cache_bytes\":5120,\"statement_bytes\":0,\"cache_hits\":1,\"cache_misses\":6,\"cache_writes\":0},{\"cache_bytes\":5120,\"statement_bytes\":0,\"cache_hits\":1,\"cache_misses\":6,\"cache_writes\":0},{\"cache_bytes\":5120,\"statement_bytes\":0,\"cache_hits\":1,\"cache_misses\":6,\"cache_writes\":0},{\"cache_bytes\":5120,\"statement_bytes\":0,\"cache_hits\":1,\"cache_misses\":6,\"cache_writes\":0},{\"cache_bytes\":5120,\"statement_bytes\":0,\"cache_hits\":1,\"cache_misses\":6,\"cache_writes\":0},{\"cache_bytes\":5120,\"statement_bytes\":0,\"cache_hits\":1,\"cache_misses\":6,\"cache_writes\":0},{\"cache_bytes\":5120,\"statement_bytes\":0,\"cache_hits\":1,\"cache_misses\":6,\"cache_writes\":0},{\"cache_bytes\":13824,\"statement_bytes\":351744,\"cache_hits\":25501,\"cache_misses\":2315,\"cache_writes\":0}]},\"sqlite_busy_errors\":0,\"blocking_threads\":1,\"blocking_threads_peak\":1,\"blocking_active\":0,\"blocking_queued\":0,\"scrypt_active\":0,\"scrypt_peak\":1}"},"target":"snowtime_axum"}
{"timestamp":"2026-10-08T10:33:04.143730Z","level":"INFO","fields":{"message":"bench counters","renderers":1,"render_queued":0,"render_busy_answers":0,"database":"{\"read_admission\":{\"active\":0,\"queued\":0,\"limit\":10},\"write_admission\":{\"active\":0,\"queued\":0,\"limit\":1},\"hash_admission\":{\"active\":0,\"queued\":0,\"limit\":10},\"report_admission\":{\"active\":0,\"queued\":0,\"limit\":2},\"writer\":{\"cache_bytes\":26880,\"statement_bytes\":0,\"cache_hits\":3,\"cache_misses\":5,\"cache_writes\":1},\"readers\":{\"idle\":10,\"connections\":[{\"cache_bytes\":26880,\"statement_bytes\":0,\"cache_hits\":1,\"cache_misses\":6,\"cache_writes\":0},{\"cache_bytes\":26880,\"statement_bytes\":0,\"cache_hits\":1,\"cache_misses\":6,\"cache_writes\":0},{\"cache_bytes\":26880,\"statement_bytes\":0,\"cache_hits\":1,\"cache_misses\":6,\"cache_writes\":0},{\"cache_bytes\":26880,\"statement_bytes\":0,\"cache_hits\":1,\"cache_misses\":6,\"cache_writes\":0},{\"cache_bytes\":26880,\"statement_bytes\":0,\"cache_hits\":1,\"cache_misses\":6,\"cache_writes\":0},{\"cache_bytes\":26880,\"statement_bytes\":0,\"cache_hits\":1,\"cache_misses\":6,\"cache_writes\":0},{\"cache_bytes\":26880,\"statement_bytes\":0,\"cache_hits\":1,\"cache_misses\":6,\"cache_writes\":0},{\"cache_bytes\":26880,\"statement_bytes\":0,\"cache_hits\":1,\"cache_misses\":6,\"cache_writes\":0},{\"cache_bytes\":26880,\"statement_bytes\":0,\"cache_hits\":1,\"cache_misses\":6,\"cache_writes\":0},{\"cache_bytes\":26880,\"statement_bytes\":0,\"cache_hits\":1,\"cache_misses\":6,\"cache_writes\":0}]},\"sqlite_busy_errors\":0,\"blocking_threads\":1,\"blocking_threads_peak\":1,\"blocking_active\":0,\"blocking_queued\":0,\"scrypt_active\":0,\"scrypt_peak\":0}"},"target":"snowtime_axum"}
{"timestamp":"2026-10-08T10:33:04.515704Z","level":"INFO","fields":{"message":"sized the renderers","limit_mib":32768,"source":"physical memory","cpus":10,"renderers":10,"heap_mib":128,"semi_space_mib":32},"target":"snowtime_axum"}
{"timestamp":"2026-10-08T10:33:04.516482Z","level":"INFO","fields":{"message":"listening","address":"127.0.0.1:64644","tls":false},"target":"snowtime_axum"}
same bytes                 demo, getSignInMethods (200, 22 bytes)
same bytes                 demo, getDeployment (200, 37 bytes)
same bytes                 demo, getDevUsers (200, 976 bytes)
{"timestamp":"2026-10-08T10:33:04.622169Z","level":"INFO","fields":{"message":"bench counters","renderers":1,"render_queued":0,"render_busy_answers":0,"database":"{\"read_admission\":{\"active\":0,\"queued\":0,\"limit\":10},\"write_admission\":{\"active\":0,\"queued\":0,\"limit\":1},\"hash_admission\":{\"active\":0,\"queued\":0,\"limit\":10},\"report_admission\":{\"active\":0,\"queued\":0,\"limit\":2},\"writer\":{\"cache_bytes\":96512,\"statement_bytes\":542048,\"cache_hits\":1936,\"cache_misses\":49,\"cache_writes\":81},\"readers\":{\"idle\":10,\"connections\":[{\"cache_bytes\":5120,\"statement_bytes\":0,\"cache_hits\":1,\"cache_misses\":6,\"cache_writes\":0},{\"cache_bytes\":5120,\"statement_bytes\":0,\"cache_hits\":1,\"cache_misses\":6,\"cache_writes\":0},{\"cache_bytes\":5120,\"statement_bytes\":0,\"cache_hits\":1,\"cache_misses\":6,\"cache_writes\":0},{\"cache_bytes\":5120,\"statement_bytes\":0,\"cache_hits\":1,\"cache_misses\":6,\"cache_writes\":0},{\"cache_bytes\":5120,\"statement_bytes\":0,\"cache_hits\":1,\"cache_misses\":6,\"cache_writes\":0},{\"cache_bytes\":5120,\"statement_bytes\":0,\"cache_hits\":1,\"cache_misses\":6,\"cache_writes\":0},{\"cache_bytes\":5120,\"statement_bytes\":0,\"cache_hits\":1,\"cache_misses\":6,\"cache_writes\":0},{\"cache_bytes\":5120,\"statement_bytes\":0,\"cache_hits\":1,\"cache_misses\":6,\"cache_writes\":0},{\"cache_bytes\":5120,\"statement_bytes\":0,\"cache_hits\":1,\"cache_misses\":6,\"cache_writes\":0},{\"cache_bytes\":13824,\"statement_bytes\":351744,\"cache_hits\":25501,\"cache_misses\":2315,\"cache_writes\":0}]},\"sqlite_busy_errors\":0,\"blocking_threads\":1,\"blocking_threads_peak\":1,\"blocking_active\":0,\"blocking_queued\":0,\"scrypt_active\":0,\"scrypt_peak\":1}"},"target":"snowtime_axum"}
{"timestamp":"2026-10-08T10:33:05.516559Z","level":"INFO","fields":{"message":"bench counters","renderers":1,"render_queued":0,"render_busy_answers":0,"database":"{\"read_admission\":{\"active\":0,\"queued\":0,\"limit\":10},\"write_admission\":{\"active\":0,\"queued\":0,\"limit\":1},\"hash_admission\":{\"active\":0,\"queued\":0,\"limit\":10},\"report_admission\":{\"active\":0,\"queued\":0,\"limit\":2},\"writer\":{\"cache_bytes\":26880,\"statement_bytes\":0,\"cache_hits\":3,\"cache_misses\":5,\"cache_writes\":1},\"readers\":{\"idle\":10,\"connections\":[{\"cache_bytes\":26880,\"statement_bytes\":0,\"cache_hits\":1,\"cache_misses\":6,\"cache_writes\":0},{\"cache_bytes\":26880,\"statement_bytes\":0,\"cache_hits\":1,\"cache_misses\":6,\"cache_writes\":0},{\"cache_bytes\":26880,\"statement_bytes\":0,\"cache_hits\":1,\"cache_misses\":6,\"cache_writes\":0},{\"cache_bytes\":26880,\"statement_bytes\":0,\"cache_hits\":1,\"cache_misses\":6,\"cache_writes\":0},{\"cache_bytes\":26880,\"statement_bytes\":0,\"cache_hits\":1,\"cache_misses\":6,\"cache_writes\":0},{\"cache_bytes\":26880,\"statement_bytes\":0,\"cache_hits\":1,\"cache_misses\":6,\"cache_writes\":0},{\"cache_bytes\":26880,\"statement_bytes\":0,\"cache_hits\":1,\"cache_misses\":6,\"cache_writes\":0},{\"cache_bytes\":26880,\"statement_bytes\":0,\"cache_hits\":1,\"cache_misses\":6,\"cache_writes\":0},{\"cache_bytes\":26880,\"statement_bytes\":0,\"cache_hits\":1,\"cache_misses\":6,\"cache_writes\":0},{\"cache_bytes\":31232,\"statement_bytes\":2752,\"cache_hits\":2,\"cache_misses\":7,\"cache_writes\":0}]},\"sqlite_busy_errors\":0,\"blocking_threads\":1,\"blocking_threads_peak\":1,\"blocking_active\":0,\"blocking_queued\":0,\"scrypt_active\":0,\"scrypt_peak\":0}"},"target":"snowtime_axum"}
{"timestamp":"2026-10-08T10:33:05.625052Z","level":"INFO","fields":{"message":"bench counters","renderers":1,"render_queued":0,"render_busy_answers":0,"database":"{\"read_admission\":{\"active\":0,\"queued\":0,\"limit\":10},\"write_admission\":{\"active\":0,\"queued\":0,\"limit\":1},\"hash_admission\":{\"active\":0,\"queued\":0,\"limit\":10},\"report_admission\":{\"active\":0,\"queued\":0,\"limit\":2},\"writer\":{\"cache_bytes\":96512,\"statement_bytes\":542048,\"cache_hits\":1936,\"cache_misses\":49,\"cache_writes\":81},\"readers\":{\"idle\":10,\"connections\":[{\"cache_bytes\":5120,\"statement_bytes\":0,\"cache_hits\":1,\"cache_misses\":6,\"cache_writes\":0},{\"cache_bytes\":5120,\"statement_bytes\":0,\"cache_hits\":1,\"cache_misses\":6,\"cache_writes\":0},{\"cache_bytes\":5120,\"statement_bytes\":0,\"cache_hits\":1,\"cache_misses\":6,\"cache_writes\":0},{\"cache_bytes\":5120,\"statement_bytes\":0,\"cache_hits\":1,\"cache_misses\":6,\"cache_writes\":0},{\"cache_bytes\":5120,\"statement_bytes\":0,\"cache_hits\":1,\"cache_misses\":6,\"cache_writes\":0},{\"cache_bytes\":5120,\"statement_bytes\":0,\"cache_hits\":1,\"cache_misses\":6,\"cache_writes\":0},{\"cache_bytes\":5120,\"statement_bytes\":0,\"cache_hits\":1,\"cache_misses\":6,\"cache_writes\":0},{\"cache_bytes\":5120,\"statement_bytes\":0,\"cache_hits\":1,\"cache_misses\":6,\"cache_writes\":0},{\"cache_bytes\":5120,\"statement_bytes\":0,\"cache_hits\":1,\"cache_misses\":6,\"cache_writes\":0},{\"cache_bytes\":13824,\"statement_bytes\":351744,\"cache_hits\":25501,\"cache_misses\":2315,\"cache_writes\":0}]},\"sqlite_busy_errors\":0,\"blocking_threads\":1,\"blocking_threads_peak\":1,\"blocking_active\":0,\"blocking_queued\":0,\"scrypt_active\":0,\"scrypt_peak\":1}"},"target":"snowtime_axum"}
{"timestamp":"2026-10-08T10:33:06.519311Z","level":"INFO","fields":{"message":"bench counters","renderers":1,"render_queued":0,"render_busy_answers":0,"database":"{\"read_admission\":{\"active\":0,\"queued\":0,\"limit\":10},\"write_admission\":{\"active\":0,\"queued\":0,\"limit\":1},\"hash_admission\":{\"active\":0,\"queued\":0,\"limit\":10},\"report_admission\":{\"active\":0,\"queued\":0,\"limit\":2},\"writer\":{\"cache_bytes\":26880,\"statement_bytes\":0,\"cache_hits\":3,\"cache_misses\":5,\"cache_writes\":1},\"readers\":{\"idle\":10,\"connections\":[{\"cache_bytes\":26880,\"statement_bytes\":0,\"cache_hits\":1,\"cache_misses\":6,\"cache_writes\":0},{\"cache_bytes\":26880,\"statement_bytes\":0,\"cache_hits\":1,\"cache_misses\":6,\"cache_writes\":0},{\"cache_bytes\":26880,\"statement_bytes\":0,\"cache_hits\":1,\"cache_misses\":6,\"cache_writes\":0},{\"cache_bytes\":26880,\"statement_bytes\":0,\"cache_hits\":1,\"cache_misses\":6,\"cache_writes\":0},{\"cache_bytes\":26880,\"statement_bytes\":0,\"cache_hits\":1,\"cache_misses\":6,\"cache_writes\":0},{\"cache_bytes\":26880,\"statement_bytes\":0,\"cache_hits\":1,\"cache_misses\":6,\"cache_writes\":0},{\"cache_bytes\":26880,\"statement_bytes\":0,\"cache_hits\":1,\"cache_misses\":6,\"cache_writes\":0},{\"cache_bytes\":26880,\"statement_bytes\":0,\"cache_hits\":1,\"cache_misses\":6,\"cache_writes\":0},{\"cache_bytes\":26880,\"statement_bytes\":0,\"cache_hits\":1,\"cache_misses\":6,\"cache_writes\":0},{\"cache_bytes\":31232,\"statement_bytes\":2752,\"cache_hits\":2,\"cache_misses\":7,\"cache_writes\":0}]},\"sqlite_busy_errors\":0,\"blocking_threads\":1,\"blocking_threads_peak\":1,\"blocking_active\":0,\"blocking_queued\":0,\"scrypt_active\":0,\"scrypt_peak\":0}"},"target":"snowtime_axum"}
{"timestamp":"2026-10-08T10:33:06.628014Z","level":"INFO","fields":{"message":"bench counters","renderers":1,"render_queued":0,"render_busy_answers":0,"database":"{\"read_admission\":{\"active\":0,\"queued\":0,\"limit\":10},\"write_admission\":{\"active\":0,\"queued\":0,\"limit\":1},\"hash_admission\":{\"active\":0,\"queued\":0,\"limit\":10},\"report_admission\":{\"active\":0,\"queued\":0,\"limit\":2},\"writer\":{\"cache_bytes\":96512,\"statement_bytes\":542048,\"cache_hits\":1936,\"cache_misses\":49,\"cache_writes\":81},\"readers\":{\"idle\":10,\"connections\":[{\"cache_bytes\":5120,\"statement_bytes\":0,\"cache_hits\":1,\"cache_misses\":6,\"cache_writes\":0},{\"cache_bytes\":5120,\"statement_bytes\":0,\"cache_hits\":1,\"cache_misses\":6,\"cache_writes\":0},{\"cache_bytes\":5120,\"statement_bytes\":0,\"cache_hits\":1,\"cache_misses\":6,\"cache_writes\":0},{\"cache_bytes\":5120,\"statement_bytes\":0,\"cache_hits\":1,\"cache_misses\":6,\"cache_writes\":0},{\"cache_bytes\":5120,\"statement_bytes\":0,\"cache_hits\":1,\"cache_misses\":6,\"cache_writes\":0},{\"cache_bytes\":5120,\"statement_bytes\":0,\"cache_hits\":1,\"cache_misses\":6,\"cache_writes\":0},{\"cache_bytes\":5120,\"statement_bytes\":0,\"cache_hits\":1,\"cache_misses\":6,\"cache_writes\":0},{\"cache_bytes\":5120,\"statement_bytes\":0,\"cache_hits\":1,\"cache_misses\":6,\"cache_writes\":0},{\"cache_bytes\":5120,\"statement_bytes\":0,\"cache_hits\":1,\"cache_misses\":6,\"cache_writes\":0},{\"cache_bytes\":13824,\"statement_bytes\":351744,\"cache_hits\":25501,\"cache_misses\":2315,\"cache_writes\":0}]},\"sqlite_busy_errors\":0,\"blocking_threads\":1,\"blocking_threads_peak\":1,\"blocking_active\":0,\"blocking_queued\":0,\"scrypt_active\":0,\"scrypt_peak\":1}"},"target":"snowtime_axum"}
{"timestamp":"2026-10-08T10:33:07.521601Z","level":"INFO","fields":{"message":"bench counters","renderers":1,"render_queued":0,"render_busy_answers":0,"database":"{\"read_admission\":{\"active\":0,\"queued\":0,\"limit\":10},\"write_admission\":{\"active\":0,\"queued\":0,\"limit\":1},\"hash_admission\":{\"active\":0,\"queued\":0,\"limit\":10},\"report_admission\":{\"active\":0,\"queued\":0,\"limit\":2},\"writer\":{\"cache_bytes\":26880,\"statement_bytes\":0,\"cache_hits\":3,\"cache_misses\":5,\"cache_writes\":1},\"readers\":{\"idle\":10,\"connections\":[{\"cache_bytes\":26880,\"statement_bytes\":0,\"cache_hits\":1,\"cache_misses\":6,\"cache_writes\":0},{\"cache_bytes\":26880,\"statement_bytes\":0,\"cache_hits\":1,\"cache_misses\":6,\"cache_writes\":0},{\"cache_bytes\":26880,\"statement_bytes\":0,\"cache_hits\":1,\"cache_misses\":6,\"cache_writes\":0},{\"cache_bytes\":26880,\"statement_bytes\":0,\"cache_hits\":1,\"cache_misses\":6,\"cache_writes\":0},{\"cache_bytes\":26880,\"statement_bytes\":0,\"cache_hits\":1,\"cache_misses\":6,\"cache_writes\":0},{\"cache_bytes\":26880,\"statement_bytes\":0,\"cache_hits\":1,\"cache_misses\":6,\"cache_writes\":0},{\"cache_bytes\":26880,\"statement_bytes\":0,\"cache_hits\":1,\"cache_misses\":6,\"cache_writes\":0},{\"cache_bytes\":26880,\"statement_bytes\":0,\"cache_hits\":1,\"cache_misses\":6,\"cache_writes\":0},{\"cache_bytes\":26880,\"statement_bytes\":0,\"cache_hits\":1,\"cache_misses\":6,\"cache_writes\":0},{\"cache_bytes\":31232,\"statement_bytes\":2752,\"cache_hits\":2,\"cache_misses\":7,\"cache_writes\":0}]},\"sqlite_busy_errors\":0,\"blocking_threads\":1,\"blocking_threads_peak\":1,\"blocking_active\":0,\"blocking_queued\":0,\"scrypt_active\":0,\"scrypt_peak\":0}"},"target":"snowtime_axum"}
{"timestamp":"2026-10-08T10:33:07.630245Z","level":"INFO","fields":{"message":"bench counters","renderers":1,"render_queued":0,"render_busy_answers":0,"database":"{\"read_admission\":{\"active\":0,\"queued\":0,\"limit\":10},\"write_admission\":{\"active\":0,\"queued\":0,\"limit\":1},\"hash_admission\":{\"active\":0,\"queued\":0,\"limit\":10},\"report_admission\":{\"active\":0,\"queued\":0,\"limit\":2},\"writer\":{\"cache_bytes\":96512,\"statement_bytes\":542048,\"cache_hits\":1936,\"cache_misses\":49,\"cache_writes\":81},\"readers\":{\"idle\":10,\"connections\":[{\"cache_bytes\":5120,\"statement_bytes\":0,\"cache_hits\":1,\"cache_misses\":6,\"cache_writes\":0},{\"cache_bytes\":5120,\"statement_bytes\":0,\"cache_hits\":1,\"cache_misses\":6,\"cache_writes\":0},{\"cache_bytes\":5120,\"statement_bytes\":0,\"cache_hits\":1,\"cache_misses\":6,\"cache_writes\":0},{\"cache_bytes\":5120,\"statement_bytes\":0,\"cache_hits\":1,\"cache_misses\":6,\"cache_writes\":0},{\"cache_bytes\":5120,\"statement_bytes\":0,\"cache_hits\":1,\"cache_misses\":6,\"cache_writes\":0},{\"cache_bytes\":5120,\"statement_bytes\":0,\"cache_hits\":1,\"cache_misses\":6,\"cache_writes\":0},{\"cache_bytes\":5120,\"statement_bytes\":0,\"cache_hits\":1,\"cache_misses\":6,\"cache_writes\":0},{\"cache_bytes\":5120,\"statement_bytes\":0,\"cache_hits\":1,\"cache_misses\":6,\"cache_writes\":0},{\"cache_bytes\":5120,\"statement_bytes\":0,\"cache_hits\":1,\"cache_misses\":6,\"cache_writes\":0},{\"cache_bytes\":13824,\"statement_bytes\":351744,\"cache_hits\":25501,\"cache_misses\":2315,\"cache_writes\":0}]},\"sqlite_busy_errors\":0,\"blocking_threads\":1,\"blocking_threads_peak\":1,\"blocking_active\":0,\"blocking_queued\":0,\"scrypt_active\":0,\"scrypt_peak\":1}"},"target":"snowtime_axum"}
{"timestamp":"2026-10-08T10:33:08.524133Z","level":"INFO","fields":{"message":"bench counters","renderers":1,"render_queued":0,"render_busy_answers":0,"database":"{\"read_admission\":{\"active\":0,\"queued\":0,\"limit\":10},\"write_admission\":{\"active\":0,\"queued\":0,\"limit\":1},\"hash_admission\":{\"active\":0,\"queued\":0,\"limit\":10},\"report_admission\":{\"active\":0,\"queued\":0,\"limit\":2},\"writer\":{\"cache_bytes\":26880,\"statement_bytes\":0,\"cache_hits\":3,\"cache_misses\":5,\"cache_writes\":1},\"readers\":{\"idle\":10,\"connections\":[{\"cache_bytes\":26880,\"statement_bytes\":0,\"cache_hits\":1,\"cache_misses\":6,\"cache_writes\":0},{\"cache_bytes\":26880,\"statement_bytes\":0,\"cache_hits\":1,\"cache_misses\":6,\"cache_writes\":0},{\"cache_bytes\":26880,\"statement_bytes\":0,\"cache_hits\":1,\"cache_misses\":6,\"cache_writes\":0},{\"cache_bytes\":26880,\"statement_bytes\":0,\"cache_hits\":1,\"cache_misses\":6,\"cache_writes\":0},{\"cache_bytes\":26880,\"statement_bytes\":0,\"cache_hits\":1,\"cache_misses\":6,\"cache_writes\":0},{\"cache_bytes\":26880,\"statement_bytes\":0,\"cache_hits\":1,\"cache_misses\":6,\"cache_writes\":0},{\"cache_bytes\":26880,\"statement_bytes\":0,\"cache_hits\":1,\"cache_misses\":6,\"cache_writes\":0},{\"cache_bytes\":26880,\"statement_bytes\":0,\"cache_hits\":1,\"cache_misses\":6,\"cache_writes\":0},{\"cache_bytes\":26880,\"statement_bytes\":0,\"cache_hits\":1,\"cache_misses\":6,\"cache_writes\":0},{\"cache_bytes\":31232,\"statement_bytes\":2752,\"cache_hits\":2,\"cache_misses\":7,\"cache_writes\":0}]},\"sqlite_busy_errors\":0,\"blocking_threads\":1,\"blocking_threads_peak\":1,\"blocking_active\":0,\"blocking_queued\":0,\"scrypt_active\":0,\"scrypt_peak\":0}"},"target":"snowtime_axum"}
{"timestamp":"2026-10-08T10:33:08.632129Z","level":"INFO","fields":{"message":"bench counters","renderers":1,"render_queued":0,"render_busy_answers":0,"database":"{\"read_admission\":{\"active\":0,\"queued\":0,\"limit\":10},\"write_admission\":{\"active\":0,\"queued\":0,\"limit\":1},\"hash_admission\":{\"active\":0,\"queued\":0,\"limit\":10},\"report_admission\":{\"active\":0,\"queued\":0,\"limit\":2},\"writer\":{\"cache_bytes\":96512,\"statement_bytes\":542048,\"cache_hits\":1936,\"cache_misses\":49,\"cache_writes\":81},\"readers\":{\"idle\":10,\"connections\":[{\"cache_bytes\":5120,\"statement_bytes\":0,\"cache_hits\":1,\"cache_misses\":6,\"cache_writes\":0},{\"cache_bytes\":5120,\"statement_bytes\":0,\"cache_hits\":1,\"cache_misses\":6,\"cache_writes\":0},{\"cache_bytes\":5120,\"statement_bytes\":0,\"cache_hits\":1,\"cache_misses\":6,\"cache_writes\":0},{\"cache_bytes\":5120,\"statement_bytes\":0,\"cache_hits\":1,\"cache_misses\":6,\"cache_writes\":0},{\"cache_bytes\":5120,\"statement_bytes\":0,\"cache_hits\":1,\"cache_misses\":6,\"cache_writes\":0},{\"cache_bytes\":5120,\"statement_bytes\":0,\"cache_hits\":1,\"cache_misses\":6,\"cache_writes\":0},{\"cache_bytes\":5120,\"statement_bytes\":0,\"cache_hits\":1,\"cache_misses\":6,\"cache_writes\":0},{\"cache_bytes\":5120,\"statement_bytes\":0,\"cache_hits\":1,\"cache_misses\":6,\"cache_writes\":0},{\"cache_bytes\":5120,\"statement_bytes\":0,\"cache_hits\":1,\"cache_misses\":6,\"cache_writes\":0},{\"cache_bytes\":13824,\"statement_bytes\":351744,\"cache_hits\":25501,\"cache_misses\":2315,\"cache_writes\":0}]},\"sqlite_busy_errors\":0,\"blocking_threads\":1,\"blocking_threads_peak\":1,\"blocking_active\":0,\"blocking_queued\":0,\"scrypt_active\":0,\"scrypt_peak\":1}"},"target":"snowtime_axum"}
{"timestamp":"2026-10-08T10:33:09.634383Z","level":"INFO","fields":{"message":"bench counters","renderers":1,"render_queued":0,"render_busy_answers":0,"database":"{\"read_admission\":{\"active\":0,\"queued\":0,\"limit\":10},\"write_admission\":{\"active\":0,\"queued\":0,\"limit\":1},\"hash_admission\":{\"active\":0,\"queued\":0,\"limit\":10},\"report_admission\":{\"active\":0,\"queued\":0,\"limit\":2},\"writer\":{\"cache_bytes\":96512,\"statement_bytes\":542048,\"cache_hits\":1936,\"cache_misses\":49,\"cache_writes\":81},\"readers\":{\"idle\":10,\"connections\":[{\"cache_bytes\":5120,\"statement_bytes\":0,\"cache_hits\":1,\"cache_misses\":6,\"cache_writes\":0},{\"cache_bytes\":5120,\"statement_bytes\":0,\"cache_hits\":1,\"cache_misses\":6,\"cache_writes\":0},{\"cache_bytes\":5120,\"statement_bytes\":0,\"cache_hits\":1,\"cache_misses\":6,\"cache_writes\":0},{\"cache_bytes\":5120,\"statement_bytes\":0,\"cache_hits\":1,\"cache_misses\":6,\"cache_writes\":0},{\"cache_bytes\":5120,\"statement_bytes\":0,\"cache_hits\":1,\"cache_misses\":6,\"cache_writes\":0},{\"cache_bytes\":5120,\"statement_bytes\":0,\"cache_hits\":1,\"cache_misses\":6,\"cache_writes\":0},{\"cache_bytes\":5120,\"statement_bytes\":0,\"cache_hits\":1,\"cache_misses\":6,\"cache_writes\":0},{\"cache_bytes\":5120,\"statement_bytes\":0,\"cache_hits\":1,\"cache_misses\":6,\"cache_writes\":0},{\"cache_bytes\":5120,\"statement_bytes\":0,\"cache_hits\":1,\"cache_misses\":6,\"cache_writes\":0},{\"cache_bytes\":13824,\"statement_bytes\":351744,\"cache_hits\":25501,\"cache_misses\":2315,\"cache_writes\":0}]},\"sqlite_busy_errors\":0,\"blocking_threads\":1,\"blocking_threads_peak\":1,\"blocking_active\":0,\"blocking_queued\":0,\"scrypt_active\":0,\"scrypt_peak\":1}"},"target":"snowtime_axum"}
{"timestamp":"2026-10-08T10:33:09.775701Z","level":"INFO","fields":{"message":"sized the renderers","limit_mib":32768,"source":"physical memory","cpus":10,"renderers":10,"heap_mib":128,"semi_space_mib":32},"target":"snowtime_axum"}
{"timestamp":"2026-10-08T10:33:09.776576Z","level":"INFO","fields":{"message":"listening","address":"127.0.0.1:64650","tls":false},"target":"snowtime_axum"}
same bytes                 providers and domains, getSignInMethods (200, 41 bytes)
same bytes                 providers and domains, getDeployment (200, 71 bytes)
same bytes                 providers and domains, getDevUsers (200, 2 bytes)
{"timestamp":"2026-10-08T10:33:10.636347Z","level":"INFO","fields":{"message":"bench counters","renderers":1,"render_queued":0,"render_busy_answers":0,"database":"{\"read_admission\":{\"active\":0,\"queued\":0,\"limit\":10},\"write_admission\":{\"active\":0,\"queued\":0,\"limit\":1},\"hash_admission\":{\"active\":0,\"queued\":0,\"limit\":10},\"report_admission\":{\"active\":0,\"queued\":0,\"limit\":2},\"writer\":{\"cache_bytes\":96512,\"statement_bytes\":542048,\"cache_hits\":1936,\"cache_misses\":49,\"cache_writes\":81},\"readers\":{\"idle\":10,\"connections\":[{\"cache_bytes\":5120,\"statement_bytes\":0,\"cache_hits\":1,\"cache_misses\":6,\"cache_writes\":0},{\"cache_bytes\":5120,\"statement_bytes\":0,\"cache_hits\":1,\"cache_misses\":6,\"cache_writes\":0},{\"cache_bytes\":5120,\"statement_bytes\":0,\"cache_hits\":1,\"cache_misses\":6,\"cache_writes\":0},{\"cache_bytes\":5120,\"statement_bytes\":0,\"cache_hits\":1,\"cache_misses\":6,\"cache_writes\":0},{\"cache_bytes\":5120,\"statement_bytes\":0,\"cache_hits\":1,\"cache_misses\":6,\"cache_writes\":0},{\"cache_bytes\":5120,\"statement_bytes\":0,\"cache_hits\":1,\"cache_misses\":6,\"cache_writes\":0},{\"cache_bytes\":5120,\"statement_bytes\":0,\"cache_hits\":1,\"cache_misses\":6,\"cache_writes\":0},{\"cache_bytes\":5120,\"statement_bytes\":0,\"cache_hits\":1,\"cache_misses\":6,\"cache_writes\":0},{\"cache_bytes\":5120,\"statement_bytes\":0,\"cache_hits\":1,\"cache_misses\":6,\"cache_writes\":0},{\"cache_bytes\":13824,\"statement_bytes\":351744,\"cache_hits\":25501,\"cache_misses\":2315,\"cache_writes\":0}]},\"sqlite_busy_errors\":0,\"blocking_threads\":1,\"blocking_threads_peak\":1,\"blocking_active\":0,\"blocking_queued\":0,\"scrypt_active\":0,\"scrypt_peak\":1}"},"target":"snowtime_axum"}
{"timestamp":"2026-10-08T10:33:10.778313Z","level":"INFO","fields":{"message":"bench counters","renderers":1,"render_queued":0,"render_busy_answers":0,"database":"{\"read_admission\":{\"active\":0,\"queued\":0,\"limit\":10},\"write_admission\":{\"active\":0,\"queued\":0,\"limit\":1},\"hash_admission\":{\"active\":0,\"queued\":0,\"limit\":10},\"report_admission\":{\"active\":0,\"queued\":0,\"limit\":2},\"writer\":{\"cache_bytes\":26880,\"statement_bytes\":0,\"cache_hits\":3,\"cache_misses\":5,\"cache_writes\":1},\"readers\":{\"idle\":10,\"connections\":[{\"cache_bytes\":26880,\"statement_bytes\":0,\"cache_hits\":1,\"cache_misses\":6,\"cache_writes\":0},{\"cache_bytes\":26880,\"statement_bytes\":0,\"cache_hits\":1,\"cache_misses\":6,\"cache_writes\":0},{\"cache_bytes\":26880,\"statement_bytes\":0,\"cache_hits\":1,\"cache_misses\":6,\"cache_writes\":0},{\"cache_bytes\":26880,\"statement_bytes\":0,\"cache_hits\":1,\"cache_misses\":6,\"cache_writes\":0},{\"cache_bytes\":26880,\"statement_bytes\":0,\"cache_hits\":1,\"cache_misses\":6,\"cache_writes\":0},{\"cache_bytes\":26880,\"statement_bytes\":0,\"cache_hits\":1,\"cache_misses\":6,\"cache_writes\":0},{\"cache_bytes\":26880,\"statement_bytes\":0,\"cache_hits\":1,\"cache_misses\":6,\"cache_writes\":0},{\"cache_bytes\":26880,\"statement_bytes\":0,\"cache_hits\":1,\"cache_misses\":6,\"cache_writes\":0},{\"cache_bytes\":26880,\"statement_bytes\":0,\"cache_hits\":1,\"cache_misses\":6,\"cache_writes\":0},{\"cache_bytes\":26880,\"statement_bytes\":0,\"cache_hits\":1,\"cache_misses\":6,\"cache_writes\":0}]},\"sqlite_busy_errors\":0,\"blocking_threads\":1,\"blocking_threads_peak\":1,\"blocking_active\":0,\"blocking_queued\":0,\"scrypt_active\":0,\"scrypt_peak\":0}"},"target":"snowtime_axum"}
{"timestamp":"2026-10-08T10:33:11.149468Z","level":"INFO","fields":{"message":"sized the renderers","limit_mib":32768,"source":"physical memory","cpus":10,"renderers":10,"heap_mib":128,"semi_space_mib":32},"target":"snowtime_axum"}
{"timestamp":"2026-10-08T10:33:11.150067Z","level":"INFO","fields":{"message":"listening","address":"127.0.0.1:64656","tls":false},"target":"snowtime_axum"}
{"timestamp":"2026-10-08T10:33:11.639133Z","level":"INFO","fields":{"message":"bench counters","renderers":1,"render_queued":0,"render_busy_answers":0,"database":"{\"read_admission\":{\"active\":0,\"queued\":0,\"limit\":10},\"write_admission\":{\"active\":0,\"queued\":0,\"limit\":1},\"hash_admission\":{\"active\":0,\"queued\":0,\"limit\":10},\"report_admission\":{\"active\":0,\"queued\":0,\"limit\":2},\"writer\":{\"cache_bytes\":96512,\"statement_bytes\":542048,\"cache_hits\":1936,\"cache_misses\":49,\"cache_writes\":81},\"readers\":{\"idle\":10,\"connections\":[{\"cache_bytes\":5120,\"statement_bytes\":0,\"cache_hits\":1,\"cache_misses\":6,\"cache_writes\":0},{\"cache_bytes\":5120,\"statement_bytes\":0,\"cache_hits\":1,\"cache_misses\":6,\"cache_writes\":0},{\"cache_bytes\":5120,\"statement_bytes\":0,\"cache_hits\":1,\"cache_misses\":6,\"cache_writes\":0},{\"cache_bytes\":5120,\"statement_bytes\":0,\"cache_hits\":1,\"cache_misses\":6,\"cache_writes\":0},{\"cache_bytes\":5120,\"statement_bytes\":0,\"cache_hits\":1,\"cache_misses\":6,\"cache_writes\":0},{\"cache_bytes\":5120,\"statement_bytes\":0,\"cache_hits\":1,\"cache_misses\":6,\"cache_writes\":0},{\"cache_bytes\":5120,\"statement_bytes\":0,\"cache_hits\":1,\"cache_misses\":6,\"cache_writes\":0},{\"cache_bytes\":5120,\"statement_bytes\":0,\"cache_hits\":1,\"cache_misses\":6,\"cache_writes\":0},{\"cache_bytes\":5120,\"statement_bytes\":0,\"cache_hits\":1,\"cache_misses\":6,\"cache_writes\":0},{\"cache_bytes\":13824,\"statement_bytes\":351744,\"cache_hits\":25501,\"cache_misses\":2315,\"cache_writes\":0}]},\"sqlite_busy_errors\":0,\"blocking_threads\":1,\"blocking_threads_peak\":1,\"blocking_active\":0,\"blocking_queued\":0,\"scrypt_active\":0,\"scrypt_peak\":1}"},"target":"snowtime_axum"}
{"timestamp":"2026-10-08T10:33:12.152587Z","level":"INFO","fields":{"message":"bench counters","renderers":1,"render_queued":0,"render_busy_answers":0,"database":"{\"read_admission\":{\"active\":0,\"queued\":0,\"limit\":10},\"write_admission\":{\"active\":0,\"queued\":0,\"limit\":1},\"hash_admission\":{\"active\":1,\"queued\":0,\"limit\":10},\"report_admission\":{\"active\":0,\"queued\":0,\"limit\":2},\"writer\":{\"cache_bytes\":52992,\"statement_bytes\":6688,\"cache_hits\":23,\"cache_misses\":16,\"cache_writes\":9},\"readers\":{\"idle\":10,\"connections\":[{\"cache_bytes\":26880,\"statement_bytes\":0,\"cache_hits\":1,\"cache_misses\":6,\"cache_writes\":0},{\"cache_bytes\":26880,\"statement_bytes\":0,\"cache_hits\":1,\"cache_misses\":6,\"cache_writes\":0},{\"cache_bytes\":26880,\"statement_bytes\":0,\"cache_hits\":1,\"cache_misses\":6,\"cache_writes\":0},{\"cache_bytes\":26880,\"statement_bytes\":0,\"cache_hits\":1,\"cache_misses\":6,\"cache_writes\":0},{\"cache_bytes\":26880,\"statement_bytes\":0,\"cache_hits\":1,\"cache_misses\":6,\"cache_writes\":0},{\"cache_bytes\":26880,\"statement_bytes\":0,\"cache_hits\":1,\"cache_misses\":6,\"cache_writes\":0},{\"cache_bytes\":26880,\"statement_bytes\":0,\"cache_hits\":1,\"cache_misses\":6,\"cache_writes\":0},{\"cache_bytes\":26880,\"statement_bytes\":0,\"cache_hits\":1,\"cache_misses\":6,\"cache_writes\":0},{\"cache_bytes\":26880,\"statement_bytes\":0,\"cache_hits\":1,\"cache_misses\":6,\"cache_writes\":0},{\"cache_bytes\":26880,\"statement_bytes\":0,\"cache_hits\":1,\"cache_misses\":6,\"cache_writes\":0}]},\"sqlite_busy_errors\":0,\"blocking_threads\":1,\"blocking_threads_peak\":1,\"blocking_active\":0,\"blocking_queued\":0,\"scrypt_active\":1,\"scrypt_peak\":1}"},"target":"snowtime_axum"}
same bytes                 projects: createProject member refusal (403, 57 bytes)
same bytes                 projects: createProject signed out (401, 61 bytes)
same bytes                 projects: createProject malformed body (400, 45 bytes)
same bytes                 projects: updateProject member refusal (403, 57 bytes)
same bytes                 projects: updateProject signed out (401, 61 bytes)
same bytes                 projects: updateProject malformed body (400, 45 bytes)
same bytes                 projects: archiveProject member refusal (403, 57 bytes)
same bytes                 projects: archiveProject signed out (401, 61 bytes)
same bytes                 projects: archiveProject malformed body (400, 45 bytes)
same bytes                 projects: unarchiveProject member refusal (403, 57 bytes)
same bytes                 projects: unarchiveProject signed out (401, 61 bytes)
same bytes                 projects: unarchiveProject malformed body (400, 45 bytes)
same bytes                 projects: deleteProject member refusal (403, 57 bytes)
same bytes                 projects: deleteProject signed out (401, 61 bytes)
same bytes                 projects: deleteProject malformed body (400, 45 bytes)
same bytes                 projects: assignProjectToTeam member refusal (403, 57 bytes)
same bytes                 projects: assignProjectToTeam signed out (401, 61 bytes)
same bytes                 projects: assignProjectToTeam malformed body (400, 45 bytes)
same bytes                 projects: unassignProjectFromTeam member refusal (403, 57 bytes)
same bytes                 projects: unassignProjectFromTeam signed out (401, 61 bytes)
same bytes                 projects: unassignProjectFromTeam malformed body (400, 45 bytes)
same bytes                 projects: create name undefined (400, 77 bytes)
same bytes                 projects: create name null (400, 71 bytes)
same bytes                 projects: create name 3 (400, 68 bytes)
same bytes                 projects: create name [] (400, 72 bytes)
same bytes                 projects: create name "" (400, 37 bytes)
same bytes                 projects: create name " " (400, 37 bytes)
same bytes                 projects: create name "xxxxxxxxxxxxxxxxxxxxxxxxxxxxxxxxxxxxxxxxxxxxxxxxxxxxxxxxxxxxxxxxxxxxxxxxxxxxxxxxxxxxxxxxxxxxxxxxxxxxx" (400, 51 bytes)
same bytes                 projects: create name "😀😀😀😀😀😀😀😀😀😀😀😀😀😀😀😀😀😀😀😀😀😀😀😀😀😀😀😀😀😀😀😀😀😀😀😀😀😀😀😀😀😀😀😀😀😀😀😀😀😀😀" (400, 51 bytes)
same bytes                 projects: create color 3 (400, 68 bytes)
same bytes                 projects: create color [] (400, 72 bytes)
same bytes                 projects: create color "#123" (400, 49 bytes)
same bytes                 projects: create color "#gggggg" (400, 49 bytes)
same bytes                 projects: create color " #112233" (400, 49 bytes)
same bytes                 projects: create trims name and defaults color (200, 104 bytes)
same bytes                 projects: id conflict (409, 54 bytes)
same bytes                 projects: name conflict (409, 56 bytes)
same bytes                 projects: create second project (200, 101 bytes)
same bytes                 projects: update name conflict (409, 56 bytes)
same bytes                 projects: update name (200, 93 bytes)
same bytes                 projects: update color (200, 98 bytes)
same bytes                 projects: update clears color (200, 93 bytes)
same bytes                 projects: update empty (200, 93 bytes)
same bytes                 projects: archive (200, 92 bytes)
same bytes                 projects: repeat archive (200, 92 bytes)
same bytes                 projects: rename archived (200, 100 bytes)
same bytes                 projects: unarchive (200, 101 bytes)
same bytes                 projects: repeat unarchive (200, 101 bytes)
same bytes                 projects: assign (200, 100 bytes)
same bytes                 projects: repeat assign (200, 100 bytes)
same bytes                 projects: member visibility after assignment (200, 1445 bytes)
same bytes                 projects: missing team (404, 53 bytes)
same bytes                 projects: missing project checked first (404, 56 bytes)
same bytes                 projects: unassign (200, 100 bytes)
same bytes                 projects: repeat unassign (200, 100 bytes)
same bytes                 projects: reassign before delete (200, 100 bytes)
same bytes                 projects: delete removes assignments (200, 45 bytes)
same bytes                 projects: repeat delete (404, 56 bytes)
same bytes                 projects: reuse deleted name (200, 101 bytes)
same bytes                 projects: used project refuses delete (409, 57 bytes)
same bytes                 projects: updateProject missing (404, 56 bytes)
same bytes                 projects: updateProject invalid id (400, 35 bytes)
same bytes                 projects: archiveProject missing (404, 56 bytes)
same bytes                 projects: archiveProject invalid id (400, 35 bytes)
same bytes                 projects: unarchiveProject missing (404, 56 bytes)
same bytes                 projects: unarchiveProject invalid id (400, 35 bytes)
same bytes                 projects: deleteProject missing (404, 56 bytes)
same bytes                 projects: deleteProject invalid id (400, 35 bytes)
{"timestamp":"2026-10-08T10:33:12.641848Z","level":"INFO","fields":{"message":"bench counters","renderers":1,"render_queued":0,"render_busy_answers":0,"database":"{\"read_admission\":{\"active\":0,\"queued\":0,\"limit\":10},\"write_admission\":{\"active\":0,\"queued\":0,\"limit\":1},\"hash_admission\":{\"active\":0,\"queued\":0,\"limit\":10},\"report_admission\":{\"active\":0,\"queued\":0,\"limit\":2},\"writer\":{\"cache_bytes\":96512,\"statement_bytes\":542048,\"cache_hits\":1936,\"cache_misses\":49,\"cache_writes\":81},\"readers\":{\"idle\":10,\"connections\":[{\"cache_bytes\":5120,\"statement_bytes\":0,\"cache_hits\":1,\"cache_misses\":6,\"cache_writes\":0},{\"cache_bytes\":5120,\"statement_bytes\":0,\"cache_hits\":1,\"cache_misses\":6,\"cache_writes\":0},{\"cache_bytes\":5120,\"statement_bytes\":0,\"cache_hits\":1,\"cache_misses\":6,\"cache_writes\":0},{\"cache_bytes\":5120,\"statement_bytes\":0,\"cache_hits\":1,\"cache_misses\":6,\"cache_writes\":0},{\"cache_bytes\":5120,\"statement_bytes\":0,\"cache_hits\":1,\"cache_misses\":6,\"cache_writes\":0},{\"cache_bytes\":5120,\"statement_bytes\":0,\"cache_hits\":1,\"cache_misses\":6,\"cache_writes\":0},{\"cache_bytes\":5120,\"statement_bytes\":0,\"cache_hits\":1,\"cache_misses\":6,\"cache_writes\":0},{\"cache_bytes\":5120,\"statement_bytes\":0,\"cache_hits\":1,\"cache_misses\":6,\"cache_writes\":0},{\"cache_bytes\":5120,\"statement_bytes\":0,\"cache_hits\":1,\"cache_misses\":6,\"cache_writes\":0},{\"cache_bytes\":13824,\"statement_bytes\":351744,\"cache_hits\":25501,\"cache_misses\":2315,\"cache_writes\":0}]},\"sqlite_busy_errors\":0,\"blocking_threads\":1,\"blocking_threads_peak\":1,\"blocking_active\":0,\"blocking_queued\":0,\"scrypt_active\":0,\"scrypt_peak\":1}"},"target":"snowtime_axum"}
{"timestamp":"2026-10-08T10:33:13.154878Z","level":"INFO","fields":{"message":"bench counters","renderers":1,"render_queued":0,"render_busy_answers":0,"database":"{\"read_admission\":{\"active\":0,\"queued\":0,\"limit\":10},\"write_admission\":{\"active\":0,\"queued\":0,\"limit\":1},\"hash_admission\":{\"active\":0,\"queued\":0,\"limit\":10},\"report_admission\":{\"active\":0,\"queued\":0,\"limit\":2},\"writer\":{\"cache_bytes\":126976,\"statement_bytes\":94848,\"cache_hits\":786,\"cache_misses\":59,\"cache_writes\":49},\"readers\":{\"idle\":10,\"connections\":[{\"cache_bytes\":5120,\"statement_bytes\":0,\"cache_hits\":1,\"cache_misses\":6,\"cache_writes\":0},{\"cache_bytes\":5120,\"statement_bytes\":0,\"cache_hits\":1,\"cache_misses\":6,\"cache_writes\":0},{\"cache_bytes\":5120,\"statement_bytes\":0,\"cache_hits\":1,\"cache_misses\":6,\"cache_writes\":0},{\"cache_bytes\":5120,\"statement_bytes\":0,\"cache_hits\":1,\"cache_misses\":6,\"cache_writes\":0},{\"cache_bytes\":5120,\"statement_bytes\":0,\"cache_hits\":1,\"cache_misses\":6,\"cache_writes\":0},{\"cache_bytes\":5120,\"statement_bytes\":0,\"cache_hits\":1,\"cache_misses\":6,\"cache_writes\":0},{\"cache_bytes\":5120,\"statement_bytes\":0,\"cache_hits\":1,\"cache_misses\":6,\"cache_writes\":0},{\"cache_bytes\":5120,\"statement_bytes\":0,\"cache_hits\":1,\"cache_misses\":6,\"cache_writes\":0},{\"cache_bytes\":5120,\"statement_bytes\":0,\"cache_hits\":1,\"cache_misses\":6,\"cache_writes\":0},{\"cache_bytes\":2464000,\"statement_bytes\":19408,\"cache_hits\":400,\"cache_misses\":1596,\"cache_writes\":0}]},\"sqlite_busy_errors\":0,\"blocking_threads\":1,\"blocking_threads_peak\":1,\"blocking_active\":0,\"blocking_queued\":0,\"scrypt_active\":0,\"scrypt_peak\":1}"},"target":"snowtime_axum"}
{"timestamp":"2026-10-08T10:33:13.643671Z","level":"INFO","fields":{"message":"bench counters","renderers":1,"render_queued":0,"render_busy_answers":0,"database":"{\"read_admission\":{\"active\":0,\"queued\":0,\"limit\":10},\"write_admission\":{\"active\":0,\"queued\":0,\"limit\":1},\"hash_admission\":{\"active\":0,\"queued\":0,\"limit\":10},\"report_admission\":{\"active\":0,\"queued\":0,\"limit\":2},\"writer\":{\"cache_bytes\":96512,\"statement_bytes\":542048,\"cache_hits\":1936,\"cache_misses\":49,\"cache_writes\":81},\"readers\":{\"idle\":10,\"connections\":[{\"cache_bytes\":5120,\"statement_bytes\":0,\"cache_hits\":1,\"cache_misses\":6,\"cache_writes\":0},{\"cache_bytes\":5120,\"statement_bytes\":0,\"cache_hits\":1,\"cache_misses\":6,\"cache_writes\":0},{\"cache_bytes\":5120,\"statement_bytes\":0,\"cache_hits\":1,\"cache_misses\":6,\"cache_writes\":0},{\"cache_bytes\":5120,\"statement_bytes\":0,\"cache_hits\":1,\"cache_misses\":6,\"cache_writes\":0},{\"cache_bytes\":5120,\"statement_bytes\":0,\"cache_hits\":1,\"cache_misses\":6,\"cache_writes\":0},{\"cache_bytes\":5120,\"statement_bytes\":0,\"cache_hits\":1,\"cache_misses\":6,\"cache_writes\":0},{\"cache_bytes\":5120,\"statement_bytes\":0,\"cache_hits\":1,\"cache_misses\":6,\"cache_writes\":0},{\"cache_bytes\":5120,\"statement_bytes\":0,\"cache_hits\":1,\"cache_misses\":6,\"cache_writes\":0},{\"cache_bytes\":5120,\"statement_bytes\":0,\"cache_hits\":1,\"cache_misses\":6,\"cache_writes\":0},{\"cache_bytes\":13824,\"statement_bytes\":351744,\"cache_hits\":25501,\"cache_misses\":2315,\"cache_writes\":0}]},\"sqlite_busy_errors\":0,\"blocking_threads\":0,\"blocking_threads_peak\":1,\"blocking_active\":0,\"blocking_queued\":0,\"scrypt_active\":0,\"scrypt_peak\":1}"},"target":"snowtime_axum"}
{"timestamp":"2026-10-08T10:33:14.157248Z","level":"INFO","fields":{"message":"bench counters","renderers":1,"render_queued":0,"render_busy_answers":0,"database":"{\"read_admission\":{\"active\":0,\"queued\":0,\"limit\":10},\"write_admission\":{\"active\":0,\"queued\":0,\"limit\":1},\"hash_admission\":{\"active\":0,\"queued\":0,\"limit\":10},\"report_admission\":{\"active\":0,\"queued\":0,\"limit\":2},\"writer\":{\"cache_bytes\":126976,\"statement_bytes\":94848,\"cache_hits\":786,\"cache_misses\":59,\"cache_writes\":49},\"readers\":{\"idle\":10,\"connections\":[{\"cache_bytes\":5120,\"statement_bytes\":0,\"cache_hits\":1,\"cache_misses\":6,\"cache_writes\":0},{\"cache_bytes\":5120,\"statement_bytes\":0,\"cache_hits\":1,\"cache_misses\":6,\"cache_writes\":0},{\"cache_bytes\":5120,\"statement_bytes\":0,\"cache_hits\":1,\"cache_misses\":6,\"cache_writes\":0},{\"cache_bytes\":5120,\"statement_bytes\":0,\"cache_hits\":1,\"cache_misses\":6,\"cache_writes\":0},{\"cache_bytes\":5120,\"statement_bytes\":0,\"cache_hits\":1,\"cache_misses\":6,\"cache_writes\":0},{\"cache_bytes\":5120,\"statement_bytes\":0,\"cache_hits\":1,\"cache_misses\":6,\"cache_writes\":0},{\"cache_bytes\":5120,\"statement_bytes\":0,\"cache_hits\":1,\"cache_misses\":6,\"cache_writes\":0},{\"cache_bytes\":5120,\"statement_bytes\":0,\"cache_hits\":1,\"cache_misses\":6,\"cache_writes\":0},{\"cache_bytes\":5120,\"statement_bytes\":0,\"cache_hits\":1,\"cache_misses\":6,\"cache_writes\":0},{\"cache_bytes\":2464000,\"statement_bytes\":19408,\"cache_hits\":400,\"cache_misses\":1596,\"cache_writes\":0}]},\"sqlite_busy_errors\":0,\"blocking_threads\":1,\"blocking_threads_peak\":1,\"blocking_active\":0,\"blocking_queued\":0,\"scrypt_active\":0,\"scrypt_peak\":1}"},"target":"snowtime_axum"}
{"timestamp":"2026-10-08T10:33:14.646431Z","level":"INFO","fields":{"message":"bench counters","renderers":1,"render_queued":0,"render_busy_answers":0,"database":"{\"read_admission\":{\"active\":0,\"queued\":0,\"limit\":10},\"write_admission\":{\"active\":0,\"queued\":0,\"limit\":1},\"hash_admission\":{\"active\":0,\"queued\":0,\"limit\":10},\"report_admission\":{\"active\":0,\"queued\":0,\"limit\":2},\"writer\":{\"cache_bytes\":96512,\"statement_bytes\":542048,\"cache_hits\":1936,\"cache_misses\":49,\"cache_writes\":81},\"readers\":{\"idle\":10,\"connections\":[{\"cache_bytes\":5120,\"statement_bytes\":0,\"cache_hits\":1,\"cache_misses\":6,\"cache_writes\":0},{\"cache_bytes\":5120,\"statement_bytes\":0,\"cache_hits\":1,\"cache_misses\":6,\"cache_writes\":0},{\"cache_bytes\":5120,\"statement_bytes\":0,\"cache_hits\":1,\"cache_misses\":6,\"cache_writes\":0},{\"cache_bytes\":5120,\"statement_bytes\":0,\"cache_hits\":1,\"cache_misses\":6,\"cache_writes\":0},{\"cache_bytes\":5120,\"statement_bytes\":0,\"cache_hits\":1,\"cache_misses\":6,\"cache_writes\":0},{\"cache_bytes\":5120,\"statement_bytes\":0,\"cache_hits\":1,\"cache_misses\":6,\"cache_writes\":0},{\"cache_bytes\":5120,\"statement_bytes\":0,\"cache_hits\":1,\"cache_misses\":6,\"cache_writes\":0},{\"cache_bytes\":5120,\"statement_bytes\":0,\"cache_hits\":1,\"cache_misses\":6,\"cache_writes\":0},{\"cache_bytes\":5120,\"statement_bytes\":0,\"cache_hits\":1,\"cache_misses\":6,\"cache_writes\":0},{\"cache_bytes\":13824,\"statement_bytes\":351744,\"cache_hits\":25501,\"cache_misses\":2315,\"cache_writes\":0}]},\"sqlite_busy_errors\":0,\"blocking_threads\":0,\"blocking_threads_peak\":1,\"blocking_active\":0,\"blocking_queued\":0,\"scrypt_active\":0,\"scrypt_peak\":1}"},"target":"snowtime_axum"}
{"timestamp":"2026-10-08T10:33:15.158865Z","level":"INFO","fields":{"message":"bench counters","renderers":1,"render_queued":0,"render_busy_answers":0,"database":"{\"read_admission\":{\"active\":0,\"queued\":0,\"limit\":10},\"write_admission\":{\"active\":0,\"queued\":0,\"limit\":1},\"hash_admission\":{\"active\":0,\"queued\":0,\"limit\":10},\"report_admission\":{\"active\":0,\"queued\":0,\"limit\":2},\"writer\":{\"cache_bytes\":126976,\"statement_bytes\":94848,\"cache_hits\":786,\"cache_misses\":59,\"cache_writes\":49},\"readers\":{\"idle\":10,\"connections\":[{\"cache_bytes\":5120,\"statement_bytes\":0,\"cache_hits\":1,\"cache_misses\":6,\"cache_writes\":0},{\"cache_bytes\":5120,\"statement_bytes\":0,\"cache_hits\":1,\"cache_misses\":6,\"cache_writes\":0},{\"cache_bytes\":5120,\"statement_bytes\":0,\"cache_hits\":1,\"cache_misses\":6,\"cache_writes\":0},{\"cache_bytes\":5120,\"statement_bytes\":0,\"cache_hits\":1,\"cache_misses\":6,\"cache_writes\":0},{\"cache_bytes\":5120,\"statement_bytes\":0,\"cache_hits\":1,\"cache_misses\":6,\"cache_writes\":0},{\"cache_bytes\":5120,\"statement_bytes\":0,\"cache_hits\":1,\"cache_misses\":6,\"cache_writes\":0},{\"cache_bytes\":5120,\"statement_bytes\":0,\"cache_hits\":1,\"cache_misses\":6,\"cache_writes\":0},{\"cache_bytes\":5120,\"statement_bytes\":0,\"cache_hits\":1,\"cache_misses\":6,\"cache_writes\":0},{\"cache_bytes\":5120,\"statement_bytes\":0,\"cache_hits\":1,\"cache_misses\":6,\"cache_writes\":0},{\"cache_bytes\":2464000,\"statement_bytes\":19408,\"cache_hits\":400,\"cache_misses\":1596,\"cache_writes\":0}]},\"sqlite_busy_errors\":0,\"blocking_threads\":1,\"blocking_threads_peak\":1,\"blocking_active\":0,\"blocking_queued\":0,\"scrypt_active\":0,\"scrypt_peak\":1}"},"target":"snowtime_axum"}
{"timestamp":"2026-10-08T10:33:15.649439Z","level":"INFO","fields":{"message":"bench counters","renderers":1,"render_queued":0,"render_busy_answers":0,"database":"{\"read_admission\":{\"active\":0,\"queued\":0,\"limit\":10},\"write_admission\":{\"active\":0,\"queued\":0,\"limit\":1},\"hash_admission\":{\"active\":0,\"queued\":0,\"limit\":10},\"report_admission\":{\"active\":0,\"queued\":0,\"limit\":2},\"writer\":{\"cache_bytes\":96512,\"statement_bytes\":542048,\"cache_hits\":1936,\"cache_misses\":49,\"cache_writes\":81},\"readers\":{\"idle\":10,\"connections\":[{\"cache_bytes\":5120,\"statement_bytes\":0,\"cache_hits\":1,\"cache_misses\":6,\"cache_writes\":0},{\"cache_bytes\":5120,\"statement_bytes\":0,\"cache_hits\":1,\"cache_misses\":6,\"cache_writes\":0},{\"cache_bytes\":5120,\"statement_bytes\":0,\"cache_hits\":1,\"cache_misses\":6,\"cache_writes\":0},{\"cache_bytes\":5120,\"statement_bytes\":0,\"cache_hits\":1,\"cache_misses\":6,\"cache_writes\":0},{\"cache_bytes\":5120,\"statement_bytes\":0,\"cache_hits\":1,\"cache_misses\":6,\"cache_writes\":0},{\"cache_bytes\":5120,\"statement_bytes\":0,\"cache_hits\":1,\"cache_misses\":6,\"cache_writes\":0},{\"cache_bytes\":5120,\"statement_bytes\":0,\"cache_hits\":1,\"cache_misses\":6,\"cache_writes\":0},{\"cache_bytes\":5120,\"statement_bytes\":0,\"cache_hits\":1,\"cache_misses\":6,\"cache_writes\":0},{\"cache_bytes\":5120,\"statement_bytes\":0,\"cache_hits\":1,\"cache_misses\":6,\"cache_writes\":0},{\"cache_bytes\":13824,\"statement_bytes\":351744,\"cache_hits\":25501,\"cache_misses\":2315,\"cache_writes\":0}]},\"sqlite_busy_errors\":0,\"blocking_threads\":0,\"blocking_threads_peak\":1,\"blocking_active\":0,\"blocking_queued\":0,\"scrypt_active\":0,\"scrypt_peak\":1}"},"target":"snowtime_axum"}
{"timestamp":"2026-10-08T10:33:16.427753Z","level":"INFO","fields":{"message":"sized the renderers","limit_mib":32768,"source":"physical memory","cpus":10,"renderers":10,"heap_mib":128,"semi_space_mib":32},"target":"snowtime_axum"}
{"timestamp":"2026-10-08T10:33:16.428411Z","level":"INFO","fields":{"message":"listening","address":"127.0.0.1:64665","tls":false},"target":"snowtime_axum"}
{"timestamp":"2026-10-08T10:33:16.651280Z","level":"INFO","fields":{"message":"bench counters","renderers":1,"render_queued":0,"render_busy_answers":0,"database":"{\"read_admission\":{\"active\":0,\"queued\":0,\"limit\":10},\"write_admission\":{\"active\":0,\"queued\":0,\"limit\":1},\"hash_admission\":{\"active\":0,\"queued\":0,\"limit\":10},\"report_admission\":{\"active\":0,\"queued\":0,\"limit\":2},\"writer\":{\"cache_bytes\":96512,\"statement_bytes\":542048,\"cache_hits\":1936,\"cache_misses\":49,\"cache_writes\":81},\"readers\":{\"idle\":10,\"connections\":[{\"cache_bytes\":5120,\"statement_bytes\":0,\"cache_hits\":1,\"cache_misses\":6,\"cache_writes\":0},{\"cache_bytes\":5120,\"statement_bytes\":0,\"cache_hits\":1,\"cache_misses\":6,\"cache_writes\":0},{\"cache_bytes\":5120,\"statement_bytes\":0,\"cache_hits\":1,\"cache_misses\":6,\"cache_writes\":0},{\"cache_bytes\":5120,\"statement_bytes\":0,\"cache_hits\":1,\"cache_misses\":6,\"cache_writes\":0},{\"cache_bytes\":5120,\"statement_bytes\":0,\"cache_hits\":1,\"cache_misses\":6,\"cache_writes\":0},{\"cache_bytes\":5120,\"statement_bytes\":0,\"cache_hits\":1,\"cache_misses\":6,\"cache_writes\":0},{\"cache_bytes\":5120,\"statement_bytes\":0,\"cache_hits\":1,\"cache_misses\":6,\"cache_writes\":0},{\"cache_bytes\":5120,\"statement_bytes\":0,\"cache_hits\":1,\"cache_misses\":6,\"cache_writes\":0},{\"cache_bytes\":5120,\"statement_bytes\":0,\"cache_hits\":1,\"cache_misses\":6,\"cache_writes\":0},{\"cache_bytes\":13824,\"statement_bytes\":351744,\"cache_hits\":25501,\"cache_misses\":2315,\"cache_writes\":0}]},\"sqlite_busy_errors\":0,\"blocking_threads\":0,\"blocking_threads_peak\":1,\"blocking_active\":0,\"blocking_queued\":0,\"scrypt_active\":0,\"scrypt_peak\":1}"},"target":"snowtime_axum"}
{"timestamp":"2026-10-08T10:33:17.429709Z","level":"INFO","fields":{"message":"bench counters","renderers":1,"render_queued":0,"render_busy_answers":0,"database":"{\"read_admission\":{\"active\":0,\"queued\":0,\"limit\":10},\"write_admission\":{\"active\":0,\"queued\":0,\"limit\":1},\"hash_admission\":{\"active\":1,\"queued\":0,\"limit\":10},\"report_admission\":{\"active\":0,\"queued\":0,\"limit\":2},\"writer\":{\"cache_bytes\":52992,\"statement_bytes\":6688,\"cache_hits\":23,\"cache_misses\":16,\"cache_writes\":9},\"readers\":{\"idle\":10,\"connections\":[{\"cache_bytes\":26880,\"statement_bytes\":0,\"cache_hits\":1,\"cache_misses\":6,\"cache_writes\":0},{\"cache_bytes\":26880,\"statement_bytes\":0,\"cache_hits\":1,\"cache_misses\":6,\"cache_writes\":0},{\"cache_bytes\":26880,\"statement_bytes\":0,\"cache_hits\":1,\"cache_misses\":6,\"cache_writes\":0},{\"cache_bytes\":26880,\"statement_bytes\":0,\"cache_hits\":1,\"cache_misses\":6,\"cache_writes\":0},{\"cache_bytes\":26880,\"statement_bytes\":0,\"cache_hits\":1,\"cache_misses\":6,\"cache_writes\":0},{\"cache_bytes\":26880,\"statement_bytes\":0,\"cache_hits\":1,\"cache_misses\":6,\"cache_writes\":0},{\"cache_bytes\":26880,\"statement_bytes\":0,\"cache_hits\":1,\"cache_misses\":6,\"cache_writes\":0},{\"cache_bytes\":26880,\"statement_bytes\":0,\"cache_hits\":1,\"cache_misses\":6,\"cache_writes\":0},{\"cache_bytes\":26880,\"statement_bytes\":0,\"cache_hits\":1,\"cache_misses\":6,\"cache_writes\":0},{\"cache_bytes\":26880,\"statement_bytes\":0,\"cache_hits\":1,\"cache_misses\":6,\"cache_writes\":0}]},\"sqlite_busy_errors\":0,\"blocking_threads\":1,\"blocking_threads_peak\":1,\"blocking_active\":0,\"blocking_queued\":0,\"scrypt_active\":1,\"scrypt_peak\":1}"},"target":"snowtime_axum"}
same bytes                 project limit: owner at limit (422, 56 bytes)
same bytes                 project limit: member permission before limit (403, 57 bytes)
{"timestamp":"2026-10-08T10:33:17.653021Z","level":"INFO","fields":{"message":"bench counters","renderers":1,"render_queued":0,"render_busy_answers":0,"database":"{\"read_admission\":{\"active\":0,\"queued\":0,\"limit\":10},\"write_admission\":{\"active\":0,\"queued\":0,\"limit\":1},\"hash_admission\":{\"active\":0,\"queued\":0,\"limit\":10},\"report_admission\":{\"active\":0,\"queued\":0,\"limit\":2},\"writer\":{\"cache_bytes\":96512,\"statement_bytes\":542048,\"cache_hits\":1936,\"cache_misses\":49,\"cache_writes\":81},\"readers\":{\"idle\":10,\"connections\":[{\"cache_bytes\":5120,\"statement_bytes\":0,\"cache_hits\":1,\"cache_misses\":6,\"cache_writes\":0},{\"cache_bytes\":5120,\"statement_bytes\":0,\"cache_hits\":1,\"cache_misses\":6,\"cache_writes\":0},{\"cache_bytes\":5120,\"statement_bytes\":0,\"cache_hits\":1,\"cache_misses\":6,\"cache_writes\":0},{\"cache_bytes\":5120,\"statement_bytes\":0,\"cache_hits\":1,\"cache_misses\":6,\"cache_writes\":0},{\"cache_bytes\":5120,\"statement_bytes\":0,\"cache_hits\":1,\"cache_misses\":6,\"cache_writes\":0},{\"cache_bytes\":5120,\"statement_bytes\":0,\"cache_hits\":1,\"cache_misses\":6,\"cache_writes\":0},{\"cache_bytes\":5120,\"statement_bytes\":0,\"cache_hits\":1,\"cache_misses\":6,\"cache_writes\":0},{\"cache_bytes\":5120,\"statement_bytes\":0,\"cache_hits\":1,\"cache_misses\":6,\"cache_writes\":0},{\"cache_bytes\":5120,\"statement_bytes\":0,\"cache_hits\":1,\"cache_misses\":6,\"cache_writes\":0},{\"cache_bytes\":13824,\"statement_bytes\":351744,\"cache_hits\":25501,\"cache_misses\":2315,\"cache_writes\":0}]},\"sqlite_busy_errors\":0,\"blocking_threads\":0,\"blocking_threads_peak\":1,\"blocking_active\":0,\"blocking_queued\":0,\"scrypt_active\":0,\"scrypt_peak\":1}"},"target":"snowtime_axum"}
{"timestamp":"2026-10-08T10:33:18.432472Z","level":"INFO","fields":{"message":"bench counters","renderers":1,"render_queued":0,"render_busy_answers":0,"database":"{\"read_admission\":{\"active\":0,\"queued\":0,\"limit\":10},\"write_admission\":{\"active\":0,\"queued\":0,\"limit\":1},\"hash_admission\":{\"active\":0,\"queued\":0,\"limit\":10},\"report_admission\":{\"active\":0,\"queued\":0,\"limit\":2},\"writer\":{\"cache_bytes\":148736,\"statement_bytes\":17584,\"cache_hits\":45,\"cache_misses\":38,\"cache_writes\":13},\"readers\":{\"idle\":10,\"connections\":[{\"cache_bytes\":26880,\"statement_bytes\":0,\"cache_hits\":1,\"cache_misses\":6,\"cache_writes\":0},{\"cache_bytes\":26880,\"statement_bytes\":0,\"cache_hits\":1,\"cache_misses\":6,\"cache_writes\":0},{\"cache_bytes\":26880,\"statement_bytes\":0,\"cache_hits\":1,\"cache_misses\":6,\"cache_writes\":0},{\"cache_bytes\":26880,\"statement_bytes\":0,\"cache_hits\":1,\"cache_misses\":6,\"cache_writes\":0},{\"cache_bytes\":26880,\"statement_bytes\":0,\"cache_hits\":1,\"cache_misses\":6,\"cache_writes\":0},{\"cache_bytes\":26880,\"statement_bytes\":0,\"cache_hits\":1,\"cache_misses\":6,\"cache_writes\":0},{\"cache_bytes\":26880,\"statement_bytes\":0,\"cache_hits\":1,\"cache_misses\":6,\"cache_writes\":0},{\"cache_bytes\":26880,\"statement_bytes\":0,\"cache_hits\":1,\"cache_misses\":6,\"cache_writes\":0},{\"cache_bytes\":26880,\"statement_bytes\":0,\"cache_hits\":1,\"cache_misses\":6,\"cache_writes\":0},{\"cache_bytes\":26880,\"statement_bytes\":0,\"cache_hits\":1,\"cache_misses\":6,\"cache_writes\":0}]},\"sqlite_busy_errors\":0,\"blocking_threads\":1,\"blocking_threads_peak\":1,\"blocking_active\":0,\"blocking_queued\":0,\"scrypt_active\":0,\"scrypt_peak\":1}"},"target":"snowtime_axum"}
{"timestamp":"2026-10-08T10:33:18.655765Z","level":"INFO","fields":{"message":"bench counters","renderers":1,"render_queued":0,"render_busy_answers":0,"database":"{\"read_admission\":{\"active\":0,\"queued\":0,\"limit\":10},\"write_admission\":{\"active\":0,\"queued\":0,\"limit\":1},\"hash_admission\":{\"active\":0,\"queued\":0,\"limit\":10},\"report_admission\":{\"active\":0,\"queued\":0,\"limit\":2},\"writer\":{\"cache_bytes\":96512,\"statement_bytes\":542048,\"cache_hits\":1936,\"cache_misses\":49,\"cache_writes\":81},\"readers\":{\"idle\":10,\"connections\":[{\"cache_bytes\":5120,\"statement_bytes\":0,\"cache_hits\":1,\"cache_misses\":6,\"cache_writes\":0},{\"cache_bytes\":5120,\"statement_bytes\":0,\"cache_hits\":1,\"cache_misses\":6,\"cache_writes\":0},{\"cache_bytes\":5120,\"statement_bytes\":0,\"cache_hits\":1,\"cache_misses\":6,\"cache_writes\":0},{\"cache_bytes\":5120,\"statement_bytes\":0,\"cache_hits\":1,\"cache_misses\":6,\"cache_writes\":0},{\"cache_bytes\":5120,\"statement_bytes\":0,\"cache_hits\":1,\"cache_misses\":6,\"cache_writes\":0},{\"cache_bytes\":5120,\"statement_bytes\":0,\"cache_hits\":1,\"cache_misses\":6,\"cache_writes\":0},{\"cache_bytes\":5120,\"statement_bytes\":0,\"cache_hits\":1,\"cache_misses\":6,\"cache_writes\":0},{\"cache_bytes\":5120,\"statement_bytes\":0,\"cache_hits\":1,\"cache_misses\":6,\"cache_writes\":0},{\"cache_bytes\":5120,\"statement_bytes\":0,\"cache_hits\":1,\"cache_misses\":6,\"cache_writes\":0},{\"cache_bytes\":13824,\"statement_bytes\":351744,\"cache_hits\":25501,\"cache_misses\":2315,\"cache_writes\":0}]},\"sqlite_busy_errors\":0,\"blocking_threads\":0,\"blocking_threads_peak\":1,\"blocking_active\":0,\"blocking_queued\":0,\"scrypt_active\":0,\"scrypt_peak\":1}"},"target":"snowtime_axum"}
{"timestamp":"2026-10-08T10:33:19.434871Z","level":"INFO","fields":{"message":"bench counters","renderers":1,"render_queued":0,"render_busy_answers":0,"database":"{\"read_admission\":{\"active\":0,\"queued\":0,\"limit\":10},\"write_admission\":{\"active\":0,\"queued\":0,\"limit\":1},\"hash_admission\":{\"active\":0,\"queued\":0,\"limit\":10},\"report_admission\":{\"active\":0,\"queued\":0,\"limit\":2},\"writer\":{\"cache_bytes\":148736,\"statement_bytes\":17584,\"cache_hits\":45,\"cache_misses\":38,\"cache_writes\":13},\"readers\":{\"idle\":10,\"connections\":[{\"cache_bytes\":26880,\"statement_bytes\":0,\"cache_hits\":1,\"cache_misses\":6,\"cache_writes\":0},{\"cache_bytes\":26880,\"statement_bytes\":0,\"cache_hits\":1,\"cache_misses\":6,\"cache_writes\":0},{\"cache_bytes\":26880,\"statement_bytes\":0,\"cache_hits\":1,\"cache_misses\":6,\"cache_writes\":0},{\"cache_bytes\":26880,\"statement_bytes\":0,\"cache_hits\":1,\"cache_misses\":6,\"cache_writes\":0},{\"cache_bytes\":26880,\"statement_bytes\":0,\"cache_hits\":1,\"cache_misses\":6,\"cache_writes\":0},{\"cache_bytes\":26880,\"statement_bytes\":0,\"cache_hits\":1,\"cache_misses\":6,\"cache_writes\":0},{\"cache_bytes\":26880,\"statement_bytes\":0,\"cache_hits\":1,\"cache_misses\":6,\"cache_writes\":0},{\"cache_bytes\":26880,\"statement_bytes\":0,\"cache_hits\":1,\"cache_misses\":6,\"cache_writes\":0},{\"cache_bytes\":26880,\"statement_bytes\":0,\"cache_hits\":1,\"cache_misses\":6,\"cache_writes\":0},{\"cache_bytes\":26880,\"statement_bytes\":0,\"cache_hits\":1,\"cache_misses\":6,\"cache_writes\":0}]},\"sqlite_busy_errors\":0,\"blocking_threads\":1,\"blocking_threads_peak\":1,\"blocking_active\":0,\"blocking_queued\":0,\"scrypt_active\":0,\"scrypt_peak\":1}"},"target":"snowtime_axum"}
{"timestamp":"2026-10-08T10:33:19.658572Z","level":"INFO","fields":{"message":"bench counters","renderers":1,"render_queued":0,"render_busy_answers":0,"database":"{\"read_admission\":{\"active\":0,\"queued\":0,\"limit\":10},\"write_admission\":{\"active\":0,\"queued\":0,\"limit\":1},\"hash_admission\":{\"active\":0,\"queued\":0,\"limit\":10},\"report_admission\":{\"active\":0,\"queued\":0,\"limit\":2},\"writer\":{\"cache_bytes\":96512,\"statement_bytes\":542048,\"cache_hits\":1936,\"cache_misses\":49,\"cache_writes\":81},\"readers\":{\"idle\":10,\"connections\":[{\"cache_bytes\":5120,\"statement_bytes\":0,\"cache_hits\":1,\"cache_misses\":6,\"cache_writes\":0},{\"cache_bytes\":5120,\"statement_bytes\":0,\"cache_hits\":1,\"cache_misses\":6,\"cache_writes\":0},{\"cache_bytes\":5120,\"statement_bytes\":0,\"cache_hits\":1,\"cache_misses\":6,\"cache_writes\":0},{\"cache_bytes\":5120,\"statement_bytes\":0,\"cache_hits\":1,\"cache_misses\":6,\"cache_writes\":0},{\"cache_bytes\":5120,\"statement_bytes\":0,\"cache_hits\":1,\"cache_misses\":6,\"cache_writes\":0},{\"cache_bytes\":5120,\"statement_bytes\":0,\"cache_hits\":1,\"cache_misses\":6,\"cache_writes\":0},{\"cache_bytes\":5120,\"statement_bytes\":0,\"cache_hits\":1,\"cache_misses\":6,\"cache_writes\":0},{\"cache_bytes\":5120,\"statement_bytes\":0,\"cache_hits\":1,\"cache_misses\":6,\"cache_writes\":0},{\"cache_bytes\":5120,\"statement_bytes\":0,\"cache_hits\":1,\"cache_misses\":6,\"cache_writes\":0},{\"cache_bytes\":13824,\"statement_bytes\":351744,\"cache_hits\":25501,\"cache_misses\":2315,\"cache_writes\":0}]},\"sqlite_busy_errors\":0,\"blocking_threads\":0,\"blocking_threads_peak\":1,\"blocking_active\":0,\"blocking_queued\":0,\"scrypt_active\":0,\"scrypt_peak\":1}"},"target":"snowtime_axum"}
{"timestamp":"2026-10-08T10:33:20.437422Z","level":"INFO","fields":{"message":"bench counters","renderers":1,"render_queued":0,"render_busy_answers":0,"database":"{\"read_admission\":{\"active\":0,\"queued\":0,\"limit\":10},\"write_admission\":{\"active\":0,\"queued\":0,\"limit\":1},\"hash_admission\":{\"active\":0,\"queued\":0,\"limit\":10},\"report_admission\":{\"active\":0,\"queued\":0,\"limit\":2},\"writer\":{\"cache_bytes\":148736,\"statement_bytes\":17584,\"cache_hits\":45,\"cache_misses\":38,\"cache_writes\":13},\"readers\":{\"idle\":10,\"connections\":[{\"cache_bytes\":26880,\"statement_bytes\":0,\"cache_hits\":1,\"cache_misses\":6,\"cache_writes\":0},{\"cache_bytes\":26880,\"statement_bytes\":0,\"cache_hits\":1,\"cache_misses\":6,\"cache_writes\":0},{\"cache_bytes\":26880,\"statement_bytes\":0,\"cache_hits\":1,\"cache_misses\":6,\"cache_writes\":0},{\"cache_bytes\":26880,\"statement_bytes\":0,\"cache_hits\":1,\"cache_misses\":6,\"cache_writes\":0},{\"cache_bytes\":26880,\"statement_bytes\":0,\"cache_hits\":1,\"cache_misses\":6,\"cache_writes\":0},{\"cache_bytes\":26880,\"statement_bytes\":0,\"cache_hits\":1,\"cache_misses\":6,\"cache_writes\":0},{\"cache_bytes\":26880,\"statement_bytes\":0,\"cache_hits\":1,\"cache_misses\":6,\"cache_writes\":0},{\"cache_bytes\":26880,\"statement_bytes\":0,\"cache_hits\":1,\"cache_misses\":6,\"cache_writes\":0},{\"cache_bytes\":26880,\"statement_bytes\":0,\"cache_hits\":1,\"cache_misses\":6,\"cache_writes\":0},{\"cache_bytes\":26880,\"statement_bytes\":0,\"cache_hits\":1,\"cache_misses\":6,\"cache_writes\":0}]},\"sqlite_busy_errors\":0,\"blocking_threads\":1,\"blocking_threads_peak\":1,\"blocking_active\":0,\"blocking_queued\":0,\"scrypt_active\":0,\"scrypt_peak\":1}"},"target":"snowtime_axum"}
{"timestamp":"2026-10-08T10:33:20.661443Z","level":"INFO","fields":{"message":"bench counters","renderers":1,"render_queued":0,"render_busy_answers":0,"database":"{\"read_admission\":{\"active\":0,\"queued\":0,\"limit\":10},\"write_admission\":{\"active\":0,\"queued\":0,\"limit\":1},\"hash_admission\":{\"active\":0,\"queued\":0,\"limit\":10},\"report_admission\":{\"active\":0,\"queued\":0,\"limit\":2},\"writer\":{\"cache_bytes\":96512,\"statement_bytes\":542048,\"cache_hits\":1936,\"cache_misses\":49,\"cache_writes\":81},\"readers\":{\"idle\":10,\"connections\":[{\"cache_bytes\":5120,\"statement_bytes\":0,\"cache_hits\":1,\"cache_misses\":6,\"cache_writes\":0},{\"cache_bytes\":5120,\"statement_bytes\":0,\"cache_hits\":1,\"cache_misses\":6,\"cache_writes\":0},{\"cache_bytes\":5120,\"statement_bytes\":0,\"cache_hits\":1,\"cache_misses\":6,\"cache_writes\":0},{\"cache_bytes\":5120,\"statement_bytes\":0,\"cache_hits\":1,\"cache_misses\":6,\"cache_writes\":0},{\"cache_bytes\":5120,\"statement_bytes\":0,\"cache_hits\":1,\"cache_misses\":6,\"cache_writes\":0},{\"cache_bytes\":5120,\"statement_bytes\":0,\"cache_hits\":1,\"cache_misses\":6,\"cache_writes\":0},{\"cache_bytes\":5120,\"statement_bytes\":0,\"cache_hits\":1,\"cache_misses\":6,\"cache_writes\":0},{\"cache_bytes\":5120,\"statement_bytes\":0,\"cache_hits\":1,\"cache_misses\":6,\"cache_writes\":0},{\"cache_bytes\":5120,\"statement_bytes\":0,\"cache_hits\":1,\"cache_misses\":6,\"cache_writes\":0},{\"cache_bytes\":13824,\"statement_bytes\":351744,\"cache_hits\":25501,\"cache_misses\":2315,\"cache_writes\":0}]},\"sqlite_busy_errors\":0,\"blocking_threads\":0,\"blocking_threads_peak\":1,\"blocking_active\":0,\"blocking_queued\":0,\"scrypt_active\":0,\"scrypt_peak\":1}"},"target":"snowtime_axum"}
{"timestamp":"2026-10-08T10:33:21.664252Z","level":"INFO","fields":{"message":"bench counters","renderers":1,"render_queued":0,"render_busy_answers":0,"database":"{\"read_admission\":{\"active\":0,\"queued\":0,\"limit\":10},\"write_admission\":{\"active\":0,\"queued\":0,\"limit\":1},\"hash_admission\":{\"active\":0,\"queued\":0,\"limit\":10},\"report_admission\":{\"active\":0,\"queued\":0,\"limit\":2},\"writer\":{\"cache_bytes\":96512,\"statement_bytes\":542048,\"cache_hits\":1936,\"cache_misses\":49,\"cache_writes\":81},\"readers\":{\"idle\":10,\"connections\":[{\"cache_bytes\":5120,\"statement_bytes\":0,\"cache_hits\":1,\"cache_misses\":6,\"cache_writes\":0},{\"cache_bytes\":5120,\"statement_bytes\":0,\"cache_hits\":1,\"cache_misses\":6,\"cache_writes\":0},{\"cache_bytes\":5120,\"statement_bytes\":0,\"cache_hits\":1,\"cache_misses\":6,\"cache_writes\":0},{\"cache_bytes\":5120,\"statement_bytes\":0,\"cache_hits\":1,\"cache_misses\":6,\"cache_writes\":0},{\"cache_bytes\":5120,\"statement_bytes\":0,\"cache_hits\":1,\"cache_misses\":6,\"cache_writes\":0},{\"cache_bytes\":5120,\"statement_bytes\":0,\"cache_hits\":1,\"cache_misses\":6,\"cache_writes\":0},{\"cache_bytes\":5120,\"statement_bytes\":0,\"cache_hits\":1,\"cache_misses\":6,\"cache_writes\":0},{\"cache_bytes\":5120,\"statement_bytes\":0,\"cache_hits\":1,\"cache_misses\":6,\"cache_writes\":0},{\"cache_bytes\":5120,\"statement_bytes\":0,\"cache_hits\":1,\"cache_misses\":6,\"cache_writes\":0},{\"cache_bytes\":13824,\"statement_bytes\":351744,\"cache_hits\":25501,\"cache_misses\":2315,\"cache_writes\":0}]},\"sqlite_busy_errors\":0,\"blocking_threads\":0,\"blocking_threads_peak\":1,\"blocking_active\":0,\"blocking_queued\":0,\"scrypt_active\":0,\"scrypt_peak\":1}"},"target":"snowtime_axum"}
{"timestamp":"2026-10-08T10:33:21.697450Z","level":"INFO","fields":{"message":"sized the renderers","limit_mib":32768,"source":"physical memory","cpus":10,"renderers":10,"heap_mib":128,"semi_space_mib":32},"target":"snowtime_axum"}
{"timestamp":"2026-10-08T10:33:21.698091Z","level":"INFO","fields":{"message":"listening","address":"127.0.0.1:64671","tls":false},"target":"snowtime_axum"}
{"timestamp":"2026-10-08T10:33:22.666862Z","level":"INFO","fields":{"message":"bench counters","renderers":1,"render_queued":0,"render_busy_answers":0,"database":"{\"read_admission\":{\"active\":0,\"queued\":0,\"limit\":10},\"write_admission\":{\"active\":0,\"queued\":0,\"limit\":1},\"hash_admission\":{\"active\":0,\"queued\":0,\"limit\":10},\"report_admission\":{\"active\":0,\"queued\":0,\"limit\":2},\"writer\":{\"cache_bytes\":96512,\"statement_bytes\":542048,\"cache_hits\":1936,\"cache_misses\":49,\"cache_writes\":81},\"readers\":{\"idle\":10,\"connections\":[{\"cache_bytes\":5120,\"statement_bytes\":0,\"cache_hits\":1,\"cache_misses\":6,\"cache_writes\":0},{\"cache_bytes\":5120,\"statement_bytes\":0,\"cache_hits\":1,\"cache_misses\":6,\"cache_writes\":0},{\"cache_bytes\":5120,\"statement_bytes\":0,\"cache_hits\":1,\"cache_misses\":6,\"cache_writes\":0},{\"cache_bytes\":5120,\"statement_bytes\":0,\"cache_hits\":1,\"cache_misses\":6,\"cache_writes\":0},{\"cache_bytes\":5120,\"statement_bytes\":0,\"cache_hits\":1,\"cache_misses\":6,\"cache_writes\":0},{\"cache_bytes\":5120,\"statement_bytes\":0,\"cache_hits\":1,\"cache_misses\":6,\"cache_writes\":0},{\"cache_bytes\":5120,\"statement_bytes\":0,\"cache_hits\":1,\"cache_misses\":6,\"cache_writes\":0},{\"cache_bytes\":5120,\"statement_bytes\":0,\"cache_hits\":1,\"cache_misses\":6,\"cache_writes\":0},{\"cache_bytes\":5120,\"statement_bytes\":0,\"cache_hits\":1,\"cache_misses\":6,\"cache_writes\":0},{\"cache_bytes\":13824,\"statement_bytes\":351744,\"cache_hits\":25501,\"cache_misses\":2315,\"cache_writes\":0}]},\"sqlite_busy_errors\":0,\"blocking_threads\":0,\"blocking_threads_peak\":1,\"blocking_active\":0,\"blocking_queued\":0,\"scrypt_active\":0,\"scrypt_peak\":1}"},"target":"snowtime_axum"}
{"timestamp":"2026-10-08T10:33:22.699273Z","level":"INFO","fields":{"message":"bench counters","renderers":1,"render_queued":0,"render_busy_answers":0,"database":"{\"read_admission\":{\"active\":0,\"queued\":0,\"limit\":10},\"write_admission\":{\"active\":0,\"queued\":0,\"limit\":1},\"hash_admission\":{\"active\":1,\"queued\":0,\"limit\":10},\"report_admission\":{\"active\":0,\"queued\":0,\"limit\":2},\"writer\":{\"cache_bytes\":52992,\"statement_bytes\":6688,\"cache_hits\":23,\"cache_misses\":16,\"cache_writes\":9},\"readers\":{\"idle\":10,\"connections\":[{\"cache_bytes\":26880,\"statement_bytes\":0,\"cache_hits\":1,\"cache_misses\":6,\"cache_writes\":0},{\"cache_bytes\":26880,\"statement_bytes\":0,\"cache_hits\":1,\"cache_misses\":6,\"cache_writes\":0},{\"cache_bytes\":26880,\"statement_bytes\":0,\"cache_hits\":1,\"cache_misses\":6,\"cache_writes\":0},{\"cache_bytes\":26880,\"statement_bytes\":0,\"cache_hits\":1,\"cache_misses\":6,\"cache_writes\":0},{\"cache_bytes\":26880,\"statement_bytes\":0,\"cache_hits\":1,\"cache_misses\":6,\"cache_writes\":0},{\"cache_bytes\":26880,\"statement_bytes\":0,\"cache_hits\":1,\"cache_misses\":6,\"cache_writes\":0},{\"cache_bytes\":26880,\"statement_bytes\":0,\"cache_hits\":1,\"cache_misses\":6,\"cache_writes\":0},{\"cache_bytes\":26880,\"statement_bytes\":0,\"cache_hits\":1,\"cache_misses\":6,\"cache_writes\":0},{\"cache_bytes\":26880,\"statement_bytes\":0,\"cache_hits\":1,\"cache_misses\":6,\"cache_writes\":0},{\"cache_bytes\":26880,\"statement_bytes\":0,\"cache_hits\":1,\"cache_misses\":6,\"cache_writes\":0}]},\"sqlite_busy_errors\":0,\"blocking_threads\":1,\"blocking_threads_peak\":1,\"blocking_active\":0,\"blocking_queued\":0,\"scrypt_active\":1,\"scrypt_peak\":1}"},"target":"snowtime_axum"}
same bytes                 teams: createTeam member refusal (403, 54 bytes)
same bytes                 teams: createTeam signed out (401, 61 bytes)
same bytes                 teams: createTeam malformed JSON (400, 45 bytes)
same bytes                 teams: renameTeam member refusal (403, 54 bytes)
same bytes                 teams: renameTeam signed out (401, 61 bytes)
same bytes                 teams: renameTeam malformed JSON (400, 45 bytes)
same bytes                 teams: deleteTeam member refusal (403, 54 bytes)
same bytes                 teams: deleteTeam signed out (401, 61 bytes)
same bytes                 teams: deleteTeam malformed JSON (400, 45 bytes)
same bytes                 teams: addTeamMember member refusal (403, 54 bytes)
same bytes                 teams: addTeamMember signed out (401, 61 bytes)
same bytes                 teams: addTeamMember malformed JSON (400, 45 bytes)
same bytes                 teams: removeTeamMember member refusal (403, 54 bytes)
same bytes                 teams: removeTeamMember signed out (401, 61 bytes)
same bytes                 teams: removeTeamMember malformed JSON (400, 45 bytes)
same bytes                 teams: setTeamRole member refusal (403, 54 bytes)
same bytes                 teams: setTeamRole signed out (401, 61 bytes)
same bytes                 teams: setTeamRole malformed JSON (400, 45 bytes)
same bytes                 teams: create name undefined (400, 77 bytes)
same bytes                 teams: create name null (400, 71 bytes)
same bytes                 teams: create name 3 (400, 68 bytes)
same bytes                 teams: create name [] (400, 72 bytes)
same bytes                 teams: create name "" (400, 37 bytes)
same bytes                 teams: create name " " (400, 37 bytes)
same bytes                 teams: create name "xxxxxxxxxxxxxxxxxxxxxxxxxxxxxxxxxxxxxxxxxxxxxxxxxxxxxxxxxxxxxxxxxxxxxxxxxxxxxxxxxxxxxxxxxxxxxxxxxxxxx" (400, 51 bytes)
same bytes                 teams: create name "😀😀😀😀😀😀😀😀😀😀😀😀😀😀😀😀😀😀😀😀😀😀😀😀😀😀😀😀😀😀😀😀😀😀😀😀😀😀😀😀😀😀😀😀😀😀😀😀😀😀😀" (400, 51 bytes)
same bytes                 teams: create and trim (200, 49 bytes)
same bytes                 teams: name conflict (409, 53 bytes)
same bytes                 teams: rename conflict (409, 53 bytes)
same bytes                 teams: rename (200, 57 bytes)
same bytes                 teams: add member (200, 76 bytes)
same bytes                 teams: repeat add (200, 76 bytes)
same bytes                 teams: promote to lead (200, 90 bytes)
same bytes                 teams: repeat add preserves lead (200, 76 bytes)
same bytes                 teams: roles in team list (200, 1738 bytes)
same bytes                 teams: roles in member list (200, 5586 bytes)
same bytes                 teams: return to member (200, 92 bytes)
same bytes                 teams: unknown member (404, 55 bytes)
same bytes                 teams: missing team before member (404, 53 bytes)
same bytes                 teams: missing membership role (404, 60 bytes)
same bytes                 teams: remove member (200, 76 bytes)
same bytes                 teams: repeat remove (404, 60 bytes)
same bytes                 teams: delete (200, 24 bytes)
same bytes                 teams: repeat delete (404, 53 bytes)
same bytes                 teams: create as organization admin (200, 39 bytes)
same bytes                 teams: delete as owner (200, 19 bytes)
same bytes                 teams: list after deletion (200, 1604 bytes)
same bytes                 teams: invalid role undefined (400, 77 bytes)
same bytes                 teams: invalid role null (400, 88 bytes)
same bytes                 teams: invalid role [] (400, 89 bytes)
same bytes                 teams: invalid role "owner" (400, 93 bytes)
same bytes                 teams: invalid role "Lead" (400, 92 bytes)
same bytes                 teams: renameTeam unknown team (404, 53 bytes)
same bytes                 teams: renameTeam bad team id (400, 35 bytes)
same bytes                 teams: deleteTeam unknown team (404, 53 bytes)
same bytes                 teams: deleteTeam bad team id (400, 35 bytes)
same bytes                 teams: addTeamMember unknown team (404, 53 bytes)
same bytes                 teams: addTeamMember bad team id (400, 35 bytes)
same bytes                 teams: removeTeamMember unknown team (404, 53 bytes)
same bytes                 teams: removeTeamMember bad team id (400, 35 bytes)
same bytes                 teams: setTeamRole unknown team (404, 53 bytes)
same bytes                 teams: setTeamRole bad team id (400, 35 bytes)
{"timestamp":"2026-10-08T10:33:23.668721Z","level":"INFO","fields":{"message":"bench counters","renderers":1,"render_queued":0,"render_busy_answers":0,"database":"{\"read_admission\":{\"active\":0,\"queued\":0,\"limit\":10},\"write_admission\":{\"active\":0,\"queued\":0,\"limit\":1},\"hash_admission\":{\"active\":0,\"queued\":0,\"limit\":10},\"report_admission\":{\"active\":0,\"queued\":0,\"limit\":2},\"writer\":{\"cache_bytes\":96512,\"statement_bytes\":542048,\"cache_hits\":1936,\"cache_misses\":49,\"cache_writes\":81},\"readers\":{\"idle\":10,\"connections\":[{\"cache_bytes\":5120,\"statement_bytes\":0,\"cache_hits\":1,\"cache_misses\":6,\"cache_writes\":0},{\"cache_bytes\":5120,\"statement_bytes\":0,\"cache_hits\":1,\"cache_misses\":6,\"cache_writes\":0},{\"cache_bytes\":5120,\"statement_bytes\":0,\"cache_hits\":1,\"cache_misses\":6,\"cache_writes\":0},{\"cache_bytes\":5120,\"statement_bytes\":0,\"cache_hits\":1,\"cache_misses\":6,\"cache_writes\":0},{\"cache_bytes\":5120,\"statement_bytes\":0,\"cache_hits\":1,\"cache_misses\":6,\"cache_writes\":0},{\"cache_bytes\":5120,\"statement_bytes\":0,\"cache_hits\":1,\"cache_misses\":6,\"cache_writes\":0},{\"cache_bytes\":5120,\"statement_bytes\":0,\"cache_hits\":1,\"cache_misses\":6,\"cache_writes\":0},{\"cache_bytes\":5120,\"statement_bytes\":0,\"cache_hits\":1,\"cache_misses\":6,\"cache_writes\":0},{\"cache_bytes\":5120,\"statement_bytes\":0,\"cache_hits\":1,\"cache_misses\":6,\"cache_writes\":0},{\"cache_bytes\":13824,\"statement_bytes\":351744,\"cache_hits\":25501,\"cache_misses\":2315,\"cache_writes\":0}]},\"sqlite_busy_errors\":0,\"blocking_threads\":0,\"blocking_threads_peak\":1,\"blocking_active\":0,\"blocking_queued\":0,\"scrypt_active\":0,\"scrypt_peak\":1}"},"target":"snowtime_axum"}
{"timestamp":"2026-10-08T10:33:23.701205Z","level":"INFO","fields":{"message":"bench counters","renderers":1,"render_queued":0,"render_busy_answers":0,"database":"{\"read_admission\":{\"active\":0,\"queued\":0,\"limit\":10},\"write_admission\":{\"active\":0,\"queued\":0,\"limit\":1},\"hash_admission\":{\"active\":0,\"queued\":0,\"limit\":10},\"report_admission\":{\"active\":0,\"queued\":0,\"limit\":2},\"writer\":{\"cache_bytes\":113920,\"statement_bytes\":71168,\"cache_hits\":631,\"cache_misses\":30,\"cache_writes\":45},\"readers\":{\"idle\":10,\"connections\":[{\"cache_bytes\":26880,\"statement_bytes\":0,\"cache_hits\":1,\"cache_misses\":6,\"cache_writes\":0},{\"cache_bytes\":26880,\"statement_bytes\":0,\"cache_hits\":1,\"cache_misses\":6,\"cache_writes\":0},{\"cache_bytes\":26880,\"statement_bytes\":0,\"cache_hits\":1,\"cache_misses\":6,\"cache_writes\":0},{\"cache_bytes\":26880,\"statement_bytes\":0,\"cache_hits\":1,\"cache_misses\":6,\"cache_writes\":0},{\"cache_bytes\":26880,\"statement_bytes\":0,\"cache_hits\":1,\"cache_misses\":6,\"cache_writes\":0},{\"cache_bytes\":26880,\"statement_bytes\":0,\"cache_hits\":1,\"cache_misses\":6,\"cache_writes\":0},{\"cache_bytes\":26880,\"statement_bytes\":0,\"cache_hits\":1,\"cache_misses\":6,\"cache_writes\":0},{\"cache_bytes\":26880,\"statement_bytes\":0,\"cache_hits\":1,\"cache_misses\":6,\"cache_writes\":0},{\"cache_bytes\":26880,\"statement_bytes\":0,\"cache_hits\":1,\"cache_misses\":6,\"cache_writes\":0},{\"cache_bytes\":52992,\"statement_bytes\":21024,\"cache_hits\":35,\"cache_misses\":30,\"cache_writes\":0}]},\"sqlite_busy_errors\":0,\"blocking_threads\":1,\"blocking_threads_peak\":1,\"blocking_active\":0,\"blocking_queued\":0,\"scrypt_active\":0,\"scrypt_peak\":1}"},"target":"snowtime_axum"}
{"timestamp":"2026-10-08T10:33:24.671568Z","level":"INFO","fields":{"message":"bench counters","renderers":1,"render_queued":0,"render_busy_answers":0,"database":"{\"read_admission\":{\"active\":0,\"queued\":0,\"limit\":10},\"write_admission\":{\"active\":0,\"queued\":0,\"limit\":1},\"hash_admission\":{\"active\":0,\"queued\":0,\"limit\":10},\"report_admission\":{\"active\":0,\"queued\":0,\"limit\":2},\"writer\":{\"cache_bytes\":96512,\"statement_bytes\":542048,\"cache_hits\":1936,\"cache_misses\":49,\"cache_writes\":81},\"readers\":{\"idle\":10,\"connections\":[{\"cache_bytes\":5120,\"statement_bytes\":0,\"cache_hits\":1,\"cache_misses\":6,\"cache_writes\":0},{\"cache_bytes\":5120,\"statement_bytes\":0,\"cache_hits\":1,\"cache_misses\":6,\"cache_writes\":0},{\"cache_bytes\":5120,\"statement_bytes\":0,\"cache_hits\":1,\"cache_misses\":6,\"cache_writes\":0},{\"cache_bytes\":5120,\"statement_bytes\":0,\"cache_hits\":1,\"cache_misses\":6,\"cache_writes\":0},{\"cache_bytes\":5120,\"statement_bytes\":0,\"cache_hits\":1,\"cache_misses\":6,\"cache_writes\":0},{\"cache_bytes\":5120,\"statement_bytes\":0,\"cache_hits\":1,\"cache_misses\":6,\"cache_writes\":0},{\"cache_bytes\":5120,\"statement_bytes\":0,\"cache_hits\":1,\"cache_misses\":6,\"cache_writes\":0},{\"cache_bytes\":5120,\"statement_bytes\":0,\"cache_hits\":1,\"cache_misses\":6,\"cache_writes\":0},{\"cache_bytes\":5120,\"statement_bytes\":0,\"cache_hits\":1,\"cache_misses\":6,\"cache_writes\":0},{\"cache_bytes\":13824,\"statement_bytes\":351744,\"cache_hits\":25501,\"cache_misses\":2315,\"cache_writes\":0}]},\"sqlite_busy_errors\":0,\"blocking_threads\":0,\"blocking_threads_peak\":1,\"blocking_active\":0,\"blocking_queued\":0,\"scrypt_active\":0,\"scrypt_peak\":1}"},"target":"snowtime_axum"}
{"timestamp":"2026-10-08T10:33:24.704422Z","level":"INFO","fields":{"message":"bench counters","renderers":1,"render_queued":0,"render_busy_answers":0,"database":"{\"read_admission\":{\"active\":0,\"queued\":0,\"limit\":10},\"write_admission\":{\"active\":0,\"queued\":0,\"limit\":1},\"hash_admission\":{\"active\":0,\"queued\":0,\"limit\":10},\"report_admission\":{\"active\":0,\"queued\":0,\"limit\":2},\"writer\":{\"cache_bytes\":113920,\"statement_bytes\":71168,\"cache_hits\":631,\"cache_misses\":30,\"cache_writes\":45},\"readers\":{\"idle\":10,\"connections\":[{\"cache_bytes\":26880,\"statement_bytes\":0,\"cache_hits\":1,\"cache_misses\":6,\"cache_writes\":0},{\"cache_bytes\":26880,\"statement_bytes\":0,\"cache_hits\":1,\"cache_misses\":6,\"cache_writes\":0},{\"cache_bytes\":26880,\"statement_bytes\":0,\"cache_hits\":1,\"cache_misses\":6,\"cache_writes\":0},{\"cache_bytes\":26880,\"statement_bytes\":0,\"cache_hits\":1,\"cache_misses\":6,\"cache_writes\":0},{\"cache_bytes\":26880,\"statement_bytes\":0,\"cache_hits\":1,\"cache_misses\":6,\"cache_writes\":0},{\"cache_bytes\":26880,\"statement_bytes\":0,\"cache_hits\":1,\"cache_misses\":6,\"cache_writes\":0},{\"cache_bytes\":26880,\"statement_bytes\":0,\"cache_hits\":1,\"cache_misses\":6,\"cache_writes\":0},{\"cache_bytes\":26880,\"statement_bytes\":0,\"cache_hits\":1,\"cache_misses\":6,\"cache_writes\":0},{\"cache_bytes\":26880,\"statement_bytes\":0,\"cache_hits\":1,\"cache_misses\":6,\"cache_writes\":0},{\"cache_bytes\":52992,\"statement_bytes\":21024,\"cache_hits\":35,\"cache_misses\":30,\"cache_writes\":0}]},\"sqlite_busy_errors\":0,\"blocking_threads\":1,\"blocking_threads_peak\":1,\"blocking_active\":0,\"blocking_queued\":0,\"scrypt_active\":0,\"scrypt_peak\":1}"},"target":"snowtime_axum"}
{"timestamp":"2026-10-08T10:33:25.674245Z","level":"INFO","fields":{"message":"bench counters","renderers":1,"render_queued":0,"render_busy_answers":0,"database":"{\"read_admission\":{\"active\":0,\"queued\":0,\"limit\":10},\"write_admission\":{\"active\":0,\"queued\":0,\"limit\":1},\"hash_admission\":{\"active\":0,\"queued\":0,\"limit\":10},\"report_admission\":{\"active\":0,\"queued\":0,\"limit\":2},\"writer\":{\"cache_bytes\":96512,\"statement_bytes\":542048,\"cache_hits\":1936,\"cache_misses\":49,\"cache_writes\":81},\"readers\":{\"idle\":10,\"connections\":[{\"cache_bytes\":5120,\"statement_bytes\":0,\"cache_hits\":1,\"cache_misses\":6,\"cache_writes\":0},{\"cache_bytes\":5120,\"statement_bytes\":0,\"cache_hits\":1,\"cache_misses\":6,\"cache_writes\":0},{\"cache_bytes\":5120,\"statement_bytes\":0,\"cache_hits\":1,\"cache_misses\":6,\"cache_writes\":0},{\"cache_bytes\":5120,\"statement_bytes\":0,\"cache_hits\":1,\"cache_misses\":6,\"cache_writes\":0},{\"cache_bytes\":5120,\"statement_bytes\":0,\"cache_hits\":1,\"cache_misses\":6,\"cache_writes\":0},{\"cache_bytes\":5120,\"statement_bytes\":0,\"cache_hits\":1,\"cache_misses\":6,\"cache_writes\":0},{\"cache_bytes\":5120,\"statement_bytes\":0,\"cache_hits\":1,\"cache_misses\":6,\"cache_writes\":0},{\"cache_bytes\":5120,\"statement_bytes\":0,\"cache_hits\":1,\"cache_misses\":6,\"cache_writes\":0},{\"cache_bytes\":5120,\"statement_bytes\":0,\"cache_hits\":1,\"cache_misses\":6,\"cache_writes\":0},{\"cache_bytes\":13824,\"statement_bytes\":351744,\"cache_hits\":25501,\"cache_misses\":2315,\"cache_writes\":0}]},\"sqlite_busy_errors\":0,\"blocking_threads\":0,\"blocking_threads_peak\":1,\"blocking_active\":0,\"blocking_queued\":0,\"scrypt_active\":0,\"scrypt_peak\":1}"},"target":"snowtime_axum"}
{"timestamp":"2026-10-08T10:33:25.707029Z","level":"INFO","fields":{"message":"bench counters","renderers":1,"render_queued":0,"render_busy_answers":0,"database":"{\"read_admission\":{\"active\":0,\"queued\":0,\"limit\":10},\"write_admission\":{\"active\":0,\"queued\":0,\"limit\":1},\"hash_admission\":{\"active\":0,\"queued\":0,\"limit\":10},\"report_admission\":{\"active\":0,\"queued\":0,\"limit\":2},\"writer\":{\"cache_bytes\":113920,\"statement_bytes\":71168,\"cache_hits\":631,\"cache_misses\":30,\"cache_writes\":45},\"readers\":{\"idle\":10,\"connections\":[{\"cache_bytes\":26880,\"statement_bytes\":0,\"cache_hits\":1,\"cache_misses\":6,\"cache_writes\":0},{\"cache_bytes\":26880,\"statement_bytes\":0,\"cache_hits\":1,\"cache_misses\":6,\"cache_writes\":0},{\"cache_bytes\":26880,\"statement_bytes\":0,\"cache_hits\":1,\"cache_misses\":6,\"cache_writes\":0},{\"cache_bytes\":26880,\"statement_bytes\":0,\"cache_hits\":1,\"cache_misses\":6,\"cache_writes\":0},{\"cache_bytes\":26880,\"statement_bytes\":0,\"cache_hits\":1,\"cache_misses\":6,\"cache_writes\":0},{\"cache_bytes\":26880,\"statement_bytes\":0,\"cache_hits\":1,\"cache_misses\":6,\"cache_writes\":0},{\"cache_bytes\":26880,\"statement_bytes\":0,\"cache_hits\":1,\"cache_misses\":6,\"cache_writes\":0},{\"cache_bytes\":26880,\"statement_bytes\":0,\"cache_hits\":1,\"cache_misses\":6,\"cache_writes\":0},{\"cache_bytes\":26880,\"statement_bytes\":0,\"cache_hits\":1,\"cache_misses\":6,\"cache_writes\":0},{\"cache_bytes\":52992,\"statement_bytes\":21024,\"cache_hits\":35,\"cache_misses\":30,\"cache_writes\":0}]},\"sqlite_busy_errors\":0,\"blocking_threads\":1,\"blocking_threads_peak\":1,\"blocking_active\":0,\"blocking_queued\":0,\"scrypt_active\":0,\"scrypt_peak\":1}"},"target":"snowtime_axum"}
{"timestamp":"2026-10-08T10:33:26.677006Z","level":"INFO","fields":{"message":"bench counters","renderers":1,"render_queued":0,"render_busy_answers":0,"database":"{\"read_admission\":{\"active\":0,\"queued\":0,\"limit\":10},\"write_admission\":{\"active\":0,\"queued\":0,\"limit\":1},\"hash_admission\":{\"active\":0,\"queued\":0,\"limit\":10},\"report_admission\":{\"active\":0,\"queued\":0,\"limit\":2},\"writer\":{\"cache_bytes\":96512,\"statement_bytes\":542048,\"cache_hits\":1936,\"cache_misses\":49,\"cache_writes\":81},\"readers\":{\"idle\":10,\"connections\":[{\"cache_bytes\":5120,\"statement_bytes\":0,\"cache_hits\":1,\"cache_misses\":6,\"cache_writes\":0},{\"cache_bytes\":5120,\"statement_bytes\":0,\"cache_hits\":1,\"cache_misses\":6,\"cache_writes\":0},{\"cache_bytes\":5120,\"statement_bytes\":0,\"cache_hits\":1,\"cache_misses\":6,\"cache_writes\":0},{\"cache_bytes\":5120,\"statement_bytes\":0,\"cache_hits\":1,\"cache_misses\":6,\"cache_writes\":0},{\"cache_bytes\":5120,\"statement_bytes\":0,\"cache_hits\":1,\"cache_misses\":6,\"cache_writes\":0},{\"cache_bytes\":5120,\"statement_bytes\":0,\"cache_hits\":1,\"cache_misses\":6,\"cache_writes\":0},{\"cache_bytes\":5120,\"statement_bytes\":0,\"cache_hits\":1,\"cache_misses\":6,\"cache_writes\":0},{\"cache_bytes\":5120,\"statement_bytes\":0,\"cache_hits\":1,\"cache_misses\":6,\"cache_writes\":0},{\"cache_bytes\":5120,\"statement_bytes\":0,\"cache_hits\":1,\"cache_misses\":6,\"cache_writes\":0},{\"cache_bytes\":13824,\"statement_bytes\":351744,\"cache_hits\":25501,\"cache_misses\":2315,\"cache_writes\":0}]},\"sqlite_busy_errors\":0,\"blocking_threads\":0,\"blocking_threads_peak\":1,\"blocking_active\":0,\"blocking_queued\":0,\"scrypt_active\":0,\"scrypt_peak\":1}"},"target":"snowtime_axum"}
{"timestamp":"2026-10-08T10:33:26.972841Z","level":"INFO","fields":{"message":"sized the renderers","limit_mib":32768,"source":"physical memory","cpus":10,"renderers":10,"heap_mib":128,"semi_space_mib":32},"target":"snowtime_axum"}
{"timestamp":"2026-10-08T10:33:26.973531Z","level":"INFO","fields":{"message":"listening","address":"127.0.0.1:64677","tls":false},"target":"snowtime_axum"}
{"timestamp":"2026-10-08T10:33:27.679008Z","level":"INFO","fields":{"message":"bench counters","renderers":1,"render_queued":0,"render_busy_answers":0,"database":"{\"read_admission\":{\"active\":0,\"queued\":0,\"limit\":10},\"write_admission\":{\"active\":0,\"queued\":0,\"limit\":1},\"hash_admission\":{\"active\":0,\"queued\":0,\"limit\":10},\"report_admission\":{\"active\":0,\"queued\":0,\"limit\":2},\"writer\":{\"cache_bytes\":96512,\"statement_bytes\":542048,\"cache_hits\":1936,\"cache_misses\":49,\"cache_writes\":81},\"readers\":{\"idle\":10,\"connections\":[{\"cache_bytes\":5120,\"statement_bytes\":0,\"cache_hits\":1,\"cache_misses\":6,\"cache_writes\":0},{\"cache_bytes\":5120,\"statement_bytes\":0,\"cache_hits\":1,\"cache_misses\":6,\"cache_writes\":0},{\"cache_bytes\":5120,\"statement_bytes\":0,\"cache_hits\":1,\"cache_misses\":6,\"cache_writes\":0},{\"cache_bytes\":5120,\"statement_bytes\":0,\"cache_hits\":1,\"cache_misses\":6,\"cache_writes\":0},{\"cache_bytes\":5120,\"statement_bytes\":0,\"cache_hits\":1,\"cache_misses\":6,\"cache_writes\":0},{\"cache_bytes\":5120,\"statement_bytes\":0,\"cache_hits\":1,\"cache_misses\":6,\"cache_writes\":0},{\"cache_bytes\":5120,\"statement_bytes\":0,\"cache_hits\":1,\"cache_misses\":6,\"cache_writes\":0},{\"cache_bytes\":5120,\"statement_bytes\":0,\"cache_hits\":1,\"cache_misses\":6,\"cache_writes\":0},{\"cache_bytes\":5120,\"statement_bytes\":0,\"cache_hits\":1,\"cache_misses\":6,\"cache_writes\":0},{\"cache_bytes\":13824,\"statement_bytes\":351744,\"cache_hits\":25501,\"cache_misses\":2315,\"cache_writes\":0}]},\"sqlite_busy_errors\":0,\"blocking_threads\":0,\"blocking_threads_peak\":1,\"blocking_active\":0,\"blocking_queued\":0,\"scrypt_active\":0,\"scrypt_peak\":1}"},"target":"snowtime_axum"}
{"timestamp":"2026-10-08T10:33:27.974776Z","level":"INFO","fields":{"message":"bench counters","renderers":1,"render_queued":0,"render_busy_answers":0,"database":"{\"read_admission\":{\"active\":0,\"queued\":0,\"limit\":10},\"write_admission\":{\"active\":0,\"queued\":0,\"limit\":1},\"hash_admission\":{\"active\":1,\"queued\":0,\"limit\":10},\"report_admission\":{\"active\":0,\"queued\":0,\"limit\":2},\"writer\":{\"cache_bytes\":52992,\"statement_bytes\":6688,\"cache_hits\":23,\"cache_misses\":16,\"cache_writes\":9},\"readers\":{\"idle\":10,\"connections\":[{\"cache_bytes\":26880,\"statement_bytes\":0,\"cache_hits\":1,\"cache_misses\":6,\"cache_writes\":0},{\"cache_bytes\":26880,\"statement_bytes\":0,\"cache_hits\":1,\"cache_misses\":6,\"cache_writes\":0},{\"cache_bytes\":26880,\"statement_bytes\":0,\"cache_hits\":1,\"cache_misses\":6,\"cache_writes\":0},{\"cache_bytes\":26880,\"statement_bytes\":0,\"cache_hits\":1,\"cache_misses\":6,\"cache_writes\":0},{\"cache_bytes\":26880,\"statement_bytes\":0,\"cache_hits\":1,\"cache_misses\":6,\"cache_writes\":0},{\"cache_bytes\":26880,\"statement_bytes\":0,\"cache_hits\":1,\"cache_misses\":6,\"cache_writes\":0},{\"cache_bytes\":26880,\"statement_bytes\":0,\"cache_hits\":1,\"cache_misses\":6,\"cache_writes\":0},{\"cache_bytes\":26880,\"statement_bytes\":0,\"cache_hits\":1,\"cache_misses\":6,\"cache_writes\":0},{\"cache_bytes\":26880,\"statement_bytes\":0,\"cache_hits\":1,\"cache_misses\":6,\"cache_writes\":0},{\"cache_bytes\":26880,\"statement_bytes\":0,\"cache_hits\":1,\"cache_misses\":6,\"cache_writes\":0}]},\"sqlite_busy_errors\":0,\"blocking_threads\":1,\"blocking_threads_peak\":1,\"blocking_active\":0,\"blocking_queued\":0,\"scrypt_active\":1,\"scrypt_peak\":1}"},"target":"snowtime_axum"}
same bytes                 team limit: owner at limit (422, 53 bytes)
same bytes                 team limit: member permission before limit (403, 54 bytes)
{"timestamp":"2026-10-08T10:33:28.681826Z","level":"INFO","fields":{"message":"bench counters","renderers":1,"render_queued":0,"render_busy_answers":0,"database":"{\"read_admission\":{\"active\":0,\"queued\":0,\"limit\":10},\"write_admission\":{\"active\":0,\"queued\":0,\"limit\":1},\"hash_admission\":{\"active\":0,\"queued\":0,\"limit\":10},\"report_admission\":{\"active\":0,\"queued\":0,\"limit\":2},\"writer\":{\"cache_bytes\":96512,\"statement_bytes\":542048,\"cache_hits\":1936,\"cache_misses\":49,\"cache_writes\":81},\"readers\":{\"idle\":10,\"connections\":[{\"cache_bytes\":5120,\"statement_bytes\":0,\"cache_hits\":1,\"cache_misses\":6,\"cache_writes\":0},{\"cache_bytes\":5120,\"statement_bytes\":0,\"cache_hits\":1,\"cache_misses\":6,\"cache_writes\":0},{\"cache_bytes\":5120,\"statement_bytes\":0,\"cache_hits\":1,\"cache_misses\":6,\"cache_writes\":0},{\"cache_bytes\":5120,\"statement_bytes\":0,\"cache_hits\":1,\"cache_misses\":6,\"cache_writes\":0},{\"cache_bytes\":5120,\"statement_bytes\":0,\"cache_hits\":1,\"cache_misses\":6,\"cache_writes\":0},{\"cache_bytes\":5120,\"statement_bytes\":0,\"cache_hits\":1,\"cache_misses\":6,\"cache_writes\":0},{\"cache_bytes\":5120,\"statement_bytes\":0,\"cache_hits\":1,\"cache_misses\":6,\"cache_writes\":0},{\"cache_bytes\":5120,\"statement_bytes\":0,\"cache_hits\":1,\"cache_misses\":6,\"cache_writes\":0},{\"cache_bytes\":5120,\"statement_bytes\":0,\"cache_hits\":1,\"cache_misses\":6,\"cache_writes\":0},{\"cache_bytes\":13824,\"statement_bytes\":351744,\"cache_hits\":25501,\"cache_misses\":2315,\"cache_writes\":0}]},\"sqlite_busy_errors\":0,\"blocking_threads\":0,\"blocking_threads_peak\":1,\"blocking_active\":0,\"blocking_queued\":0,\"scrypt_active\":0,\"scrypt_peak\":1}"},"target":"snowtime_axum"}
{"timestamp":"2026-10-08T10:33:28.977848Z","level":"INFO","fields":{"message":"bench counters","renderers":1,"render_queued":0,"render_busy_answers":0,"database":"{\"read_admission\":{\"active\":0,\"queued\":0,\"limit\":10},\"write_admission\":{\"active\":0,\"queued\":0,\"limit\":1},\"hash_admission\":{\"active\":0,\"queued\":0,\"limit\":10},\"report_admission\":{\"active\":0,\"queued\":0,\"limit\":2},\"writer\":{\"cache_bytes\":83456,\"statement_bytes\":17568,\"cache_hits\":45,\"cache_misses\":23,\"cache_writes\":13},\"readers\":{\"idle\":10,\"connections\":[{\"cache_bytes\":26880,\"statement_bytes\":0,\"cache_hits\":1,\"cache_misses\":6,\"cache_writes\":0},{\"cache_bytes\":26880,\"statement_bytes\":0,\"cache_hits\":1,\"cache_misses\":6,\"cache_writes\":0},{\"cache_bytes\":26880,\"statement_bytes\":0,\"cache_hits\":1,\"cache_misses\":6,\"cache_writes\":0},{\"cache_bytes\":26880,\"statement_bytes\":0,\"cache_hits\":1,\"cache_misses\":6,\"cache_writes\":0},{\"cache_bytes\":26880,\"statement_bytes\":0,\"cache_hits\":1,\"cache_misses\":6,\"cache_writes\":0},{\"cache_bytes\":26880,\"statement_bytes\":0,\"cache_hits\":1,\"cache_misses\":6,\"cache_writes\":0},{\"cache_bytes\":26880,\"statement_bytes\":0,\"cache_hits\":1,\"cache_misses\":6,\"cache_writes\":0},{\"cache_bytes\":26880,\"statement_bytes\":0,\"cache_hits\":1,\"cache_misses\":6,\"cache_writes\":0},{\"cache_bytes\":26880,\"statement_bytes\":0,\"cache_hits\":1,\"cache_misses\":6,\"cache_writes\":0},{\"cache_bytes\":26880,\"statement_bytes\":0,\"cache_hits\":1,\"cache_misses\":6,\"cache_writes\":0}]},\"sqlite_busy_errors\":0,\"blocking_threads\":1,\"blocking_threads_peak\":1,\"blocking_active\":0,\"blocking_queued\":0,\"scrypt_active\":0,\"scrypt_peak\":1}"},"target":"snowtime_axum"}
{"timestamp":"2026-10-08T10:33:29.684761Z","level":"INFO","fields":{"message":"bench counters","renderers":1,"render_queued":0,"render_busy_answers":0,"database":"{\"read_admission\":{\"active\":0,\"queued\":0,\"limit\":10},\"write_admission\":{\"active\":0,\"queued\":0,\"limit\":1},\"hash_admission\":{\"active\":0,\"queued\":0,\"limit\":10},\"report_admission\":{\"active\":0,\"queued\":0,\"limit\":2},\"writer\":{\"cache_bytes\":96512,\"statement_bytes\":542048,\"cache_hits\":1936,\"cache_misses\":49,\"cache_writes\":81},\"readers\":{\"idle\":10,\"connections\":[{\"cache_bytes\":5120,\"statement_bytes\":0,\"cache_hits\":1,\"cache_misses\":6,\"cache_writes\":0},{\"cache_bytes\":5120,\"statement_bytes\":0,\"cache_hits\":1,\"cache_misses\":6,\"cache_writes\":0},{\"cache_bytes\":5120,\"statement_bytes\":0,\"cache_hits\":1,\"cache_misses\":6,\"cache_writes\":0},{\"cache_bytes\":5120,\"statement_bytes\":0,\"cache_hits\":1,\"cache_misses\":6,\"cache_writes\":0},{\"cache_bytes\":5120,\"statement_bytes\":0,\"cache_hits\":1,\"cache_misses\":6,\"cache_writes\":0},{\"cache_bytes\":5120,\"statement_bytes\":0,\"cache_hits\":1,\"cache_misses\":6,\"cache_writes\":0},{\"cache_bytes\":5120,\"statement_bytes\":0,\"cache_hits\":1,\"cache_misses\":6,\"cache_writes\":0},{\"cache_bytes\":5120,\"statement_bytes\":0,\"cache_hits\":1,\"cache_misses\":6,\"cache_writes\":0},{\"cache_bytes\":5120,\"statement_bytes\":0,\"cache_hits\":1,\"cache_misses\":6,\"cache_writes\":0},{\"cache_bytes\":13824,\"statement_bytes\":351744,\"cache_hits\":25501,\"cache_misses\":2315,\"cache_writes\":0}]},\"sqlite_busy_errors\":0,\"blocking_threads\":0,\"blocking_threads_peak\":1,\"blocking_active\":0,\"blocking_queued\":0,\"scrypt_active\":0,\"scrypt_peak\":1}"},"target":"snowtime_axum"}
{"timestamp":"2026-10-08T10:33:29.980178Z","level":"INFO","fields":{"message":"bench counters","renderers":1,"render_queued":0,"render_busy_answers":0,"database":"{\"read_admission\":{\"active\":0,\"queued\":0,\"limit\":10},\"write_admission\":{\"active\":0,\"queued\":0,\"limit\":1},\"hash_admission\":{\"active\":0,\"queued\":0,\"limit\":10},\"report_admission\":{\"active\":0,\"queued\":0,\"limit\":2},\"writer\":{\"cache_bytes\":83456,\"statement_bytes\":17568,\"cache_hits\":45,\"cache_misses\":23,\"cache_writes\":13},\"readers\":{\"idle\":10,\"connections\":[{\"cache_bytes\":26880,\"statement_bytes\":0,\"cache_hits\":1,\"cache_misses\":6,\"cache_writes\":0},{\"cache_bytes\":26880,\"statement_bytes\":0,\"cache_hits\":1,\"cache_misses\":6,\"cache_writes\":0},{\"cache_bytes\":26880,\"statement_bytes\":0,\"cache_hits\":1,\"cache_misses\":6,\"cache_writes\":0},{\"cache_bytes\":26880,\"statement_bytes\":0,\"cache_hits\":1,\"cache_misses\":6,\"cache_writes\":0},{\"cache_bytes\":26880,\"statement_bytes\":0,\"cache_hits\":1,\"cache_misses\":6,\"cache_writes\":0},{\"cache_bytes\":26880,\"statement_bytes\":0,\"cache_hits\":1,\"cache_misses\":6,\"cache_writes\":0},{\"cache_bytes\":26880,\"statement_bytes\":0,\"cache_hits\":1,\"cache_misses\":6,\"cache_writes\":0},{\"cache_bytes\":26880,\"statement_bytes\":0,\"cache_hits\":1,\"cache_misses\":6,\"cache_writes\":0},{\"cache_bytes\":26880,\"statement_bytes\":0,\"cache_hits\":1,\"cache_misses\":6,\"cache_writes\":0},{\"cache_bytes\":26880,\"statement_bytes\":0,\"cache_hits\":1,\"cache_misses\":6,\"cache_writes\":0}]},\"sqlite_busy_errors\":0,\"blocking_threads\":1,\"blocking_threads_peak\":1,\"blocking_active\":0,\"blocking_queued\":0,\"scrypt_active\":0,\"scrypt_peak\":1}"},"target":"snowtime_axum"}
{"timestamp":"2026-10-08T10:33:30.687633Z","level":"INFO","fields":{"message":"bench counters","renderers":1,"render_queued":0,"render_busy_answers":0,"database":"{\"read_admission\":{\"active\":0,\"queued\":0,\"limit\":10},\"write_admission\":{\"active\":0,\"queued\":0,\"limit\":1},\"hash_admission\":{\"active\":0,\"queued\":0,\"limit\":10},\"report_admission\":{\"active\":0,\"queued\":0,\"limit\":2},\"writer\":{\"cache_bytes\":96512,\"statement_bytes\":542048,\"cache_hits\":1936,\"cache_misses\":49,\"cache_writes\":81},\"readers\":{\"idle\":10,\"connections\":[{\"cache_bytes\":5120,\"statement_bytes\":0,\"cache_hits\":1,\"cache_misses\":6,\"cache_writes\":0},{\"cache_bytes\":5120,\"statement_bytes\":0,\"cache_hits\":1,\"cache_misses\":6,\"cache_writes\":0},{\"cache_bytes\":5120,\"statement_bytes\":0,\"cache_hits\":1,\"cache_misses\":6,\"cache_writes\":0},{\"cache_bytes\":5120,\"statement_bytes\":0,\"cache_hits\":1,\"cache_misses\":6,\"cache_writes\":0},{\"cache_bytes\":5120,\"statement_bytes\":0,\"cache_hits\":1,\"cache_misses\":6,\"cache_writes\":0},{\"cache_bytes\":5120,\"statement_bytes\":0,\"cache_hits\":1,\"cache_misses\":6,\"cache_writes\":0},{\"cache_bytes\":5120,\"statement_bytes\":0,\"cache_hits\":1,\"cache_misses\":6,\"cache_writes\":0},{\"cache_bytes\":5120,\"statement_bytes\":0,\"cache_hits\":1,\"cache_misses\":6,\"cache_writes\":0},{\"cache_bytes\":5120,\"statement_bytes\":0,\"cache_hits\":1,\"cache_misses\":6,\"cache_writes\":0},{\"cache_bytes\":13824,\"statement_bytes\":351744,\"cache_hits\":25501,\"cache_misses\":2315,\"cache_writes\":0}]},\"sqlite_busy_errors\":0,\"blocking_threads\":0,\"blocking_threads_peak\":1,\"blocking_active\":0,\"blocking_queued\":0,\"scrypt_active\":0,\"scrypt_peak\":1}"},"target":"snowtime_axum"}
{"timestamp":"2026-10-08T10:33:30.982786Z","level":"INFO","fields":{"message":"bench counters","renderers":1,"render_queued":0,"render_busy_answers":0,"database":"{\"read_admission\":{\"active\":0,\"queued\":0,\"limit\":10},\"write_admission\":{\"active\":0,\"queued\":0,\"limit\":1},\"hash_admission\":{\"active\":0,\"queued\":0,\"limit\":10},\"report_admission\":{\"active\":0,\"queued\":0,\"limit\":2},\"writer\":{\"cache_bytes\":83456,\"statement_bytes\":17568,\"cache_hits\":45,\"cache_misses\":23,\"cache_writes\":13},\"readers\":{\"idle\":10,\"connections\":[{\"cache_bytes\":26880,\"statement_bytes\":0,\"cache_hits\":1,\"cache_misses\":6,\"cache_writes\":0},{\"cache_bytes\":26880,\"statement_bytes\":0,\"cache_hits\":1,\"cache_misses\":6,\"cache_writes\":0},{\"cache_bytes\":26880,\"statement_bytes\":0,\"cache_hits\":1,\"cache_misses\":6,\"cache_writes\":0},{\"cache_bytes\":26880,\"statement_bytes\":0,\"cache_hits\":1,\"cache_misses\":6,\"cache_writes\":0},{\"cache_bytes\":26880,\"statement_bytes\":0,\"cache_hits\":1,\"cache_misses\":6,\"cache_writes\":0},{\"cache_bytes\":26880,\"statement_bytes\":0,\"cache_hits\":1,\"cache_misses\":6,\"cache_writes\":0},{\"cache_bytes\":26880,\"statement_bytes\":0,\"cache_hits\":1,\"cache_misses\":6,\"cache_writes\":0},{\"cache_bytes\":26880,\"statement_bytes\":0,\"cache_hits\":1,\"cache_misses\":6,\"cache_writes\":0},{\"cache_bytes\":26880,\"statement_bytes\":0,\"cache_hits\":1,\"cache_misses\":6,\"cache_writes\":0},{\"cache_bytes\":26880,\"statement_bytes\":0,\"cache_hits\":1,\"cache_misses\":6,\"cache_writes\":0}]},\"sqlite_busy_errors\":0,\"blocking_threads\":1,\"blocking_threads_peak\":1,\"blocking_active\":0,\"blocking_queued\":0,\"scrypt_active\":0,\"scrypt_peak\":1}"},"target":"snowtime_axum"}
{"timestamp":"2026-10-08T10:33:31.690432Z","level":"INFO","fields":{"message":"bench counters","renderers":1,"render_queued":0,"render_busy_answers":0,"database":"{\"read_admission\":{\"active\":0,\"queued\":0,\"limit\":10},\"write_admission\":{\"active\":0,\"queued\":0,\"limit\":1},\"hash_admission\":{\"active\":0,\"queued\":0,\"limit\":10},\"report_admission\":{\"active\":0,\"queued\":0,\"limit\":2},\"writer\":{\"cache_bytes\":96512,\"statement_bytes\":542048,\"cache_hits\":1936,\"cache_misses\":49,\"cache_writes\":81},\"readers\":{\"idle\":10,\"connections\":[{\"cache_bytes\":5120,\"statement_bytes\":0,\"cache_hits\":1,\"cache_misses\":6,\"cache_writes\":0},{\"cache_bytes\":5120,\"statement_bytes\":0,\"cache_hits\":1,\"cache_misses\":6,\"cache_writes\":0},{\"cache_bytes\":5120,\"statement_bytes\":0,\"cache_hits\":1,\"cache_misses\":6,\"cache_writes\":0},{\"cache_bytes\":5120,\"statement_bytes\":0,\"cache_hits\":1,\"cache_misses\":6,\"cache_writes\":0},{\"cache_bytes\":5120,\"statement_bytes\":0,\"cache_hits\":1,\"cache_misses\":6,\"cache_writes\":0},{\"cache_bytes\":5120,\"statement_bytes\":0,\"cache_hits\":1,\"cache_misses\":6,\"cache_writes\":0},{\"cache_bytes\":5120,\"statement_bytes\":0,\"cache_hits\":1,\"cache_misses\":6,\"cache_writes\":0},{\"cache_bytes\":5120,\"statement_bytes\":0,\"cache_hits\":1,\"cache_misses\":6,\"cache_writes\":0},{\"cache_bytes\":5120,\"statement_bytes\":0,\"cache_hits\":1,\"cache_misses\":6,\"cache_writes\":0},{\"cache_bytes\":13824,\"statement_bytes\":351744,\"cache_hits\":25501,\"cache_misses\":2315,\"cache_writes\":0}]},\"sqlite_busy_errors\":0,\"blocking_threads\":0,\"blocking_threads_peak\":1,\"blocking_active\":0,\"blocking_queued\":0,\"scrypt_active\":0,\"scrypt_peak\":1}"},"target":"snowtime_axum"}
{"timestamp":"2026-10-08T10:33:32.242722Z","level":"INFO","fields":{"message":"sized the renderers","limit_mib":32768,"source":"physical memory","cpus":10,"renderers":10,"heap_mib":128,"semi_space_mib":32},"target":"snowtime_axum"}
{"timestamp":"2026-10-08T10:33:32.243421Z","level":"INFO","fields":{"message":"listening","address":"127.0.0.1:64686","tls":false},"target":"snowtime_axum"}
{"timestamp":"2026-10-08T10:33:32.692127Z","level":"INFO","fields":{"message":"bench counters","renderers":1,"render_queued":0,"render_busy_answers":0,"database":"{\"read_admission\":{\"active\":0,\"queued\":0,\"limit\":10},\"write_admission\":{\"active\":0,\"queued\":0,\"limit\":1},\"hash_admission\":{\"active\":0,\"queued\":0,\"limit\":10},\"report_admission\":{\"active\":0,\"queued\":0,\"limit\":2},\"writer\":{\"cache_bytes\":96512,\"statement_bytes\":542048,\"cache_hits\":1936,\"cache_misses\":49,\"cache_writes\":81},\"readers\":{\"idle\":10,\"connections\":[{\"cache_bytes\":5120,\"statement_bytes\":0,\"cache_hits\":1,\"cache_misses\":6,\"cache_writes\":0},{\"cache_bytes\":5120,\"statement_bytes\":0,\"cache_hits\":1,\"cache_misses\":6,\"cache_writes\":0},{\"cache_bytes\":5120,\"statement_bytes\":0,\"cache_hits\":1,\"cache_misses\":6,\"cache_writes\":0},{\"cache_bytes\":5120,\"statement_bytes\":0,\"cache_hits\":1,\"cache_misses\":6,\"cache_writes\":0},{\"cache_bytes\":5120,\"statement_bytes\":0,\"cache_hits\":1,\"cache_misses\":6,\"cache_writes\":0},{\"cache_bytes\":5120,\"statement_bytes\":0,\"cache_hits\":1,\"cache_misses\":6,\"cache_writes\":0},{\"cache_bytes\":5120,\"statement_bytes\":0,\"cache_hits\":1,\"cache_misses\":6,\"cache_writes\":0},{\"cache_bytes\":5120,\"statement_bytes\":0,\"cache_hits\":1,\"cache_misses\":6,\"cache_writes\":0},{\"cache_bytes\":5120,\"statement_bytes\":0,\"cache_hits\":1,\"cache_misses\":6,\"cache_writes\":0},{\"cache_bytes\":13824,\"statement_bytes\":351744,\"cache_hits\":25501,\"cache_misses\":2315,\"cache_writes\":0}]},\"sqlite_busy_errors\":0,\"blocking_threads\":0,\"blocking_threads_peak\":1,\"blocking_active\":0,\"blocking_queued\":0,\"scrypt_active\":0,\"scrypt_peak\":1}"},"target":"snowtime_axum"}
{"timestamp":"2026-10-08T10:33:33.244857Z","level":"INFO","fields":{"message":"bench counters","renderers":1,"render_queued":0,"render_busy_answers":0,"database":"{\"read_admission\":{\"active\":0,\"queued\":0,\"limit\":10},\"write_admission\":{\"active\":0,\"queued\":0,\"limit\":1},\"hash_admission\":{\"active\":1,\"queued\":0,\"limit\":10},\"report_admission\":{\"active\":0,\"queued\":0,\"limit\":2},\"writer\":{\"cache_bytes\":52992,\"statement_bytes\":6688,\"cache_hits\":23,\"cache_misses\":16,\"cache_writes\":9},\"readers\":{\"idle\":10,\"connections\":[{\"cache_bytes\":26880,\"statement_bytes\":0,\"cache_hits\":1,\"cache_misses\":6,\"cache_writes\":0},{\"cache_bytes\":26880,\"statement_bytes\":0,\"cache_hits\":1,\"cache_misses\":6,\"cache_writes\":0},{\"cache_bytes\":26880,\"statement_bytes\":0,\"cache_hits\":1,\"cache_misses\":6,\"cache_writes\":0},{\"cache_bytes\":26880,\"statement_bytes\":0,\"cache_hits\":1,\"cache_misses\":6,\"cache_writes\":0},{\"cache_bytes\":26880,\"statement_bytes\":0,\"cache_hits\":1,\"cache_misses\":6,\"cache_writes\":0},{\"cache_bytes\":26880,\"statement_bytes\":0,\"cache_hits\":1,\"cache_misses\":6,\"cache_writes\":0},{\"cache_bytes\":26880,\"statement_bytes\":0,\"cache_hits\":1,\"cache_misses\":6,\"cache_writes\":0},{\"cache_bytes\":26880,\"statement_bytes\":0,\"cache_hits\":1,\"cache_misses\":6,\"cache_writes\":0},{\"cache_bytes\":26880,\"statement_bytes\":0,\"cache_hits\":1,\"cache_misses\":6,\"cache_writes\":0},{\"cache_bytes\":26880,\"statement_bytes\":0,\"cache_hits\":1,\"cache_misses\":6,\"cache_writes\":0}]},\"sqlite_busy_errors\":0,\"blocking_threads\":1,\"blocking_threads_peak\":1,\"blocking_active\":0,\"blocking_queued\":0,\"scrypt_active\":1,\"scrypt_peak\":1}"},"target":"snowtime_axum"}
same bytes                 invitations: list as owner (200, 828 bytes)
same bytes                 invitations: list as member (200, 828 bytes)
same bytes                 invitations: list signed out (401, 61 bytes)
same bytes                 invitations: unknown preview signed out (200, 4 bytes)
same bytes                 invitations: invalid preview id (400, 35 bytes)
same bytes                 invitations: member refusal (403, 61 bytes)
same bytes                 invitations: signed out (401, 61 bytes)
same bytes                 invitations: malformed body (400, 45 bytes)
same bytes                 invitations: missing team (404, 53 bytes)
same bytes                 invitations: existing member (400, 124 bytes)
same bytes                 invitations: admin cannot invite owner (403, 134 bytes)
same bytes                 invitations: preview state 0 (200, 245 bytes)
same bytes                 invitations: preview state 1 (200, 62 bytes)
same bytes                 invitations: preview state 2 (200, 62 bytes)
same bytes                 invitations: preview state 3 (200, 62 bytes)
same bytes                 invitations: preview state 4 (200, 127 bytes)
same bytes                 invitations: invalid email undefined (400, 78 bytes)
same bytes                 invitations: invalid email null (400, 71 bytes)
same bytes                 invitations: invalid email 3 (400, 68 bytes)
same bytes                 invitations: invalid email [] (400, 72 bytes)
same bytes                 invitations: invalid email "" (400, 52 bytes)
same bytes                 invitations: invalid email "bad" (400, 52 bytes)
same bytes                 invitations: invalid email "a..b@example.com" (400, 52 bytes)
same bytes                 invitations: invalid email "user@localhost" (400, 52 bytes)
same bytes                 invitations: invalid email "ä@example.com" (400, 52 bytes)
same bytes                 invitations: invalid role undefined (400, 77 bytes)
same bytes                 invitations: invalid role null (400, 101 bytes)
same bytes                 invitations: invalid role "lead" (400, 105 bytes)
same bytes                 invitations: invalid role [] (400, 102 bytes)
same bytes                 invitations: invalid teamId undefined (400, 79 bytes)
same bytes                 invitations: invalid teamId "bad" (400, 35 bytes)
same bytes                 invitations: invalid teamId 3 (400, 68 bytes)
same bytes                 invitations: Valibot email then Zod refusal (200, 76 bytes)
same bytes                 invitations: create and normalize email (200, 75 bytes)
same bytes                 invitations: duplicate open invitation (400, 122 bytes)
same bytes                 invitations: preview has team and inviter (200, 233 bytes)
same bytes                 invitations: list after create as member (200, 1085 bytes)
same bytes                 invitations: organization admin can invite admin (200, 73 bytes)
same bytes                 invitations: owner can invite owner (200, 73 bytes)
{"timestamp":"2026-10-08T10:33:33.694884Z","level":"INFO","fields":{"message":"bench counters","renderers":1,"render_queued":0,"render_busy_answers":0,"database":"{\"read_admission\":{\"active\":0,\"queued\":0,\"limit\":10},\"write_admission\":{\"active\":0,\"queued\":0,\"limit\":1},\"hash_admission\":{\"active\":0,\"queued\":0,\"limit\":10},\"report_admission\":{\"active\":0,\"queued\":0,\"limit\":2},\"writer\":{\"cache_bytes\":96512,\"statement_bytes\":542048,\"cache_hits\":1936,\"cache_misses\":49,\"cache_writes\":81},\"readers\":{\"idle\":10,\"connections\":[{\"cache_bytes\":5120,\"statement_bytes\":0,\"cache_hits\":1,\"cache_misses\":6,\"cache_writes\":0},{\"cache_bytes\":5120,\"statement_bytes\":0,\"cache_hits\":1,\"cache_misses\":6,\"cache_writes\":0},{\"cache_bytes\":5120,\"statement_bytes\":0,\"cache_hits\":1,\"cache_misses\":6,\"cache_writes\":0},{\"cache_bytes\":5120,\"statement_bytes\":0,\"cache_hits\":1,\"cache_misses\":6,\"cache_writes\":0},{\"cache_bytes\":5120,\"statement_bytes\":0,\"cache_hits\":1,\"cache_misses\":6,\"cache_writes\":0},{\"cache_bytes\":5120,\"statement_bytes\":0,\"cache_hits\":1,\"cache_misses\":6,\"cache_writes\":0},{\"cache_bytes\":5120,\"statement_bytes\":0,\"cache_hits\":1,\"cache_misses\":6,\"cache_writes\":0},{\"cache_bytes\":5120,\"statement_bytes\":0,\"cache_hits\":1,\"cache_misses\":6,\"cache_writes\":0},{\"cache_bytes\":5120,\"statement_bytes\":0,\"cache_hits\":1,\"cache_misses\":6,\"cache_writes\":0},{\"cache_bytes\":13824,\"statement_bytes\":351744,\"cache_hits\":25501,\"cache_misses\":2315,\"cache_writes\":0}]},\"sqlite_busy_errors\":0,\"blocking_threads\":0,\"blocking_threads_peak\":1,\"blocking_active\":0,\"blocking_queued\":0,\"scrypt_active\":0,\"scrypt_peak\":1}"},"target":"snowtime_axum"}
{"timestamp":"2026-10-08T10:33:34.247212Z","level":"INFO","fields":{"message":"bench counters","renderers":1,"render_queued":0,"render_busy_answers":0,"database":"{\"read_admission\":{\"active\":0,\"queued\":0,\"limit\":10},\"write_admission\":{\"active\":0,\"queued\":0,\"limit\":1},\"hash_admission\":{\"active\":0,\"queued\":0,\"limit\":10},\"report_admission\":{\"active\":0,\"queued\":0,\"limit\":2},\"writer\":{\"cache_bytes\":96512,\"statement_bytes\":35952,\"cache_hits\":362,\"cache_misses\":26,\"cache_writes\":26},\"readers\":{\"idle\":10,\"connections\":[{\"cache_bytes\":26880,\"statement_bytes\":0,\"cache_hits\":1,\"cache_misses\":6,\"cache_writes\":0},{\"cache_bytes\":26880,\"statement_bytes\":0,\"cache_hits\":1,\"cache_misses\":6,\"cache_writes\":0},{\"cache_bytes\":26880,\"statement_bytes\":0,\"cache_hits\":1,\"cache_misses\":6,\"cache_writes\":0},{\"cache_bytes\":26880,\"statement_bytes\":0,\"cache_hits\":1,\"cache_misses\":6,\"cache_writes\":0},{\"cache_bytes\":26880,\"statement_bytes\":0,\"cache_hits\":1,\"cache_misses\":6,\"cache_writes\":0},{\"cache_bytes\":26880,\"statement_bytes\":0,\"cache_hits\":1,\"cache_misses\":6,\"cache_writes\":0},{\"cache_bytes\":26880,\"statement_bytes\":0,\"cache_hits\":1,\"cache_misses\":6,\"cache_writes\":0},{\"cache_bytes\":26880,\"statement_bytes\":0,\"cache_hits\":1,\"cache_misses\":6,\"cache_writes\":0},{\"cache_bytes\":26880,\"statement_bytes\":0,\"cache_hits\":1,\"cache_misses\":6,\"cache_writes\":0},{\"cache_bytes\":74752,\"statement_bytes\":22160,\"cache_hits\":56,\"cache_misses\":36,\"cache_writes\":0}]},\"sqlite_busy_errors\":0,\"blocking_threads\":1,\"blocking_threads_peak\":1,\"blocking_active\":0,\"blocking_queued\":0,\"scrypt_active\":0,\"scrypt_peak\":1}"},"target":"snowtime_axum"}
{"timestamp":"2026-10-08T10:33:34.697801Z","level":"INFO","fields":{"message":"bench counters","renderers":1,"render_queued":0,"render_busy_answers":0,"database":"{\"read_admission\":{\"active\":0,\"queued\":0,\"limit\":10},\"write_admission\":{\"active\":0,\"queued\":0,\"limit\":1},\"hash_admission\":{\"active\":0,\"queued\":0,\"limit\":10},\"report_admission\":{\"active\":0,\"queued\":0,\"limit\":2},\"writer\":{\"cache_bytes\":96512,\"statement_bytes\":542048,\"cache_hits\":1936,\"cache_misses\":49,\"cache_writes\":81},\"readers\":{\"idle\":10,\"connections\":[{\"cache_bytes\":5120,\"statement_bytes\":0,\"cache_hits\":1,\"cache_misses\":6,\"cache_writes\":0},{\"cache_bytes\":5120,\"statement_bytes\":0,\"cache_hits\":1,\"cache_misses\":6,\"cache_writes\":0},{\"cache_bytes\":5120,\"statement_bytes\":0,\"cache_hits\":1,\"cache_misses\":6,\"cache_writes\":0},{\"cache_bytes\":5120,\"statement_bytes\":0,\"cache_hits\":1,\"cache_misses\":6,\"cache_writes\":0},{\"cache_bytes\":5120,\"statement_bytes\":0,\"cache_hits\":1,\"cache_misses\":6,\"cache_writes\":0},{\"cache_bytes\":5120,\"statement_bytes\":0,\"cache_hits\":1,\"cache_misses\":6,\"cache_writes\":0},{\"cache_bytes\":5120,\"statement_bytes\":0,\"cache_hits\":1,\"cache_misses\":6,\"cache_writes\":0},{\"cache_bytes\":5120,\"statement_bytes\":0,\"cache_hits\":1,\"cache_misses\":6,\"cache_writes\":0},{\"cache_bytes\":5120,\"statement_bytes\":0,\"cache_hits\":1,\"cache_misses\":6,\"cache_writes\":0},{\"cache_bytes\":13824,\"statement_bytes\":351744,\"cache_hits\":25501,\"cache_misses\":2315,\"cache_writes\":0}]},\"sqlite_busy_errors\":0,\"blocking_threads\":0,\"blocking_threads_peak\":1,\"blocking_active\":0,\"blocking_queued\":0,\"scrypt_active\":0,\"scrypt_peak\":1}"},"target":"snowtime_axum"}
{"timestamp":"2026-10-08T10:33:35.249425Z","level":"INFO","fields":{"message":"bench counters","renderers":1,"render_queued":0,"render_busy_answers":0,"database":"{\"read_admission\":{\"active\":0,\"queued\":0,\"limit\":10},\"write_admission\":{\"active\":0,\"queued\":0,\"limit\":1},\"hash_admission\":{\"active\":0,\"queued\":0,\"limit\":10},\"report_admission\":{\"active\":0,\"queued\":0,\"limit\":2},\"writer\":{\"cache_bytes\":96512,\"statement_bytes\":35952,\"cache_hits\":362,\"cache_misses\":26,\"cache_writes\":26},\"readers\":{\"idle\":10,\"connections\":[{\"cache_bytes\":26880,\"statement_bytes\":0,\"cache_hits\":1,\"cache_misses\":6,\"cache_writes\":0},{\"cache_bytes\":26880,\"statement_bytes\":0,\"cache_hits\":1,\"cache_misses\":6,\"cache_writes\":0},{\"cache_bytes\":26880,\"statement_bytes\":0,\"cache_hits\":1,\"cache_misses\":6,\"cache_writes\":0},{\"cache_bytes\":26880,\"statement_bytes\":0,\"cache_hits\":1,\"cache_misses\":6,\"cache_writes\":0},{\"cache_bytes\":26880,\"statement_bytes\":0,\"cache_hits\":1,\"cache_misses\":6,\"cache_writes\":0},{\"cache_bytes\":26880,\"statement_bytes\":0,\"cache_hits\":1,\"cache_misses\":6,\"cache_writes\":0},{\"cache_bytes\":26880,\"statement_bytes\":0,\"cache_hits\":1,\"cache_misses\":6,\"cache_writes\":0},{\"cache_bytes\":26880,\"statement_bytes\":0,\"cache_hits\":1,\"cache_misses\":6,\"cache_writes\":0},{\"cache_bytes\":26880,\"statement_bytes\":0,\"cache_hits\":1,\"cache_misses\":6,\"cache_writes\":0},{\"cache_bytes\":74752,\"statement_bytes\":22160,\"cache_hits\":56,\"cache_misses\":36,\"cache_writes\":0}]},\"sqlite_busy_errors\":0,\"blocking_threads\":1,\"blocking_threads_peak\":1,\"blocking_active\":0,\"blocking_queued\":0,\"scrypt_active\":0,\"scrypt_peak\":1}"},"target":"snowtime_axum"}
{"timestamp":"2026-10-08T10:33:35.700689Z","level":"INFO","fields":{"message":"bench counters","renderers":1,"render_queued":0,"render_busy_answers":0,"database":"{\"read_admission\":{\"active\":0,\"queued\":0,\"limit\":10},\"write_admission\":{\"active\":0,\"queued\":0,\"limit\":1},\"hash_admission\":{\"active\":0,\"queued\":0,\"limit\":10},\"report_admission\":{\"active\":0,\"queued\":0,\"limit\":2},\"writer\":{\"cache_bytes\":96512,\"statement_bytes\":542048,\"cache_hits\":1936,\"cache_misses\":49,\"cache_writes\":81},\"readers\":{\"idle\":10,\"connections\":[{\"cache_bytes\":5120,\"statement_bytes\":0,\"cache_hits\":1,\"cache_misses\":6,\"cache_writes\":0},{\"cache_bytes\":5120,\"statement_bytes\":0,\"cache_hits\":1,\"cache_misses\":6,\"cache_writes\":0},{\"cache_bytes\":5120,\"statement_bytes\":0,\"cache_hits\":1,\"cache_misses\":6,\"cache_writes\":0},{\"cache_bytes\":5120,\"statement_bytes\":0,\"cache_hits\":1,\"cache_misses\":6,\"cache_writes\":0},{\"cache_bytes\":5120,\"statement_bytes\":0,\"cache_hits\":1,\"cache_misses\":6,\"cache_writes\":0},{\"cache_bytes\":5120,\"statement_bytes\":0,\"cache_hits\":1,\"cache_misses\":6,\"cache_writes\":0},{\"cache_bytes\":5120,\"statement_bytes\":0,\"cache_hits\":1,\"cache_misses\":6,\"cache_writes\":0},{\"cache_bytes\":5120,\"statement_bytes\":0,\"cache_hits\":1,\"cache_misses\":6,\"cache_writes\":0},{\"cache_bytes\":5120,\"statement_bytes\":0,\"cache_hits\":1,\"cache_misses\":6,\"cache_writes\":0},{\"cache_bytes\":13824,\"statement_bytes\":351744,\"cache_hits\":25501,\"cache_misses\":2315,\"cache_writes\":0}]},\"sqlite_busy_errors\":0,\"blocking_threads\":0,\"blocking_threads_peak\":1,\"blocking_active\":0,\"blocking_queued\":0,\"scrypt_active\":0,\"scrypt_peak\":1}"},"target":"snowtime_axum"}
{"timestamp":"2026-10-08T10:33:36.251952Z","level":"INFO","fields":{"message":"bench counters","renderers":1,"render_queued":0,"render_busy_answers":0,"database":"{\"read_admission\":{\"active\":0,\"queued\":0,\"limit\":10},\"write_admission\":{\"active\":0,\"queued\":0,\"limit\":1},\"hash_admission\":{\"active\":0,\"queued\":0,\"limit\":10},\"report_admission\":{\"active\":0,\"queued\":0,\"limit\":2},\"writer\":{\"cache_bytes\":96512,\"statement_bytes\":35952,\"cache_hits\":362,\"cache_misses\":26,\"cache_writes\":26},\"readers\":{\"idle\":10,\"connections\":[{\"cache_bytes\":26880,\"statement_bytes\":0,\"cache_hits\":1,\"cache_misses\":6,\"cache_writes\":0},{\"cache_bytes\":26880,\"statement_bytes\":0,\"cache_hits\":1,\"cache_misses\":6,\"cache_writes\":0},{\"cache_bytes\":26880,\"statement_bytes\":0,\"cache_hits\":1,\"cache_misses\":6,\"cache_writes\":0},{\"cache_bytes\":26880,\"statement_bytes\":0,\"cache_hits\":1,\"cache_misses\":6,\"cache_writes\":0},{\"cache_bytes\":26880,\"statement_bytes\":0,\"cache_hits\":1,\"cache_misses\":6,\"cache_writes\":0},{\"cache_bytes\":26880,\"statement_bytes\":0,\"cache_hits\":1,\"cache_misses\":6,\"cache_writes\":0},{\"cache_bytes\":26880,\"statement_bytes\":0,\"cache_hits\":1,\"cache_misses\":6,\"cache_writes\":0},{\"cache_bytes\":26880,\"statement_bytes\":0,\"cache_hits\":1,\"cache_misses\":6,\"cache_writes\":0},{\"cache_bytes\":26880,\"statement_bytes\":0,\"cache_hits\":1,\"cache_misses\":6,\"cache_writes\":0},{\"cache_bytes\":74752,\"statement_bytes\":22160,\"cache_hits\":56,\"cache_misses\":36,\"cache_writes\":0}]},\"sqlite_busy_errors\":0,\"blocking_threads\":1,\"blocking_threads_peak\":1,\"blocking_active\":0,\"blocking_queued\":0,\"scrypt_active\":0,\"scrypt_peak\":1}"},"target":"snowtime_axum"}
{"timestamp":"2026-10-08T10:33:36.703816Z","level":"INFO","fields":{"message":"bench counters","renderers":1,"render_queued":0,"render_busy_answers":0,"database":"{\"read_admission\":{\"active\":0,\"queued\":0,\"limit\":10},\"write_admission\":{\"active\":0,\"queued\":0,\"limit\":1},\"hash_admission\":{\"active\":0,\"queued\":0,\"limit\":10},\"report_admission\":{\"active\":0,\"queued\":0,\"limit\":2},\"writer\":{\"cache_bytes\":96512,\"statement_bytes\":542048,\"cache_hits\":1936,\"cache_misses\":49,\"cache_writes\":81},\"readers\":{\"idle\":10,\"connections\":[{\"cache_bytes\":5120,\"statement_bytes\":0,\"cache_hits\":1,\"cache_misses\":6,\"cache_writes\":0},{\"cache_bytes\":5120,\"statement_bytes\":0,\"cache_hits\":1,\"cache_misses\":6,\"cache_writes\":0},{\"cache_bytes\":5120,\"statement_bytes\":0,\"cache_hits\":1,\"cache_misses\":6,\"cache_writes\":0},{\"cache_bytes\":5120,\"statement_bytes\":0,\"cache_hits\":1,\"cache_misses\":6,\"cache_writes\":0},{\"cache_bytes\":5120,\"statement_bytes\":0,\"cache_hits\":1,\"cache_misses\":6,\"cache_writes\":0},{\"cache_bytes\":5120,\"statement_bytes\":0,\"cache_hits\":1,\"cache_misses\":6,\"cache_writes\":0},{\"cache_bytes\":5120,\"statement_bytes\":0,\"cache_hits\":1,\"cache_misses\":6,\"cache_writes\":0},{\"cache_bytes\":5120,\"statement_bytes\":0,\"cache_hits\":1,\"cache_misses\":6,\"cache_writes\":0},{\"cache_bytes\":5120,\"statement_bytes\":0,\"cache_hits\":1,\"cache_misses\":6,\"cache_writes\":0},{\"cache_bytes\":13824,\"statement_bytes\":351744,\"cache_hits\":25501,\"cache_misses\":2315,\"cache_writes\":0}]},\"sqlite_busy_errors\":0,\"blocking_threads\":0,\"blocking_threads_peak\":1,\"blocking_active\":0,\"blocking_queued\":0,\"scrypt_active\":0,\"scrypt_peak\":1}"},"target":"snowtime_axum"}
{"timestamp":"2026-10-08T10:33:37.506956Z","level":"INFO","fields":{"message":"sized the renderers","limit_mib":32768,"source":"physical memory","cpus":10,"renderers":10,"heap_mib":128,"semi_space_mib":32},"target":"snowtime_axum"}
{"timestamp":"2026-10-08T10:33:37.507739Z","level":"INFO","fields":{"message":"listening","address":"127.0.0.1:64695","tls":false},"target":"snowtime_axum"}
{"timestamp":"2026-10-08T10:33:37.706524Z","level":"INFO","fields":{"message":"bench counters","renderers":1,"render_queued":0,"render_busy_answers":0,"database":"{\"read_admission\":{\"active\":0,\"queued\":0,\"limit\":10},\"write_admission\":{\"active\":0,\"queued\":0,\"limit\":1},\"hash_admission\":{\"active\":0,\"queued\":0,\"limit\":10},\"report_admission\":{\"active\":0,\"queued\":0,\"limit\":2},\"writer\":{\"cache_bytes\":96512,\"statement_bytes\":542048,\"cache_hits\":1936,\"cache_misses\":49,\"cache_writes\":81},\"readers\":{\"idle\":10,\"connections\":[{\"cache_bytes\":5120,\"statement_bytes\":0,\"cache_hits\":1,\"cache_misses\":6,\"cache_writes\":0},{\"cache_bytes\":5120,\"statement_bytes\":0,\"cache_hits\":1,\"cache_misses\":6,\"cache_writes\":0},{\"cache_bytes\":5120,\"statement_bytes\":0,\"cache_hits\":1,\"cache_misses\":6,\"cache_writes\":0},{\"cache_bytes\":5120,\"statement_bytes\":0,\"cache_hits\":1,\"cache_misses\":6,\"cache_writes\":0},{\"cache_bytes\":5120,\"statement_bytes\":0,\"cache_hits\":1,\"cache_misses\":6,\"cache_writes\":0},{\"cache_bytes\":5120,\"statement_bytes\":0,\"cache_hits\":1,\"cache_misses\":6,\"cache_writes\":0},{\"cache_bytes\":5120,\"statement_bytes\":0,\"cache_hits\":1,\"cache_misses\":6,\"cache_writes\":0},{\"cache_bytes\":5120,\"statement_bytes\":0,\"cache_hits\":1,\"cache_misses\":6,\"cache_writes\":0},{\"cache_bytes\":5120,\"statement_bytes\":0,\"cache_hits\":1,\"cache_misses\":6,\"cache_writes\":0},{\"cache_bytes\":13824,\"statement_bytes\":351744,\"cache_hits\":25501,\"cache_misses\":2315,\"cache_writes\":0}]},\"sqlite_busy_errors\":0,\"blocking_threads\":0,\"blocking_threads_peak\":1,\"blocking_active\":0,\"blocking_queued\":0,\"scrypt_active\":0,\"scrypt_peak\":1}"},"target":"snowtime_axum"}
{"timestamp":"2026-10-08T10:33:38.509478Z","level":"INFO","fields":{"message":"bench counters","renderers":1,"render_queued":0,"render_busy_answers":0,"database":"{\"read_admission\":{\"active\":0,\"queued\":0,\"limit\":10},\"write_admission\":{\"active\":0,\"queued\":0,\"limit\":1},\"hash_admission\":{\"active\":1,\"queued\":0,\"limit\":10},\"report_admission\":{\"active\":0,\"queued\":0,\"limit\":2},\"writer\":{\"cache_bytes\":52992,\"statement_bytes\":6688,\"cache_hits\":23,\"cache_misses\":16,\"cache_writes\":9},\"readers\":{\"idle\":10,\"connections\":[{\"cache_bytes\":26880,\"statement_bytes\":0,\"cache_hits\":1,\"cache_misses\":6,\"cache_writes\":0},{\"cache_bytes\":26880,\"statement_bytes\":0,\"cache_hits\":1,\"cache_misses\":6,\"cache_writes\":0},{\"cache_bytes\":26880,\"statement_bytes\":0,\"cache_hits\":1,\"cache_misses\":6,\"cache_writes\":0},{\"cache_bytes\":26880,\"statement_bytes\":0,\"cache_hits\":1,\"cache_misses\":6,\"cache_writes\":0},{\"cache_bytes\":26880,\"statement_bytes\":0,\"cache_hits\":1,\"cache_misses\":6,\"cache_writes\":0},{\"cache_bytes\":26880,\"statement_bytes\":0,\"cache_hits\":1,\"cache_misses\":6,\"cache_writes\":0},{\"cache_bytes\":26880,\"statement_bytes\":0,\"cache_hits\":1,\"cache_misses\":6,\"cache_writes\":0},{\"cache_bytes\":26880,\"statement_bytes\":0,\"cache_hits\":1,\"cache_misses\":6,\"cache_writes\":0},{\"cache_bytes\":26880,\"statement_bytes\":0,\"cache_hits\":1,\"cache_misses\":6,\"cache_writes\":0},{\"cache_bytes\":26880,\"statement_bytes\":0,\"cache_hits\":1,\"cache_misses\":6,\"cache_writes\":0}]},\"sqlite_busy_errors\":0,\"blocking_threads\":1,\"blocking_threads_peak\":1,\"blocking_active\":0,\"blocking_queued\":0,\"scrypt_active\":1,\"scrypt_peak\":1}"},"target":"snowtime_axum"}
same bytes                 invitation rate: admin invitation request 1 (400, 124 bytes)
same bytes                 invitation rate: admin invitation request 2 (400, 124 bytes)
same bytes                 invitation rate: admin invitation request 3 (400, 124 bytes)
same bytes                 invitation rate: admin invitation request 4 (400, 124 bytes)
same bytes                 invitation rate: admin invitation request 5 (400, 124 bytes)
same bytes                 invitation rate: admin invitation request 6 (400, 124 bytes)
same bytes                 invitation rate: admin invitation request 7 (400, 124 bytes)
same bytes                 invitation rate: admin invitation request 8 (400, 124 bytes)
same bytes                 invitation rate: admin invitation request 9 (400, 124 bytes)
same bytes                 invitation rate: admin invitation request 10 (400, 124 bytes)
same bytes                 invitation rate: admin invitation request 11 (400, 124 bytes)
same bytes                 invitation rate: admin invitation request 12 (400, 124 bytes)
same bytes                 invitation rate: admin invitation request 13 (400, 124 bytes)
same bytes                 invitation rate: admin invitation request 14 (400, 124 bytes)
same bytes                 invitation rate: admin invitation request 15 (400, 124 bytes)
same bytes                 invitation rate: admin invitation request 16 (400, 124 bytes)
same bytes                 invitation rate: admin invitation request 17 (400, 124 bytes)
same bytes                 invitation rate: admin invitation request 18 (400, 124 bytes)
same bytes                 invitation rate: admin invitation request 19 (400, 124 bytes)
same bytes                 invitation rate: admin invitation request 20 (400, 124 bytes)
same bytes                 invitation rate: admin invitation request 21 (400, 124 bytes)
same bytes                 invitation rate: admin invitation request 22 (400, 124 bytes)
same bytes                 invitation rate: admin invitation request 23 (400, 124 bytes)
same bytes                 invitation rate: admin invitation request 24 (400, 124 bytes)
same bytes                 invitation rate: admin invitation request 25 (400, 124 bytes)
same bytes                 invitation rate: admin invitation request 26 (400, 124 bytes)
same bytes                 invitation rate: admin invitation request 27 (400, 124 bytes)
same bytes                 invitation rate: admin invitation request 28 (400, 124 bytes)
same bytes                 invitation rate: admin invitation request 29 (400, 124 bytes)
same bytes                 invitation rate: admin invitation request 30 (400, 124 bytes)
{"timestamp":"2026-10-08T10:33:38.708165Z","level":"INFO","fields":{"message":"bench counters","renderers":1,"render_queued":0,"render_busy_answers":0,"database":"{\"read_admission\":{\"active\":0,\"queued\":0,\"limit\":10},\"write_admission\":{\"active\":0,\"queued\":0,\"limit\":1},\"hash_admission\":{\"active\":0,\"queued\":0,\"limit\":10},\"report_admission\":{\"active\":0,\"queued\":0,\"limit\":2},\"writer\":{\"cache_bytes\":96512,\"statement_bytes\":542048,\"cache_hits\":1936,\"cache_misses\":49,\"cache_writes\":81},\"readers\":{\"idle\":10,\"connections\":[{\"cache_bytes\":5120,\"statement_bytes\":0,\"cache_hits\":1,\"cache_misses\":6,\"cache_writes\":0},{\"cache_bytes\":5120,\"statement_bytes\":0,\"cache_hits\":1,\"cache_misses\":6,\"cache_writes\":0},{\"cache_bytes\":5120,\"statement_bytes\":0,\"cache_hits\":1,\"cache_misses\":6,\"cache_writes\":0},{\"cache_bytes\":5120,\"statement_bytes\":0,\"cache_hits\":1,\"cache_misses\":6,\"cache_writes\":0},{\"cache_bytes\":5120,\"statement_bytes\":0,\"cache_hits\":1,\"cache_misses\":6,\"cache_writes\":0},{\"cache_bytes\":5120,\"statement_bytes\":0,\"cache_hits\":1,\"cache_misses\":6,\"cache_writes\":0},{\"cache_bytes\":5120,\"statement_bytes\":0,\"cache_hits\":1,\"cache_misses\":6,\"cache_writes\":0},{\"cache_bytes\":5120,\"statement_bytes\":0,\"cache_hits\":1,\"cache_misses\":6,\"cache_writes\":0},{\"cache_bytes\":5120,\"statement_bytes\":0,\"cache_hits\":1,\"cache_misses\":6,\"cache_writes\":0},{\"cache_bytes\":13824,\"statement_bytes\":351744,\"cache_hits\":25501,\"cache_misses\":2315,\"cache_writes\":0}]},\"sqlite_busy_errors\":0,\"blocking_threads\":0,\"blocking_threads_peak\":1,\"blocking_active\":0,\"blocking_queued\":0,\"scrypt_active\":0,\"scrypt_peak\":1}"},"target":"snowtime_axum"}
same bytes                 invitation rate: admin invitation request 31 (429, 54 bytes)
same bytes                 invitation rate: member invitation request 1 (403, 61 bytes)
same bytes                 invitation rate: member invitation request 2 (403, 61 bytes)
same bytes                 invitation rate: member invitation request 3 (403, 61 bytes)
same bytes                 invitation rate: member invitation request 4 (403, 61 bytes)
same bytes                 invitation rate: member invitation request 5 (403, 61 bytes)
same bytes                 invitation rate: member invitation request 6 (403, 61 bytes)
same bytes                 invitation rate: member invitation request 7 (403, 61 bytes)
same bytes                 invitation rate: member invitation request 8 (403, 61 bytes)
same bytes                 invitation rate: member invitation request 9 (403, 61 bytes)
same bytes                 invitation rate: member invitation request 10 (403, 61 bytes)
same bytes                 invitation rate: member invitation request 11 (403, 61 bytes)
same bytes                 invitation rate: member invitation request 12 (403, 61 bytes)
same bytes                 invitation rate: member invitation request 13 (403, 61 bytes)
same bytes                 invitation rate: member invitation request 14 (403, 61 bytes)
same bytes                 invitation rate: member invitation request 15 (403, 61 bytes)
same bytes                 invitation rate: member invitation request 16 (403, 61 bytes)
same bytes                 invitation rate: member invitation request 17 (403, 61 bytes)
same bytes                 invitation rate: member invitation request 18 (403, 61 bytes)
same bytes                 invitation rate: member invitation request 19 (403, 61 bytes)
same bytes                 invitation rate: member invitation request 20 (403, 61 bytes)
same bytes                 invitation rate: member invitation request 21 (403, 61 bytes)
same bytes                 invitation rate: member invitation request 22 (403, 61 bytes)
same bytes                 invitation rate: member invitation request 23 (403, 61 bytes)
same bytes                 invitation rate: member invitation request 24 (403, 61 bytes)
same bytes                 invitation rate: member invitation request 25 (403, 61 bytes)
same bytes                 invitation rate: member invitation request 26 (403, 61 bytes)
same bytes                 invitation rate: member invitation request 27 (403, 61 bytes)
same bytes                 invitation rate: member invitation request 28 (403, 61 bytes)
same bytes                 invitation rate: member invitation request 29 (403, 61 bytes)
same bytes                 invitation rate: member invitation request 30 (403, 61 bytes)
same bytes                 invitation rate: member invitation request 31 (429, 54 bytes)
{"timestamp":"2026-10-08T10:33:39.511236Z","level":"INFO","fields":{"message":"bench counters","renderers":1,"render_queued":0,"render_busy_answers":0,"database":"{\"read_admission\":{\"active\":0,\"queued\":0,\"limit\":10},\"write_admission\":{\"active\":0,\"queued\":0,\"limit\":1},\"hash_admission\":{\"active\":0,\"queued\":0,\"limit\":10},\"report_admission\":{\"active\":0,\"queued\":0,\"limit\":2},\"writer\":{\"cache_bytes\":70400,\"statement_bytes\":20896,\"cache_hits\":914,\"cache_misses\":20,\"cache_writes\":13},\"readers\":{\"idle\":10,\"connections\":[{\"cache_bytes\":26880,\"statement_bytes\":0,\"cache_hits\":1,\"cache_misses\":6,\"cache_writes\":0},{\"cache_bytes\":26880,\"statement_bytes\":0,\"cache_hits\":1,\"cache_misses\":6,\"cache_writes\":0},{\"cache_bytes\":26880,\"statement_bytes\":0,\"cache_hits\":1,\"cache_misses\":6,\"cache_writes\":0},{\"cache_bytes\":26880,\"statement_bytes\":0,\"cache_hits\":1,\"cache_misses\":6,\"cache_writes\":0},{\"cache_bytes\":26880,\"statement_bytes\":0,\"cache_hits\":1,\"cache_misses\":6,\"cache_writes\":0},{\"cache_bytes\":26880,\"statement_bytes\":0,\"cache_hits\":1,\"cache_misses\":6,\"cache_writes\":0},{\"cache_bytes\":26880,\"statement_bytes\":0,\"cache_hits\":1,\"cache_misses\":6,\"cache_writes\":0},{\"cache_bytes\":26880,\"statement_bytes\":0,\"cache_hits\":1,\"cache_misses\":6,\"cache_writes\":0},{\"cache_bytes\":26880,\"statement_bytes\":0,\"cache_hits\":1,\"cache_misses\":6,\"cache_writes\":0},{\"cache_bytes\":26880,\"statement_bytes\":0,\"cache_hits\":1,\"cache_misses\":6,\"cache_writes\":0}]},\"sqlite_busy_errors\":0,\"blocking_threads\":1,\"blocking_threads_peak\":1,\"blocking_active\":0,\"blocking_queued\":0,\"scrypt_active\":0,\"scrypt_peak\":1}"},"target":"snowtime_axum"}
{"timestamp":"2026-10-08T10:33:39.710479Z","level":"INFO","fields":{"message":"bench counters","renderers":1,"render_queued":0,"render_busy_answers":0,"database":"{\"read_admission\":{\"active\":0,\"queued\":0,\"limit\":10},\"write_admission\":{\"active\":0,\"queued\":0,\"limit\":1},\"hash_admission\":{\"active\":0,\"queued\":0,\"limit\":10},\"report_admission\":{\"active\":0,\"queued\":0,\"limit\":2},\"writer\":{\"cache_bytes\":96512,\"statement_bytes\":542048,\"cache_hits\":1936,\"cache_misses\":49,\"cache_writes\":81},\"readers\":{\"idle\":10,\"connections\":[{\"cache_bytes\":5120,\"statement_bytes\":0,\"cache_hits\":1,\"cache_misses\":6,\"cache_writes\":0},{\"cache_bytes\":5120,\"statement_bytes\":0,\"cache_hits\":1,\"cache_misses\":6,\"cache_writes\":0},{\"cache_bytes\":5120,\"statement_bytes\":0,\"cache_hits\":1,\"cache_misses\":6,\"cache_writes\":0},{\"cache_bytes\":5120,\"statement_bytes\":0,\"cache_hits\":1,\"cache_misses\":6,\"cache_writes\":0},{\"cache_bytes\":5120,\"statement_bytes\":0,\"cache_hits\":1,\"cache_misses\":6,\"cache_writes\":0},{\"cache_bytes\":5120,\"statement_bytes\":0,\"cache_hits\":1,\"cache_misses\":6,\"cache_writes\":0},{\"cache_bytes\":5120,\"statement_bytes\":0,\"cache_hits\":1,\"cache_misses\":6,\"cache_writes\":0},{\"cache_bytes\":5120,\"statement_bytes\":0,\"cache_hits\":1,\"cache_misses\":6,\"cache_writes\":0},{\"cache_bytes\":5120,\"statement_bytes\":0,\"cache_hits\":1,\"cache_misses\":6,\"cache_writes\":0},{\"cache_bytes\":13824,\"statement_bytes\":351744,\"cache_hits\":25501,\"cache_misses\":2315,\"cache_writes\":0}]},\"sqlite_busy_errors\":0,\"blocking_threads\":0,\"blocking_threads_peak\":1,\"blocking_active\":0,\"blocking_queued\":0,\"scrypt_active\":0,\"scrypt_peak\":1}"},"target":"snowtime_axum"}
{"timestamp":"2026-10-08T10:33:40.513496Z","level":"INFO","fields":{"message":"bench counters","renderers":1,"render_queued":0,"render_busy_answers":0,"database":"{\"read_admission\":{\"active\":0,\"queued\":0,\"limit\":10},\"write_admission\":{\"active\":0,\"queued\":0,\"limit\":1},\"hash_admission\":{\"active\":0,\"queued\":0,\"limit\":10},\"report_admission\":{\"active\":0,\"queued\":0,\"limit\":2},\"writer\":{\"cache_bytes\":70400,\"statement_bytes\":20896,\"cache_hits\":914,\"cache_misses\":20,\"cache_writes\":13},\"readers\":{\"idle\":10,\"connections\":[{\"cache_bytes\":26880,\"statement_bytes\":0,\"cache_hits\":1,\"cache_misses\":6,\"cache_writes\":0},{\"cache_bytes\":26880,\"statement_bytes\":0,\"cache_hits\":1,\"cache_misses\":6,\"cache_writes\":0},{\"cache_bytes\":26880,\"statement_bytes\":0,\"cache_hits\":1,\"cache_misses\":6,\"cache_writes\":0},{\"cache_bytes\":26880,\"statement_bytes\":0,\"cache_hits\":1,\"cache_misses\":6,\"cache_writes\":0},{\"cache_bytes\":26880,\"statement_bytes\":0,\"cache_hits\":1,\"cache_misses\":6,\"cache_writes\":0},{\"cache_bytes\":26880,\"statement_bytes\":0,\"cache_hits\":1,\"cache_misses\":6,\"cache_writes\":0},{\"cache_bytes\":26880,\"statement_bytes\":0,\"cache_hits\":1,\"cache_misses\":6,\"cache_writes\":0},{\"cache_bytes\":26880,\"statement_bytes\":0,\"cache_hits\":1,\"cache_misses\":6,\"cache_writes\":0},{\"cache_bytes\":26880,\"statement_bytes\":0,\"cache_hits\":1,\"cache_misses\":6,\"cache_writes\":0},{\"cache_bytes\":26880,\"statement_bytes\":0,\"cache_hits\":1,\"cache_misses\":6,\"cache_writes\":0}]},\"sqlite_busy_errors\":0,\"blocking_threads\":1,\"blocking_threads_peak\":1,\"blocking_active\":0,\"blocking_queued\":0,\"scrypt_active\":0,\"scrypt_peak\":1}"},"target":"snowtime_axum"}
{"timestamp":"2026-10-08T10:33:40.712441Z","level":"INFO","fields":{"message":"bench counters","renderers":1,"render_queued":0,"render_busy_answers":0,"database":"{\"read_admission\":{\"active\":0,\"queued\":0,\"limit\":10},\"write_admission\":{\"active\":0,\"queued\":0,\"limit\":1},\"hash_admission\":{\"active\":0,\"queued\":0,\"limit\":10},\"report_admission\":{\"active\":0,\"queued\":0,\"limit\":2},\"writer\":{\"cache_bytes\":96512,\"statement_bytes\":542048,\"cache_hits\":1936,\"cache_misses\":49,\"cache_writes\":81},\"readers\":{\"idle\":10,\"connections\":[{\"cache_bytes\":5120,\"statement_bytes\":0,\"cache_hits\":1,\"cache_misses\":6,\"cache_writes\":0},{\"cache_bytes\":5120,\"statement_bytes\":0,\"cache_hits\":1,\"cache_misses\":6,\"cache_writes\":0},{\"cache_bytes\":5120,\"statement_bytes\":0,\"cache_hits\":1,\"cache_misses\":6,\"cache_writes\":0},{\"cache_bytes\":5120,\"statement_bytes\":0,\"cache_hits\":1,\"cache_misses\":6,\"cache_writes\":0},{\"cache_bytes\":5120,\"statement_bytes\":0,\"cache_hits\":1,\"cache_misses\":6,\"cache_writes\":0},{\"cache_bytes\":5120,\"statement_bytes\":0,\"cache_hits\":1,\"cache_misses\":6,\"cache_writes\":0},{\"cache_bytes\":5120,\"statement_bytes\":0,\"cache_hits\":1,\"cache_misses\":6,\"cache_writes\":0},{\"cache_bytes\":5120,\"statement_bytes\":0,\"cache_hits\":1,\"cache_misses\":6,\"cache_writes\":0},{\"cache_bytes\":5120,\"statement_bytes\":0,\"cache_hits\":1,\"cache_misses\":6,\"cache_writes\":0},{\"cache_bytes\":13824,\"statement_bytes\":351744,\"cache_hits\":25501,\"cache_misses\":2315,\"cache_writes\":0}]},\"sqlite_busy_errors\":0,\"blocking_threads\":0,\"blocking_threads_peak\":1,\"blocking_active\":0,\"blocking_queued\":0,\"scrypt_active\":0,\"scrypt_peak\":1}"},"target":"snowtime_axum"}
{"timestamp":"2026-10-08T10:33:41.515474Z","level":"INFO","fields":{"message":"bench counters","renderers":1,"render_queued":0,"render_busy_answers":0,"database":"{\"read_admission\":{\"active\":0,\"queued\":0,\"limit\":10},\"write_admission\":{\"active\":0,\"queued\":0,\"limit\":1},\"hash_admission\":{\"active\":0,\"queued\":0,\"limit\":10},\"report_admission\":{\"active\":0,\"queued\":0,\"limit\":2},\"writer\":{\"cache_bytes\":70400,\"statement_bytes\":20896,\"cache_hits\":914,\"cache_misses\":20,\"cache_writes\":13},\"readers\":{\"idle\":10,\"connections\":[{\"cache_bytes\":26880,\"statement_bytes\":0,\"cache_hits\":1,\"cache_misses\":6,\"cache_writes\":0},{\"cache_bytes\":26880,\"statement_bytes\":0,\"cache_hits\":1,\"cache_misses\":6,\"cache_writes\":0},{\"cache_bytes\":26880,\"statement_bytes\":0,\"cache_hits\":1,\"cache_misses\":6,\"cache_writes\":0},{\"cache_bytes\":26880,\"statement_bytes\":0,\"cache_hits\":1,\"cache_misses\":6,\"cache_writes\":0},{\"cache_bytes\":26880,\"statement_bytes\":0,\"cache_hits\":1,\"cache_misses\":6,\"cache_writes\":0},{\"cache_bytes\":26880,\"statement_bytes\":0,\"cache_hits\":1,\"cache_misses\":6,\"cache_writes\":0},{\"cache_bytes\":26880,\"statement_bytes\":0,\"cache_hits\":1,\"cache_misses\":6,\"cache_writes\":0},{\"cache_bytes\":26880,\"statement_bytes\":0,\"cache_hits\":1,\"cache_misses\":6,\"cache_writes\":0},{\"cache_bytes\":26880,\"statement_bytes\":0,\"cache_hits\":1,\"cache_misses\":6,\"cache_writes\":0},{\"cache_bytes\":26880,\"statement_bytes\":0,\"cache_hits\":1,\"cache_misses\":6,\"cache_writes\":0}]},\"sqlite_busy_errors\":0,\"blocking_threads\":1,\"blocking_threads_peak\":1,\"blocking_active\":0,\"blocking_queued\":0,\"scrypt_active\":0,\"scrypt_peak\":1}"},"target":"snowtime_axum"}
{"timestamp":"2026-10-08T10:33:41.715293Z","level":"INFO","fields":{"message":"bench counters","renderers":1,"render_queued":0,"render_busy_answers":0,"database":"{\"read_admission\":{\"active\":0,\"queued\":0,\"limit\":10},\"write_admission\":{\"active\":0,\"queued\":0,\"limit\":1},\"hash_admission\":{\"active\":0,\"queued\":0,\"limit\":10},\"report_admission\":{\"active\":0,\"queued\":0,\"limit\":2},\"writer\":{\"cache_bytes\":96512,\"statement_bytes\":542048,\"cache_hits\":1936,\"cache_misses\":49,\"cache_writes\":81},\"readers\":{\"idle\":10,\"connections\":[{\"cache_bytes\":5120,\"statement_bytes\":0,\"cache_hits\":1,\"cache_misses\":6,\"cache_writes\":0},{\"cache_bytes\":5120,\"statement_bytes\":0,\"cache_hits\":1,\"cache_misses\":6,\"cache_writes\":0},{\"cache_bytes\":5120,\"statement_bytes\":0,\"cache_hits\":1,\"cache_misses\":6,\"cache_writes\":0},{\"cache_bytes\":5120,\"statement_bytes\":0,\"cache_hits\":1,\"cache_misses\":6,\"cache_writes\":0},{\"cache_bytes\":5120,\"statement_bytes\":0,\"cache_hits\":1,\"cache_misses\":6,\"cache_writes\":0},{\"cache_bytes\":5120,\"statement_bytes\":0,\"cache_hits\":1,\"cache_misses\":6,\"cache_writes\":0},{\"cache_bytes\":5120,\"statement_bytes\":0,\"cache_hits\":1,\"cache_misses\":6,\"cache_writes\":0},{\"cache_bytes\":5120,\"statement_bytes\":0,\"cache_hits\":1,\"cache_misses\":6,\"cache_writes\":0},{\"cache_bytes\":5120,\"statement_bytes\":0,\"cache_hits\":1,\"cache_misses\":6,\"cache_writes\":0},{\"cache_bytes\":13824,\"statement_bytes\":351744,\"cache_hits\":25501,\"cache_misses\":2315,\"cache_writes\":0}]},\"sqlite_busy_errors\":0,\"blocking_threads\":0,\"blocking_threads_peak\":1,\"blocking_active\":0,\"blocking_queued\":0,\"scrypt_active\":0,\"scrypt_peak\":1}"},"target":"snowtime_axum"}
{"timestamp":"2026-10-08T10:33:42.717475Z","level":"INFO","fields":{"message":"bench counters","renderers":1,"render_queued":0,"render_busy_answers":0,"database":"{\"read_admission\":{\"active\":0,\"queued\":0,\"limit\":10},\"write_admission\":{\"active\":0,\"queued\":0,\"limit\":1},\"hash_admission\":{\"active\":0,\"queued\":0,\"limit\":10},\"report_admission\":{\"active\":0,\"queued\":0,\"limit\":2},\"writer\":{\"cache_bytes\":96512,\"statement_bytes\":542048,\"cache_hits\":1936,\"cache_misses\":49,\"cache_writes\":81},\"readers\":{\"idle\":10,\"connections\":[{\"cache_bytes\":5120,\"statement_bytes\":0,\"cache_hits\":1,\"cache_misses\":6,\"cache_writes\":0},{\"cache_bytes\":5120,\"statement_bytes\":0,\"cache_hits\":1,\"cache_misses\":6,\"cache_writes\":0},{\"cache_bytes\":5120,\"statement_bytes\":0,\"cache_hits\":1,\"cache_misses\":6,\"cache_writes\":0},{\"cache_bytes\":5120,\"statement_bytes\":0,\"cache_hits\":1,\"cache_misses\":6,\"cache_writes\":0},{\"cache_bytes\":5120,\"statement_bytes\":0,\"cache_hits\":1,\"cache_misses\":6,\"cache_writes\":0},{\"cache_bytes\":5120,\"statement_bytes\":0,\"cache_hits\":1,\"cache_misses\":6,\"cache_writes\":0},{\"cache_bytes\":5120,\"statement_bytes\":0,\"cache_hits\":1,\"cache_misses\":6,\"cache_writes\":0},{\"cache_bytes\":5120,\"statement_bytes\":0,\"cache_hits\":1,\"cache_misses\":6,\"cache_writes\":0},{\"cache_bytes\":5120,\"statement_bytes\":0,\"cache_hits\":1,\"cache_misses\":6,\"cache_writes\":0},{\"cache_bytes\":13824,\"statement_bytes\":351744,\"cache_hits\":25501,\"cache_misses\":2315,\"cache_writes\":0}]},\"sqlite_busy_errors\":0,\"blocking_threads\":0,\"blocking_threads_peak\":1,\"blocking_active\":0,\"blocking_queued\":0,\"scrypt_active\":0,\"scrypt_peak\":1}"},"target":"snowtime_axum"}
{"timestamp":"2026-10-08T10:33:42.774529Z","level":"INFO","fields":{"message":"sized the renderers","limit_mib":32768,"source":"physical memory","cpus":10,"renderers":10,"heap_mib":128,"semi_space_mib":32},"target":"snowtime_axum"}
{"timestamp":"2026-10-08T10:33:42.775180Z","level":"INFO","fields":{"message":"listening","address":"127.0.0.1:64701","tls":false},"target":"snowtime_axum"}
{"timestamp":"2026-10-08T10:33:43.719323Z","level":"INFO","fields":{"message":"bench counters","renderers":1,"render_queued":0,"render_busy_answers":0,"database":"{\"read_admission\":{\"active\":0,\"queued\":0,\"limit\":10},\"write_admission\":{\"active\":0,\"queued\":0,\"limit\":1},\"hash_admission\":{\"active\":0,\"queued\":0,\"limit\":10},\"report_admission\":{\"active\":0,\"queued\":0,\"limit\":2},\"writer\":{\"cache_bytes\":96512,\"statement_bytes\":542048,\"cache_hits\":1936,\"cache_misses\":49,\"cache_writes\":81},\"readers\":{\"idle\":10,\"connections\":[{\"cache_bytes\":5120,\"statement_bytes\":0,\"cache_hits\":1,\"cache_misses\":6,\"cache_writes\":0},{\"cache_bytes\":5120,\"statement_bytes\":0,\"cache_hits\":1,\"cache_misses\":6,\"cache_writes\":0},{\"cache_bytes\":5120,\"statement_bytes\":0,\"cache_hits\":1,\"cache_misses\":6,\"cache_writes\":0},{\"cache_bytes\":5120,\"statement_bytes\":0,\"cache_hits\":1,\"cache_misses\":6,\"cache_writes\":0},{\"cache_bytes\":5120,\"statement_bytes\":0,\"cache_hits\":1,\"cache_misses\":6,\"cache_writes\":0},{\"cache_bytes\":5120,\"statement_bytes\":0,\"cache_hits\":1,\"cache_misses\":6,\"cache_writes\":0},{\"cache_bytes\":5120,\"statement_bytes\":0,\"cache_hits\":1,\"cache_misses\":6,\"cache_writes\":0},{\"cache_bytes\":5120,\"statement_bytes\":0,\"cache_hits\":1,\"cache_misses\":6,\"cache_writes\":0},{\"cache_bytes\":5120,\"statement_bytes\":0,\"cache_hits\":1,\"cache_misses\":6,\"cache_writes\":0},{\"cache_bytes\":13824,\"statement_bytes\":351744,\"cache_hits\":25501,\"cache_misses\":2315,\"cache_writes\":0}]},\"sqlite_busy_errors\":0,\"blocking_threads\":0,\"blocking_threads_peak\":1,\"blocking_active\":0,\"blocking_queued\":0,\"scrypt_active\":0,\"scrypt_peak\":1}"},"target":"snowtime_axum"}
{"timestamp":"2026-10-08T10:33:43.776443Z","level":"INFO","fields":{"message":"bench counters","renderers":1,"render_queued":0,"render_busy_answers":0,"database":"{\"read_admission\":{\"active\":0,\"queued\":0,\"limit\":10},\"write_admission\":{\"active\":0,\"queued\":0,\"limit\":1},\"hash_admission\":{\"active\":1,\"queued\":0,\"limit\":10},\"report_admission\":{\"active\":0,\"queued\":0,\"limit\":2},\"writer\":{\"cache_bytes\":52992,\"statement_bytes\":6688,\"cache_hits\":23,\"cache_misses\":16,\"cache_writes\":9},\"readers\":{\"idle\":10,\"connections\":[{\"cache_bytes\":26880,\"statement_bytes\":0,\"cache_hits\":1,\"cache_misses\":6,\"cache_writes\":0},{\"cache_bytes\":26880,\"statement_bytes\":0,\"cache_hits\":1,\"cache_misses\":6,\"cache_writes\":0},{\"cache_bytes\":26880,\"statement_bytes\":0,\"cache_hits\":1,\"cache_misses\":6,\"cache_writes\":0},{\"cache_bytes\":26880,\"statement_bytes\":0,\"cache_hits\":1,\"cache_misses\":6,\"cache_writes\":0},{\"cache_bytes\":26880,\"statement_bytes\":0,\"cache_hits\":1,\"cache_misses\":6,\"cache_writes\":0},{\"cache_bytes\":26880,\"statement_bytes\":0,\"cache_hits\":1,\"cache_misses\":6,\"cache_writes\":0},{\"cache_bytes\":26880,\"statement_bytes\":0,\"cache_hits\":1,\"cache_misses\":6,\"cache_writes\":0},{\"cache_bytes\":26880,\"statement_bytes\":0,\"cache_hits\":1,\"cache_misses\":6,\"cache_writes\":0},{\"cache_bytes\":26880,\"statement_bytes\":0,\"cache_hits\":1,\"cache_misses\":6,\"cache_writes\":0},{\"cache_bytes\":26880,\"statement_bytes\":0,\"cache_hits\":1,\"cache_misses\":6,\"cache_writes\":0}]},\"sqlite_busy_errors\":0,\"blocking_threads\":1,\"blocking_threads_peak\":1,\"blocking_active\":0,\"blocking_queued\":0,\"scrypt_active\":1,\"scrypt_peak\":1}"},"target":"snowtime_axum"}
same bytes                 issue links: member refused (403, 61 bytes)
same bytes                 issue links: signed out (401, 61 bytes)
same bytes                 issue links: malformed JSON (400, 45 bytes)
same bytes                 issue links: invalid undefined (400, 83 bytes)
same bytes                 issue links: invalid null (400, 71 bytes)
same bytes                 issue links: invalid 3 (400, 68 bytes)
same bytes                 issue links: invalid [] (400, 72 bytes)
same bytes                 issue links: invalid "http://example.com/{key}" (400, 106 bytes)
same bytes                 issue links: invalid "https://localhost/{key}" (400, 106 bytes)
same bytes                 issue links: invalid "https://example.com" (400, 106 bytes)
same bytes                 issue links: invalid "https://example.com/" (400, 84 bytes)
same bytes                 issue links: invalid "https://example.com/a b/{key}" (400, 106 bytes)
same bytes                 issue links: invalid "xxxxxxxxxxxxxxxxxxxxxxxxxxxxxxxxxxxxxxxxxxxxxxxxxxxxxxxxxxxxxxxxxxxxxxxxxxxxxxxxxxxxxxxxxxxxxxxxxxxxxxxxxxxxxxxxxxxxxxxxxxxxxxxxxxxxxxxxxxxxxxxxxxxxxxxxxxxxxxxxxxxxxxxxxxxxxxxxxxxxxxxxxxxxxxxxxxxxxxxxxxxxxxxxxxxxxxxxxxxxxxxxxxxxxxxxxxxxxxxxxxxxxxxxxxxxxxxxxxxxxxxxxxxxxxxxxxxxxxxxxxxxxxxxxxxxxxxxxxxxxxxxxxxxxxxxxxxxxxxxxxxxxxxxxxxxxxxxxxxxxxxxxxxxxxxxxxxxxxxxxxxxxxxxxxxxxxxxxxxxxxxxxxxxxxxxxxxxxxxxxxxxxxxxxxxxxxxxxxxxxxxxxxxxxxxxxxxxxxxxxxxxxxxxxxxxxxxxxxxxxxxxxxxxxxxxxxxxxxxxxxxxxxxxxxxxxxxxxxxxx" (400, 51 bytes)
same bytes                 issue links: set and trim as owner (200, 101 bytes)
same bytes                 issue links: session exposes saved links (200, 1146 bytes)
same bytes                 issue links: set as organization admin (200, 92 bytes)
same bytes                 issue links: clear links (200, 63 bytes)
same bytes                 issue links: session exposes cleared links (200, 1099 bytes)
{"timestamp":"2026-10-08T10:33:44.722097Z","level":"INFO","fields":{"message":"bench counters","renderers":1,"render_queued":0,"render_busy_answers":0,"database":"{\"read_admission\":{\"active\":0,\"queued\":0,\"limit\":10},\"write_admission\":{\"active\":0,\"queued\":0,\"limit\":1},\"hash_admission\":{\"active\":0,\"queued\":0,\"limit\":10},\"report_admission\":{\"active\":0,\"queued\":0,\"limit\":2},\"writer\":{\"cache_bytes\":96512,\"statement_bytes\":542048,\"cache_hits\":1936,\"cache_misses\":49,\"cache_writes\":81},\"readers\":{\"idle\":10,\"connections\":[{\"cache_bytes\":5120,\"statement_bytes\":0,\"cache_hits\":1,\"cache_misses\":6,\"cache_writes\":0},{\"cache_bytes\":5120,\"statement_bytes\":0,\"cache_hits\":1,\"cache_misses\":6,\"cache_writes\":0},{\"cache_bytes\":5120,\"statement_bytes\":0,\"cache_hits\":1,\"cache_misses\":6,\"cache_writes\":0},{\"cache_bytes\":5120,\"statement_bytes\":0,\"cache_hits\":1,\"cache_misses\":6,\"cache_writes\":0},{\"cache_bytes\":5120,\"statement_bytes\":0,\"cache_hits\":1,\"cache_misses\":6,\"cache_writes\":0},{\"cache_bytes\":5120,\"statement_bytes\":0,\"cache_hits\":1,\"cache_misses\":6,\"cache_writes\":0},{\"cache_bytes\":5120,\"statement_bytes\":0,\"cache_hits\":1,\"cache_misses\":6,\"cache_writes\":0},{\"cache_bytes\":5120,\"statement_bytes\":0,\"cache_hits\":1,\"cache_misses\":6,\"cache_writes\":0},{\"cache_bytes\":5120,\"statement_bytes\":0,\"cache_hits\":1,\"cache_misses\":6,\"cache_writes\":0},{\"cache_bytes\":13824,\"statement_bytes\":351744,\"cache_hits\":25501,\"cache_misses\":2315,\"cache_writes\":0}]},\"sqlite_busy_errors\":0,\"blocking_threads\":0,\"blocking_threads_peak\":1,\"blocking_active\":0,\"blocking_queued\":0,\"scrypt_active\":0,\"scrypt_peak\":1}"},"target":"snowtime_axum"}
{"timestamp":"2026-10-08T10:33:44.778759Z","level":"INFO","fields":{"message":"bench counters","renderers":1,"render_queued":0,"render_busy_answers":0,"database":"{\"read_admission\":{\"active\":0,\"queued\":0,\"limit\":10},\"write_admission\":{\"active\":0,\"queued\":0,\"limit\":1},\"hash_admission\":{\"active\":0,\"queued\":0,\"limit\":10},\"report_admission\":{\"active\":0,\"queued\":0,\"limit\":2},\"writer\":{\"cache_bytes\":79104,\"statement_bytes\":20912,\"cache_hits\":169,\"cache_misses\":22,\"cache_writes\":16},\"readers\":{\"idle\":10,\"connections\":[{\"cache_bytes\":26880,\"statement_bytes\":0,\"cache_hits\":1,\"cache_misses\":6,\"cache_writes\":0},{\"cache_bytes\":26880,\"statement_bytes\":0,\"cache_hits\":1,\"cache_misses\":6,\"cache_writes\":0},{\"cache_bytes\":26880,\"statement_bytes\":0,\"cache_hits\":1,\"cache_misses\":6,\"cache_writes\":0},{\"cache_bytes\":26880,\"statement_bytes\":0,\"cache_hits\":1,\"cache_misses\":6,\"cache_writes\":0},{\"cache_bytes\":26880,\"statement_bytes\":0,\"cache_hits\":1,\"cache_misses\":6,\"cache_writes\":0},{\"cache_bytes\":26880,\"statement_bytes\":0,\"cache_hits\":1,\"cache_misses\":6,\"cache_writes\":0},{\"cache_bytes\":26880,\"statement_bytes\":0,\"cache_hits\":1,\"cache_misses\":6,\"cache_writes\":0},{\"cache_bytes\":26880,\"statement_bytes\":0,\"cache_hits\":1,\"cache_misses\":6,\"cache_writes\":0},{\"cache_bytes\":26880,\"statement_bytes\":0,\"cache_hits\":1,\"cache_misses\":6,\"cache_writes\":0},{\"cache_bytes\":100864,\"statement_bytes\":33648,\"cache_hits\":11,\"cache_misses\":52,\"cache_writes\":0}]},\"sqlite_busy_errors\":0,\"blocking_threads\":1,\"blocking_threads_peak\":1,\"blocking_active\":0,\"blocking_queued\":0,\"scrypt_active\":0,\"scrypt_peak\":1}"},"target":"snowtime_axum"}
{"timestamp":"2026-10-08T10:33:45.724766Z","level":"INFO","fields":{"message":"bench counters","renderers":1,"render_queued":0,"render_busy_answers":0,"database":"{\"read_admission\":{\"active\":0,\"queued\":0,\"limit\":10},\"write_admission\":{\"active\":0,\"queued\":0,\"limit\":1},\"hash_admission\":{\"active\":0,\"queued\":0,\"limit\":10},\"report_admission\":{\"active\":0,\"queued\":0,\"limit\":2},\"writer\":{\"cache_bytes\":96512,\"statement_bytes\":542048,\"cache_hits\":1936,\"cache_misses\":49,\"cache_writes\":81},\"readers\":{\"idle\":10,\"connections\":[{\"cache_bytes\":5120,\"statement_bytes\":0,\"cache_hits\":1,\"cache_misses\":6,\"cache_writes\":0},{\"cache_bytes\":5120,\"statement_bytes\":0,\"cache_hits\":1,\"cache_misses\":6,\"cache_writes\":0},{\"cache_bytes\":5120,\"statement_bytes\":0,\"cache_hits\":1,\"cache_misses\":6,\"cache_writes\":0},{\"cache_bytes\":5120,\"statement_bytes\":0,\"cache_hits\":1,\"cache_misses\":6,\"cache_writes\":0},{\"cache_bytes\":5120,\"statement_bytes\":0,\"cache_hits\":1,\"cache_misses\":6,\"cache_writes\":0},{\"cache_bytes\":5120,\"statement_bytes\":0,\"cache_hits\":1,\"cache_misses\":6,\"cache_writes\":0},{\"cache_bytes\":5120,\"statement_bytes\":0,\"cache_hits\":1,\"cache_misses\":6,\"cache_writes\":0},{\"cache_bytes\":5120,\"statement_bytes\":0,\"cache_hits\":1,\"cache_misses\":6,\"cache_writes\":0},{\"cache_bytes\":5120,\"statement_bytes\":0,\"cache_hits\":1,\"cache_misses\":6,\"cache_writes\":0},{\"cache_bytes\":13824,\"statement_bytes\":351744,\"cache_hits\":25501,\"cache_misses\":2315,\"cache_writes\":0}]},\"sqlite_busy_errors\":0,\"blocking_threads\":0,\"blocking_threads_peak\":1,\"blocking_active\":0,\"blocking_queued\":0,\"scrypt_active\":0,\"scrypt_peak\":1}"},"target":"snowtime_axum"}
{"timestamp":"2026-10-08T10:33:45.780299Z","level":"INFO","fields":{"message":"bench counters","renderers":1,"render_queued":0,"render_busy_answers":0,"database":"{\"read_admission\":{\"active\":0,\"queued\":0,\"limit\":10},\"write_admission\":{\"active\":0,\"queued\":0,\"limit\":1},\"hash_admission\":{\"active\":0,\"queued\":0,\"limit\":10},\"report_admission\":{\"active\":0,\"queued\":0,\"limit\":2},\"writer\":{\"cache_bytes\":79104,\"statement_bytes\":20912,\"cache_hits\":169,\"cache_misses\":22,\"cache_writes\":16},\"readers\":{\"idle\":10,\"connections\":[{\"cache_bytes\":26880,\"statement_bytes\":0,\"cache_hits\":1,\"cache_misses\":6,\"cache_writes\":0},{\"cache_bytes\":26880,\"statement_bytes\":0,\"cache_hits\":1,\"cache_misses\":6,\"cache_writes\":0},{\"cache_bytes\":26880,\"statement_bytes\":0,\"cache_hits\":1,\"cache_misses\":6,\"cache_writes\":0},{\"cache_bytes\":26880,\"statement_bytes\":0,\"cache_hits\":1,\"cache_misses\":6,\"cache_writes\":0},{\"cache_bytes\":26880,\"statement_bytes\":0,\"cache_hits\":1,\"cache_misses\":6,\"cache_writes\":0},{\"cache_bytes\":26880,\"statement_bytes\":0,\"cache_hits\":1,\"cache_misses\":6,\"cache_writes\":0},{\"cache_bytes\":26880,\"statement_bytes\":0,\"cache_hits\":1,\"cache_misses\":6,\"cache_writes\":0},{\"cache_bytes\":26880,\"statement_bytes\":0,\"cache_hits\":1,\"cache_misses\":6,\"cache_writes\":0},{\"cache_bytes\":26880,\"statement_bytes\":0,\"cache_hits\":1,\"cache_misses\":6,\"cache_writes\":0},{\"cache_bytes\":100864,\"statement_bytes\":33648,\"cache_hits\":11,\"cache_misses\":52,\"cache_writes\":0}]},\"sqlite_busy_errors\":0,\"blocking_threads\":1,\"blocking_threads_peak\":1,\"blocking_active\":0,\"blocking_queued\":0,\"scrypt_active\":0,\"scrypt_peak\":1}"},"target":"snowtime_axum"}
{"timestamp":"2026-10-08T10:33:46.727661Z","level":"INFO","fields":{"message":"bench counters","renderers":1,"render_queued":0,"render_busy_answers":0,"database":"{\"read_admission\":{\"active\":0,\"queued\":0,\"limit\":10},\"write_admission\":{\"active\":0,\"queued\":0,\"limit\":1},\"hash_admission\":{\"active\":0,\"queued\":0,\"limit\":10},\"report_admission\":{\"active\":0,\"queued\":0,\"limit\":2},\"writer\":{\"cache_bytes\":96512,\"statement_bytes\":542048,\"cache_hits\":1936,\"cache_misses\":49,\"cache_writes\":81},\"readers\":{\"idle\":10,\"connections\":[{\"cache_bytes\":5120,\"statement_bytes\":0,\"cache_hits\":1,\"cache_misses\":6,\"cache_writes\":0},{\"cache_bytes\":5120,\"statement_bytes\":0,\"cache_hits\":1,\"cache_misses\":6,\"cache_writes\":0},{\"cache_bytes\":5120,\"statement_bytes\":0,\"cache_hits\":1,\"cache_misses\":6,\"cache_writes\":0},{\"cache_bytes\":5120,\"statement_bytes\":0,\"cache_hits\":1,\"cache_misses\":6,\"cache_writes\":0},{\"cache_bytes\":5120,\"statement_bytes\":0,\"cache_hits\":1,\"cache_misses\":6,\"cache_writes\":0},{\"cache_bytes\":5120,\"statement_bytes\":0,\"cache_hits\":1,\"cache_misses\":6,\"cache_writes\":0},{\"cache_bytes\":5120,\"statement_bytes\":0,\"cache_hits\":1,\"cache_misses\":6,\"cache_writes\":0},{\"cache_bytes\":5120,\"statement_bytes\":0,\"cache_hits\":1,\"cache_misses\":6,\"cache_writes\":0},{\"cache_bytes\":5120,\"statement_bytes\":0,\"cache_hits\":1,\"cache_misses\":6,\"cache_writes\":0},{\"cache_bytes\":13824,\"statement_bytes\":351744,\"cache_hits\":25501,\"cache_misses\":2315,\"cache_writes\":0}]},\"sqlite_busy_errors\":0,\"blocking_threads\":0,\"blocking_threads_peak\":1,\"blocking_active\":0,\"blocking_queued\":0,\"scrypt_active\":0,\"scrypt_peak\":1}"},"target":"snowtime_axum"}
{"timestamp":"2026-10-08T10:33:46.782907Z","level":"INFO","fields":{"message":"bench counters","renderers":1,"render_queued":0,"render_busy_answers":0,"database":"{\"read_admission\":{\"active\":0,\"queued\":0,\"limit\":10},\"write_admission\":{\"active\":0,\"queued\":0,\"limit\":1},\"hash_admission\":{\"active\":0,\"queued\":0,\"limit\":10},\"report_admission\":{\"active\":0,\"queued\":0,\"limit\":2},\"writer\":{\"cache_bytes\":79104,\"statement_bytes\":20912,\"cache_hits\":169,\"cache_misses\":22,\"cache_writes\":16},\"readers\":{\"idle\":10,\"connections\":[{\"cache_bytes\":26880,\"statement_bytes\":0,\"cache_hits\":1,\"cache_misses\":6,\"cache_writes\":0},{\"cache_bytes\":26880,\"statement_bytes\":0,\"cache_hits\":1,\"cache_misses\":6,\"cache_writes\":0},{\"cache_bytes\":26880,\"statement_bytes\":0,\"cache_hits\":1,\"cache_misses\":6,\"cache_writes\":0},{\"cache_bytes\":26880,\"statement_bytes\":0,\"cache_hits\":1,\"cache_misses\":6,\"cache_writes\":0},{\"cache_bytes\":26880,\"statement_bytes\":0,\"cache_hits\":1,\"cache_misses\":6,\"cache_writes\":0},{\"cache_bytes\":26880,\"statement_bytes\":0,\"cache_hits\":1,\"cache_misses\":6,\"cache_writes\":0},{\"cache_bytes\":26880,\"statement_bytes\":0,\"cache_hits\":1,\"cache_misses\":6,\"cache_writes\":0},{\"cache_bytes\":26880,\"statement_bytes\":0,\"cache_hits\":1,\"cache_misses\":6,\"cache_writes\":0},{\"cache_bytes\":26880,\"statement_bytes\":0,\"cache_hits\":1,\"cache_misses\":6,\"cache_writes\":0},{\"cache_bytes\":100864,\"statement_bytes\":33648,\"cache_hits\":11,\"cache_misses\":52,\"cache_writes\":0}]},\"sqlite_busy_errors\":0,\"blocking_threads\":1,\"blocking_threads_peak\":1,\"blocking_active\":0,\"blocking_queued\":0,\"scrypt_active\":0,\"scrypt_peak\":1}"},"target":"snowtime_axum"}
{"timestamp":"2026-10-08T10:33:47.730054Z","level":"INFO","fields":{"message":"bench counters","renderers":1,"render_queued":0,"render_busy_answers":0,"database":"{\"read_admission\":{\"active\":0,\"queued\":0,\"limit\":10},\"write_admission\":{\"active\":0,\"queued\":0,\"limit\":1},\"hash_admission\":{\"active\":0,\"queued\":0,\"limit\":10},\"report_admission\":{\"active\":0,\"queued\":0,\"limit\":2},\"writer\":{\"cache_bytes\":96512,\"statement_bytes\":542048,\"cache_hits\":1936,\"cache_misses\":49,\"cache_writes\":81},\"readers\":{\"idle\":10,\"connections\":[{\"cache_bytes\":5120,\"statement_bytes\":0,\"cache_hits\":1,\"cache_misses\":6,\"cache_writes\":0},{\"cache_bytes\":5120,\"statement_bytes\":0,\"cache_hits\":1,\"cache_misses\":6,\"cache_writes\":0},{\"cache_bytes\":5120,\"statement_bytes\":0,\"cache_hits\":1,\"cache_misses\":6,\"cache_writes\":0},{\"cache_bytes\":5120,\"statement_bytes\":0,\"cache_hits\":1,\"cache_misses\":6,\"cache_writes\":0},{\"cache_bytes\":5120,\"statement_bytes\":0,\"cache_hits\":1,\"cache_misses\":6,\"cache_writes\":0},{\"cache_bytes\":5120,\"statement_bytes\":0,\"cache_hits\":1,\"cache_misses\":6,\"cache_writes\":0},{\"cache_bytes\":5120,\"statement_bytes\":0,\"cache_hits\":1,\"cache_misses\":6,\"cache_writes\":0},{\"cache_bytes\":5120,\"statement_bytes\":0,\"cache_hits\":1,\"cache_misses\":6,\"cache_writes\":0},{\"cache_bytes\":5120,\"statement_bytes\":0,\"cache_hits\":1,\"cache_misses\":6,\"cache_writes\":0},{\"cache_bytes\":13824,\"statement_bytes\":351744,\"cache_hits\":25501,\"cache_misses\":2315,\"cache_writes\":0}]},\"sqlite_busy_errors\":0,\"blocking_threads\":0,\"blocking_threads_peak\":1,\"blocking_active\":0,\"blocking_queued\":0,\"scrypt_active\":0,\"scrypt_peak\":1}"},"target":"snowtime_axum"}
{"timestamp":"2026-10-08T10:33:48.060642Z","level":"INFO","fields":{"message":"sized the renderers","limit_mib":32768,"source":"physical memory","cpus":10,"renderers":10,"heap_mib":128,"semi_space_mib":32},"target":"snowtime_axum"}
{"timestamp":"2026-10-08T10:33:48.061267Z","level":"INFO","fields":{"message":"listening","address":"127.0.0.1:64707","tls":false},"target":"snowtime_axum"}
{"timestamp":"2026-10-08T10:33:48.732742Z","level":"INFO","fields":{"message":"bench counters","renderers":1,"render_queued":0,"render_busy_answers":0,"database":"{\"read_admission\":{\"active\":0,\"queued\":0,\"limit\":10},\"write_admission\":{\"active\":0,\"queued\":0,\"limit\":1},\"hash_admission\":{\"active\":0,\"queued\":0,\"limit\":10},\"report_admission\":{\"active\":0,\"queued\":0,\"limit\":2},\"writer\":{\"cache_bytes\":96512,\"statement_bytes\":542048,\"cache_hits\":1936,\"cache_misses\":49,\"cache_writes\":81},\"readers\":{\"idle\":10,\"connections\":[{\"cache_bytes\":5120,\"statement_bytes\":0,\"cache_hits\":1,\"cache_misses\":6,\"cache_writes\":0},{\"cache_bytes\":5120,\"statement_bytes\":0,\"cache_hits\":1,\"cache_misses\":6,\"cache_writes\":0},{\"cache_bytes\":5120,\"statement_bytes\":0,\"cache_hits\":1,\"cache_misses\":6,\"cache_writes\":0},{\"cache_bytes\":5120,\"statement_bytes\":0,\"cache_hits\":1,\"cache_misses\":6,\"cache_writes\":0},{\"cache_bytes\":5120,\"statement_bytes\":0,\"cache_hits\":1,\"cache_misses\":6,\"cache_writes\":0},{\"cache_bytes\":5120,\"statement_bytes\":0,\"cache_hits\":1,\"cache_misses\":6,\"cache_writes\":0},{\"cache_bytes\":5120,\"statement_bytes\":0,\"cache_hits\":1,\"cache_misses\":6,\"cache_writes\":0},{\"cache_bytes\":5120,\"statement_bytes\":0,\"cache_hits\":1,\"cache_misses\":6,\"cache_writes\":0},{\"cache_bytes\":5120,\"statement_bytes\":0,\"cache_hits\":1,\"cache_misses\":6,\"cache_writes\":0},{\"cache_bytes\":13824,\"statement_bytes\":351744,\"cache_hits\":25501,\"cache_misses\":2315,\"cache_writes\":0}]},\"sqlite_busy_errors\":0,\"blocking_threads\":0,\"blocking_threads_peak\":1,\"blocking_active\":0,\"blocking_queued\":0,\"scrypt_active\":0,\"scrypt_peak\":1}"},"target":"snowtime_axum"}
{"timestamp":"2026-10-08T10:33:49.063680Z","level":"INFO","fields":{"message":"bench counters","renderers":1,"render_queued":0,"render_busy_answers":0,"database":"{\"read_admission\":{\"active\":0,\"queued\":0,\"limit\":10},\"write_admission\":{\"active\":0,\"queued\":0,\"limit\":1},\"hash_admission\":{\"active\":1,\"queued\":0,\"limit\":10},\"report_admission\":{\"active\":0,\"queued\":0,\"limit\":2},\"writer\":{\"cache_bytes\":52992,\"statement_bytes\":6688,\"cache_hits\":23,\"cache_misses\":16,\"cache_writes\":9},\"readers\":{\"idle\":10,\"connections\":[{\"cache_bytes\":26880,\"statement_bytes\":0,\"cache_hits\":1,\"cache_misses\":6,\"cache_writes\":0},{\"cache_bytes\":26880,\"statement_bytes\":0,\"cache_hits\":1,\"cache_misses\":6,\"cache_writes\":0},{\"cache_bytes\":26880,\"statement_bytes\":0,\"cache_hits\":1,\"cache_misses\":6,\"cache_writes\":0},{\"cache_bytes\":26880,\"statement_bytes\":0,\"cache_hits\":1,\"cache_misses\":6,\"cache_writes\":0},{\"cache_bytes\":26880,\"statement_bytes\":0,\"cache_hits\":1,\"cache_misses\":6,\"cache_writes\":0},{\"cache_bytes\":26880,\"statement_bytes\":0,\"cache_hits\":1,\"cache_misses\":6,\"cache_writes\":0},{\"cache_bytes\":26880,\"statement_bytes\":0,\"cache_hits\":1,\"cache_misses\":6,\"cache_writes\":0},{\"cache_bytes\":26880,\"statement_bytes\":0,\"cache_hits\":1,\"cache_misses\":6,\"cache_writes\":0},{\"cache_bytes\":26880,\"statement_bytes\":0,\"cache_hits\":1,\"cache_misses\":6,\"cache_writes\":0},{\"cache_bytes\":26880,\"statement_bytes\":0,\"cache_hits\":1,\"cache_misses\":6,\"cache_writes\":0}]},\"sqlite_busy_errors\":0,\"blocking_threads\":1,\"blocking_threads_peak\":1,\"blocking_active\":0,\"blocking_queued\":0,\"scrypt_active\":1,\"scrypt_peak\":1}"},"target":"snowtime_axum"}
same bytes                 invitation limit: owner at limit (403, 82 bytes)
same bytes                 invitation limit: member permission before limit (403, 61 bytes)
same bytes                 invitation limit: existing member before limit (400, 124 bytes)
{"timestamp":"2026-10-08T10:33:49.735466Z","level":"INFO","fields":{"message":"bench counters","renderers":1,"render_queued":0,"render_busy_answers":0,"database":"{\"read_admission\":{\"active\":0,\"queued\":0,\"limit\":10},\"write_admission\":{\"active\":0,\"queued\":0,\"limit\":1},\"hash_admission\":{\"active\":0,\"queued\":0,\"limit\":10},\"report_admission\":{\"active\":0,\"queued\":0,\"limit\":2},\"writer\":{\"cache_bytes\":96512,\"statement_bytes\":542048,\"cache_hits\":1936,\"cache_misses\":49,\"cache_writes\":81},\"readers\":{\"idle\":10,\"connections\":[{\"cache_bytes\":5120,\"statement_bytes\":0,\"cache_hits\":1,\"cache_misses\":6,\"cache_writes\":0},{\"cache_bytes\":5120,\"statement_bytes\":0,\"cache_hits\":1,\"cache_misses\":6,\"cache_writes\":0},{\"cache_bytes\":5120,\"statement_bytes\":0,\"cache_hits\":1,\"cache_misses\":6,\"cache_writes\":0},{\"cache_bytes\":5120,\"statement_bytes\":0,\"cache_hits\":1,\"cache_misses\":6,\"cache_writes\":0},{\"cache_bytes\":5120,\"statement_bytes\":0,\"cache_hits\":1,\"cache_misses\":6,\"cache_writes\":0},{\"cache_bytes\":5120,\"statement_bytes\":0,\"cache_hits\":1,\"cache_misses\":6,\"cache_writes\":0},{\"cache_bytes\":5120,\"statement_bytes\":0,\"cache_hits\":1,\"cache_misses\":6,\"cache_writes\":0},{\"cache_bytes\":5120,\"statement_bytes\":0,\"cache_hits\":1,\"cache_misses\":6,\"cache_writes\":0},{\"cache_bytes\":5120,\"statement_bytes\":0,\"cache_hits\":1,\"cache_misses\":6,\"cache_writes\":0},{\"cache_bytes\":13824,\"statement_bytes\":351744,\"cache_hits\":25501,\"cache_misses\":2315,\"cache_writes\":0}]},\"sqlite_busy_errors\":0,\"blocking_threads\":0,\"blocking_threads_peak\":1,\"blocking_active\":0,\"blocking_queued\":0,\"scrypt_active\":0,\"scrypt_peak\":1}"},"target":"snowtime_axum"}
{"timestamp":"2026-10-08T10:33:50.066109Z","level":"INFO","fields":{"message":"bench counters","renderers":1,"render_queued":0,"render_busy_answers":0,"database":"{\"read_admission\":{\"active\":0,\"queued\":0,\"limit\":10},\"write_admission\":{\"active\":0,\"queued\":0,\"limit\":1},\"hash_admission\":{\"active\":0,\"queued\":0,\"limit\":10},\"report_admission\":{\"active\":0,\"queued\":0,\"limit\":2},\"writer\":{\"cache_bytes\":105216,\"statement_bytes\":25296,\"cache_hits\":95,\"cache_misses\":28,\"cache_writes\":13},\"readers\":{\"idle\":10,\"connections\":[{\"cache_bytes\":26880,\"statement_bytes\":0,\"cache_hits\":1,\"cache_misses\":6,\"cache_writes\":0},{\"cache_bytes\":26880,\"statement_bytes\":0,\"cache_hits\":1,\"cache_misses\":6,\"cache_writes\":0},{\"cache_bytes\":26880,\"statement_bytes\":0,\"cache_hits\":1,\"cache_misses\":6,\"cache_writes\":0},{\"cache_bytes\":26880,\"statement_bytes\":0,\"cache_hits\":1,\"cache_misses\":6,\"cache_writes\":0},{\"cache_bytes\":26880,\"statement_bytes\":0,\"cache_hits\":1,\"cache_misses\":6,\"cache_writes\":0},{\"cache_bytes\":26880,\"statement_bytes\":0,\"cache_hits\":1,\"cache_misses\":6,\"cache_writes\":0},{\"cache_bytes\":26880,\"statement_bytes\":0,\"cache_hits\":1,\"cache_misses\":6,\"cache_writes\":0},{\"cache_bytes\":26880,\"statement_bytes\":0,\"cache_hits\":1,\"cache_misses\":6,\"cache_writes\":0},{\"cache_bytes\":26880,\"statement_bytes\":0,\"cache_hits\":1,\"cache_misses\":6,\"cache_writes\":0},{\"cache_bytes\":26880,\"statement_bytes\":0,\"cache_hits\":1,\"cache_misses\":6,\"cache_writes\":0}]},\"sqlite_busy_errors\":0,\"blocking_threads\":1,\"blocking_threads_peak\":1,\"blocking_active\":0,\"blocking_queued\":0,\"scrypt_active\":0,\"scrypt_peak\":1}"},"target":"snowtime_axum"}
{"timestamp":"2026-10-08T10:33:50.738375Z","level":"INFO","fields":{"message":"bench counters","renderers":1,"render_queued":0,"render_busy_answers":0,"database":"{\"read_admission\":{\"active\":0,\"queued\":0,\"limit\":10},\"write_admission\":{\"active\":0,\"queued\":0,\"limit\":1},\"hash_admission\":{\"active\":0,\"queued\":0,\"limit\":10},\"report_admission\":{\"active\":0,\"queued\":0,\"limit\":2},\"writer\":{\"cache_bytes\":96512,\"statement_bytes\":542048,\"cache_hits\":1936,\"cache_misses\":49,\"cache_writes\":81},\"readers\":{\"idle\":10,\"connections\":[{\"cache_bytes\":5120,\"statement_bytes\":0,\"cache_hits\":1,\"cache_misses\":6,\"cache_writes\":0},{\"cache_bytes\":5120,\"statement_bytes\":0,\"cache_hits\":1,\"cache_misses\":6,\"cache_writes\":0},{\"cache_bytes\":5120,\"statement_bytes\":0,\"cache_hits\":1,\"cache_misses\":6,\"cache_writes\":0},{\"cache_bytes\":5120,\"statement_bytes\":0,\"cache_hits\":1,\"cache_misses\":6,\"cache_writes\":0},{\"cache_bytes\":5120,\"statement_bytes\":0,\"cache_hits\":1,\"cache_misses\":6,\"cache_writes\":0},{\"cache_bytes\":5120,\"statement_bytes\":0,\"cache_hits\":1,\"cache_misses\":6,\"cache_writes\":0},{\"cache_bytes\":5120,\"statement_bytes\":0,\"cache_hits\":1,\"cache_misses\":6,\"cache_writes\":0},{\"cache_bytes\":5120,\"statement_bytes\":0,\"cache_hits\":1,\"cache_misses\":6,\"cache_writes\":0},{\"cache_bytes\":5120,\"statement_bytes\":0,\"cache_hits\":1,\"cache_misses\":6,\"cache_writes\":0},{\"cache_bytes\":13824,\"statement_bytes\":351744,\"cache_hits\":25501,\"cache_misses\":2315,\"cache_writes\":0}]},\"sqlite_busy_errors\":0,\"blocking_threads\":0,\"blocking_threads_peak\":1,\"blocking_active\":0,\"blocking_queued\":0,\"scrypt_active\":0,\"scrypt_peak\":1}"},"target":"snowtime_axum"}
{"timestamp":"2026-10-08T10:33:51.068072Z","level":"INFO","fields":{"message":"bench counters","renderers":1,"render_queued":0,"render_busy_answers":0,"database":"{\"read_admission\":{\"active\":0,\"queued\":0,\"limit\":10},\"write_admission\":{\"active\":0,\"queued\":0,\"limit\":1},\"hash_admission\":{\"active\":0,\"queued\":0,\"limit\":10},\"report_admission\":{\"active\":0,\"queued\":0,\"limit\":2},\"writer\":{\"cache_bytes\":105216,\"statement_bytes\":25296,\"cache_hits\":95,\"cache_misses\":28,\"cache_writes\":13},\"readers\":{\"idle\":10,\"connections\":[{\"cache_bytes\":26880,\"statement_bytes\":0,\"cache_hits\":1,\"cache_misses\":6,\"cache_writes\":0},{\"cache_bytes\":26880,\"statement_bytes\":0,\"cache_hits\":1,\"cache_misses\":6,\"cache_writes\":0},{\"cache_bytes\":26880,\"statement_bytes\":0,\"cache_hits\":1,\"cache_misses\":6,\"cache_writes\":0},{\"cache_bytes\":26880,\"statement_bytes\":0,\"cache_hits\":1,\"cache_misses\":6,\"cache_writes\":0},{\"cache_bytes\":26880,\"statement_bytes\":0,\"cache_hits\":1,\"cache_misses\":6,\"cache_writes\":0},{\"cache_bytes\":26880,\"statement_bytes\":0,\"cache_hits\":1,\"cache_misses\":6,\"cache_writes\":0},{\"cache_bytes\":26880,\"statement_bytes\":0,\"cache_hits\":1,\"cache_misses\":6,\"cache_writes\":0},{\"cache_bytes\":26880,\"statement_bytes\":0,\"cache_hits\":1,\"cache_misses\":6,\"cache_writes\":0},{\"cache_bytes\":26880,\"statement_bytes\":0,\"cache_hits\":1,\"cache_misses\":6,\"cache_writes\":0},{\"cache_bytes\":26880,\"statement_bytes\":0,\"cache_hits\":1,\"cache_misses\":6,\"cache_writes\":0}]},\"sqlite_busy_errors\":0,\"blocking_threads\":1,\"blocking_threads_peak\":1,\"blocking_active\":0,\"blocking_queued\":0,\"scrypt_active\":0,\"scrypt_peak\":1}"},"target":"snowtime_axum"}
{"timestamp":"2026-10-08T10:33:51.740735Z","level":"INFO","fields":{"message":"bench counters","renderers":1,"render_queued":0,"render_busy_answers":0,"database":"{\"read_admission\":{\"active\":0,\"queued\":0,\"limit\":10},\"write_admission\":{\"active\":0,\"queued\":0,\"limit\":1},\"hash_admission\":{\"active\":0,\"queued\":0,\"limit\":10},\"report_admission\":{\"active\":0,\"queued\":0,\"limit\":2},\"writer\":{\"cache_bytes\":96512,\"statement_bytes\":542048,\"cache_hits\":1936,\"cache_misses\":49,\"cache_writes\":81},\"readers\":{\"idle\":10,\"connections\":[{\"cache_bytes\":5120,\"statement_bytes\":0,\"cache_hits\":1,\"cache_misses\":6,\"cache_writes\":0},{\"cache_bytes\":5120,\"statement_bytes\":0,\"cache_hits\":1,\"cache_misses\":6,\"cache_writes\":0},{\"cache_bytes\":5120,\"statement_bytes\":0,\"cache_hits\":1,\"cache_misses\":6,\"cache_writes\":0},{\"cache_bytes\":5120,\"statement_bytes\":0,\"cache_hits\":1,\"cache_misses\":6,\"cache_writes\":0},{\"cache_bytes\":5120,\"statement_bytes\":0,\"cache_hits\":1,\"cache_misses\":6,\"cache_writes\":0},{\"cache_bytes\":5120,\"statement_bytes\":0,\"cache_hits\":1,\"cache_misses\":6,\"cache_writes\":0},{\"cache_bytes\":5120,\"statement_bytes\":0,\"cache_hits\":1,\"cache_misses\":6,\"cache_writes\":0},{\"cache_bytes\":5120,\"statement_bytes\":0,\"cache_hits\":1,\"cache_misses\":6,\"cache_writes\":0},{\"cache_bytes\":5120,\"statement_bytes\":0,\"cache_hits\":1,\"cache_misses\":6,\"cache_writes\":0},{\"cache_bytes\":13824,\"statement_bytes\":351744,\"cache_hits\":25501,\"cache_misses\":2315,\"cache_writes\":0}]},\"sqlite_busy_errors\":0,\"blocking_threads\":0,\"blocking_threads_peak\":1,\"blocking_active\":0,\"blocking_queued\":0,\"scrypt_active\":0,\"scrypt_peak\":1}"},"target":"snowtime_axum"}
{"timestamp":"2026-10-08T10:33:52.070648Z","level":"INFO","fields":{"message":"bench counters","renderers":1,"render_queued":0,"render_busy_answers":0,"database":"{\"read_admission\":{\"active\":0,\"queued\":0,\"limit\":10},\"write_admission\":{\"active\":0,\"queued\":0,\"limit\":1},\"hash_admission\":{\"active\":0,\"queued\":0,\"limit\":10},\"report_admission\":{\"active\":0,\"queued\":0,\"limit\":2},\"writer\":{\"cache_bytes\":105216,\"statement_bytes\":25296,\"cache_hits\":95,\"cache_misses\":28,\"cache_writes\":13},\"readers\":{\"idle\":10,\"connections\":[{\"cache_bytes\":26880,\"statement_bytes\":0,\"cache_hits\":1,\"cache_misses\":6,\"cache_writes\":0},{\"cache_bytes\":26880,\"statement_bytes\":0,\"cache_hits\":1,\"cache_misses\":6,\"cache_writes\":0},{\"cache_bytes\":26880,\"statement_bytes\":0,\"cache_hits\":1,\"cache_misses\":6,\"cache_writes\":0},{\"cache_bytes\":26880,\"statement_bytes\":0,\"cache_hits\":1,\"cache_misses\":6,\"cache_writes\":0},{\"cache_bytes\":26880,\"statement_bytes\":0,\"cache_hits\":1,\"cache_misses\":6,\"cache_writes\":0},{\"cache_bytes\":26880,\"statement_bytes\":0,\"cache_hits\":1,\"cache_misses\":6,\"cache_writes\":0},{\"cache_bytes\":26880,\"statement_bytes\":0,\"cache_hits\":1,\"cache_misses\":6,\"cache_writes\":0},{\"cache_bytes\":26880,\"statement_bytes\":0,\"cache_hits\":1,\"cache_misses\":6,\"cache_writes\":0},{\"cache_bytes\":26880,\"statement_bytes\":0,\"cache_hits\":1,\"cache_misses\":6,\"cache_writes\":0},{\"cache_bytes\":26880,\"statement_bytes\":0,\"cache_hits\":1,\"cache_misses\":6,\"cache_writes\":0}]},\"sqlite_busy_errors\":0,\"blocking_threads\":1,\"blocking_threads_peak\":1,\"blocking_active\":0,\"blocking_queued\":0,\"scrypt_active\":0,\"scrypt_peak\":1}"},"target":"snowtime_axum"}
{"timestamp":"2026-10-08T10:33:52.743339Z","level":"INFO","fields":{"message":"bench counters","renderers":1,"render_queued":0,"render_busy_answers":0,"database":"{\"read_admission\":{\"active\":0,\"queued\":0,\"limit\":10},\"write_admission\":{\"active\":0,\"queued\":0,\"limit\":1},\"hash_admission\":{\"active\":0,\"queued\":0,\"limit\":10},\"report_admission\":{\"active\":0,\"queued\":0,\"limit\":2},\"writer\":{\"cache_bytes\":96512,\"statement_bytes\":542048,\"cache_hits\":1936,\"cache_misses\":49,\"cache_writes\":81},\"readers\":{\"idle\":10,\"connections\":[{\"cache_bytes\":5120,\"statement_bytes\":0,\"cache_hits\":1,\"cache_misses\":6,\"cache_writes\":0},{\"cache_bytes\":5120,\"statement_bytes\":0,\"cache_hits\":1,\"cache_misses\":6,\"cache_writes\":0},{\"cache_bytes\":5120,\"statement_bytes\":0,\"cache_hits\":1,\"cache_misses\":6,\"cache_writes\":0},{\"cache_bytes\":5120,\"statement_bytes\":0,\"cache_hits\":1,\"cache_misses\":6,\"cache_writes\":0},{\"cache_bytes\":5120,\"statement_bytes\":0,\"cache_hits\":1,\"cache_misses\":6,\"cache_writes\":0},{\"cache_bytes\":5120,\"statement_bytes\":0,\"cache_hits\":1,\"cache_misses\":6,\"cache_writes\":0},{\"cache_bytes\":5120,\"statement_bytes\":0,\"cache_hits\":1,\"cache_misses\":6,\"cache_writes\":0},{\"cache_bytes\":5120,\"statement_bytes\":0,\"cache_hits\":1,\"cache_misses\":6,\"cache_writes\":0},{\"cache_bytes\":5120,\"statement_bytes\":0,\"cache_hits\":1,\"cache_misses\":6,\"cache_writes\":0},{\"cache_bytes\":13824,\"statement_bytes\":351744,\"cache_hits\":25501,\"cache_misses\":2315,\"cache_writes\":0}]},\"sqlite_busy_errors\":0,\"blocking_threads\":0,\"blocking_threads_peak\":1,\"blocking_active\":0,\"blocking_queued\":0,\"scrypt_active\":0,\"scrypt_peak\":1}"},"target":"snowtime_axum"}
{"timestamp":"2026-10-08T10:33:53.319632Z","level":"INFO","fields":{"message":"sized the renderers","limit_mib":32768,"source":"physical memory","cpus":10,"renderers":10,"heap_mib":128,"semi_space_mib":32},"target":"snowtime_axum"}
{"timestamp":"2026-10-08T10:33:53.320332Z","level":"INFO","fields":{"message":"listening","address":"127.0.0.1:64714","tls":false},"target":"snowtime_axum"}
{"timestamp":"2026-10-08T10:33:53.746079Z","level":"INFO","fields":{"message":"bench counters","renderers":1,"render_queued":0,"render_busy_answers":0,"database":"{\"read_admission\":{\"active\":0,\"queued\":0,\"limit\":10},\"write_admission\":{\"active\":0,\"queued\":0,\"limit\":1},\"hash_admission\":{\"active\":0,\"queued\":0,\"limit\":10},\"report_admission\":{\"active\":0,\"queued\":0,\"limit\":2},\"writer\":{\"cache_bytes\":96512,\"statement_bytes\":542048,\"cache_hits\":1936,\"cache_misses\":49,\"cache_writes\":81},\"readers\":{\"idle\":10,\"connections\":[{\"cache_bytes\":5120,\"statement_bytes\":0,\"cache_hits\":1,\"cache_misses\":6,\"cache_writes\":0},{\"cache_bytes\":5120,\"statement_bytes\":0,\"cache_hits\":1,\"cache_misses\":6,\"cache_writes\":0},{\"cache_bytes\":5120,\"statement_bytes\":0,\"cache_hits\":1,\"cache_misses\":6,\"cache_writes\":0},{\"cache_bytes\":5120,\"statement_bytes\":0,\"cache_hits\":1,\"cache_misses\":6,\"cache_writes\":0},{\"cache_bytes\":5120,\"statement_bytes\":0,\"cache_hits\":1,\"cache_misses\":6,\"cache_writes\":0},{\"cache_bytes\":5120,\"statement_bytes\":0,\"cache_hits\":1,\"cache_misses\":6,\"cache_writes\":0},{\"cache_bytes\":5120,\"statement_bytes\":0,\"cache_hits\":1,\"cache_misses\":6,\"cache_writes\":0},{\"cache_bytes\":5120,\"statement_bytes\":0,\"cache_hits\":1,\"cache_misses\":6,\"cache_writes\":0},{\"cache_bytes\":5120,\"statement_bytes\":0,\"cache_hits\":1,\"cache_misses\":6,\"cache_writes\":0},{\"cache_bytes\":13824,\"statement_bytes\":351744,\"cache_hits\":25501,\"cache_misses\":2315,\"cache_writes\":0}]},\"sqlite_busy_errors\":0,\"blocking_threads\":0,\"blocking_threads_peak\":1,\"blocking_active\":0,\"blocking_queued\":0,\"scrypt_active\":0,\"scrypt_peak\":1}"},"target":"snowtime_axum"}
{"timestamp":"2026-10-08T10:33:54.321959Z","level":"INFO","fields":{"message":"bench counters","renderers":1,"render_queued":0,"render_busy_answers":0,"database":"{\"read_admission\":{\"active\":0,\"queued\":0,\"limit\":10},\"write_admission\":{\"active\":0,\"queued\":0,\"limit\":1},\"hash_admission\":{\"active\":1,\"queued\":0,\"limit\":10},\"report_admission\":{\"active\":0,\"queued\":0,\"limit\":2},\"writer\":{\"cache_bytes\":52992,\"statement_bytes\":6688,\"cache_hits\":23,\"cache_misses\":16,\"cache_writes\":9},\"readers\":{\"idle\":10,\"connections\":[{\"cache_bytes\":26880,\"statement_bytes\":0,\"cache_hits\":1,\"cache_misses\":6,\"cache_writes\":0},{\"cache_bytes\":26880,\"statement_bytes\":0,\"cache_hits\":1,\"cache_misses\":6,\"cache_writes\":0},{\"cache_bytes\":26880,\"statement_bytes\":0,\"cache_hits\":1,\"cache_misses\":6,\"cache_writes\":0},{\"cache_bytes\":26880,\"statement_bytes\":0,\"cache_hits\":1,\"cache_misses\":6,\"cache_writes\":0},{\"cache_bytes\":26880,\"statement_bytes\":0,\"cache_hits\":1,\"cache_misses\":6,\"cache_writes\":0},{\"cache_bytes\":26880,\"statement_bytes\":0,\"cache_hits\":1,\"cache_misses\":6,\"cache_writes\":0},{\"cache_bytes\":26880,\"statement_bytes\":0,\"cache_hits\":1,\"cache_misses\":6,\"cache_writes\":0},{\"cache_bytes\":26880,\"statement_bytes\":0,\"cache_hits\":1,\"cache_misses\":6,\"cache_writes\":0},{\"cache_bytes\":26880,\"statement_bytes\":0,\"cache_hits\":1,\"cache_misses\":6,\"cache_writes\":0},{\"cache_bytes\":26880,\"statement_bytes\":0,\"cache_hits\":1,\"cache_misses\":6,\"cache_writes\":0}]},\"sqlite_busy_errors\":0,\"blocking_threads\":1,\"blocking_threads_peak\":1,\"blocking_active\":0,\"blocking_queued\":0,\"scrypt_active\":1,\"scrypt_peak\":1}"},"target":"snowtime_axum"}
same bytes                 acceptInvitation refusals: wrong recipient (403, 120 bytes)
same bytes                 acceptInvitation refusals: unknown invitation (400, 74 bytes)
same bytes                 acceptInvitation refusals: signed out (401, 61 bytes)
same bytes                 acceptInvitation refusals: malformed JSON (400, 45 bytes)
same bytes                 acceptInvitation refusals: origin refusal (403, 53 bytes)
same bytes                 acceptInvitation refusals: refusals preserve pending state (200, 256 bytes)
{"timestamp":"2026-10-08T10:33:54.749016Z","level":"INFO","fields":{"message":"bench counters","renderers":1,"render_queued":0,"render_busy_answers":0,"database":"{\"read_admission\":{\"active\":0,\"queued\":0,\"limit\":10},\"write_admission\":{\"active\":0,\"queued\":0,\"limit\":1},\"hash_admission\":{\"active\":0,\"queued\":0,\"limit\":10},\"report_admission\":{\"active\":0,\"queued\":0,\"limit\":2},\"writer\":{\"cache_bytes\":96512,\"statement_bytes\":542048,\"cache_hits\":1936,\"cache_misses\":49,\"cache_writes\":81},\"readers\":{\"idle\":10,\"connections\":[{\"cache_bytes\":5120,\"statement_bytes\":0,\"cache_hits\":1,\"cache_misses\":6,\"cache_writes\":0},{\"cache_bytes\":5120,\"statement_bytes\":0,\"cache_hits\":1,\"cache_misses\":6,\"cache_writes\":0},{\"cache_bytes\":5120,\"statement_bytes\":0,\"cache_hits\":1,\"cache_misses\":6,\"cache_writes\":0},{\"cache_bytes\":5120,\"statement_bytes\":0,\"cache_hits\":1,\"cache_misses\":6,\"cache_writes\":0},{\"cache_bytes\":5120,\"statement_bytes\":0,\"cache_hits\":1,\"cache_misses\":6,\"cache_writes\":0},{\"cache_bytes\":5120,\"statement_bytes\":0,\"cache_hits\":1,\"cache_misses\":6,\"cache_writes\":0},{\"cache_bytes\":5120,\"statement_bytes\":0,\"cache_hits\":1,\"cache_misses\":6,\"cache_writes\":0},{\"cache_bytes\":5120,\"statement_bytes\":0,\"cache_hits\":1,\"cache_misses\":6,\"cache_writes\":0},{\"cache_bytes\":5120,\"statement_bytes\":0,\"cache_hits\":1,\"cache_misses\":6,\"cache_writes\":0},{\"cache_bytes\":13824,\"statement_bytes\":351744,\"cache_hits\":25501,\"cache_misses\":2315,\"cache_writes\":0}]},\"sqlite_busy_errors\":0,\"blocking_threads\":0,\"blocking_threads_peak\":1,\"blocking_active\":0,\"blocking_queued\":0,\"scrypt_active\":0,\"scrypt_peak\":1}"},"target":"snowtime_axum"}
{"timestamp":"2026-10-08T10:33:55.324628Z","level":"INFO","fields":{"message":"bench counters","renderers":1,"render_queued":0,"render_busy_answers":0,"database":"{\"read_admission\":{\"active\":0,\"queued\":0,\"limit\":10},\"write_admission\":{\"active\":0,\"queued\":0,\"limit\":1},\"hash_admission\":{\"active\":0,\"queued\":0,\"limit\":10},\"report_admission\":{\"active\":0,\"queued\":0,\"limit\":2},\"writer\":{\"cache_bytes\":61696,\"statement_bytes\":19680,\"cache_hits\":50,\"cache_misses\":18,\"cache_writes\":13},\"readers\":{\"idle\":10,\"connections\":[{\"cache_bytes\":26880,\"statement_bytes\":0,\"cache_hits\":1,\"cache_misses\":6,\"cache_writes\":0},{\"cache_bytes\":26880,\"statement_bytes\":0,\"cache_hits\":1,\"cache_misses\":6,\"cache_writes\":0},{\"cache_bytes\":26880,\"statement_bytes\":0,\"cache_hits\":1,\"cache_misses\":6,\"cache_writes\":0},{\"cache_bytes\":26880,\"statement_bytes\":0,\"cache_hits\":1,\"cache_misses\":6,\"cache_writes\":0},{\"cache_bytes\":26880,\"statement_bytes\":0,\"cache_hits\":1,\"cache_misses\":6,\"cache_writes\":0},{\"cache_bytes\":26880,\"statement_bytes\":0,\"cache_hits\":1,\"cache_misses\":6,\"cache_writes\":0},{\"cache_bytes\":26880,\"statement_bytes\":0,\"cache_hits\":1,\"cache_misses\":6,\"cache_writes\":0},{\"cache_bytes\":26880,\"statement_bytes\":0,\"cache_hits\":1,\"cache_misses\":6,\"cache_writes\":0},{\"cache_bytes\":26880,\"statement_bytes\":0,\"cache_hits\":1,\"cache_misses\":6,\"cache_writes\":0},{\"cache_bytes\":44288,\"statement_bytes\":8192,\"cache_hits\":1,\"cache_misses\":15,\"cache_writes\":0}]},\"sqlite_busy_errors\":0,\"blocking_threads\":1,\"blocking_threads_peak\":1,\"blocking_active\":0,\"blocking_queued\":0,\"scrypt_active\":0,\"scrypt_peak\":1}"},"target":"snowtime_axum"}
{"timestamp":"2026-10-08T10:33:55.751481Z","level":"INFO","fields":{"message":"bench counters","renderers":1,"render_queued":0,"render_busy_answers":0,"database":"{\"read_admission\":{\"active\":0,\"queued\":0,\"limit\":10},\"write_admission\":{\"active\":0,\"queued\":0,\"limit\":1},\"hash_admission\":{\"active\":0,\"queued\":0,\"limit\":10},\"report_admission\":{\"active\":0,\"queued\":0,\"limit\":2},\"writer\":{\"cache_bytes\":96512,\"statement_bytes\":542048,\"cache_hits\":1936,\"cache_misses\":49,\"cache_writes\":81},\"readers\":{\"idle\":10,\"connections\":[{\"cache_bytes\":5120,\"statement_bytes\":0,\"cache_hits\":1,\"cache_misses\":6,\"cache_writes\":0},{\"cache_bytes\":5120,\"statement_bytes\":0,\"cache_hits\":1,\"cache_misses\":6,\"cache_writes\":0},{\"cache_bytes\":5120,\"statement_bytes\":0,\"cache_hits\":1,\"cache_misses\":6,\"cache_writes\":0},{\"cache_bytes\":5120,\"statement_bytes\":0,\"cache_hits\":1,\"cache_misses\":6,\"cache_writes\":0},{\"cache_bytes\":5120,\"statement_bytes\":0,\"cache_hits\":1,\"cache_misses\":6,\"cache_writes\":0},{\"cache_bytes\":5120,\"statement_bytes\":0,\"cache_hits\":1,\"cache_misses\":6,\"cache_writes\":0},{\"cache_bytes\":5120,\"statement_bytes\":0,\"cache_hits\":1,\"cache_misses\":6,\"cache_writes\":0},{\"cache_bytes\":5120,\"statement_bytes\":0,\"cache_hits\":1,\"cache_misses\":6,\"cache_writes\":0},{\"cache_bytes\":5120,\"statement_bytes\":0,\"cache_hits\":1,\"cache_misses\":6,\"cache_writes\":0},{\"cache_bytes\":13824,\"statement_bytes\":351744,\"cache_hits\":25501,\"cache_misses\":2315,\"cache_writes\":0}]},\"sqlite_busy_errors\":0,\"blocking_threads\":0,\"blocking_threads_peak\":1,\"blocking_active\":0,\"blocking_queued\":0,\"scrypt_active\":0,\"scrypt_peak\":1}"},"target":"snowtime_axum"}
{"timestamp":"2026-10-08T10:33:56.327566Z","level":"INFO","fields":{"message":"bench counters","renderers":1,"render_queued":0,"render_busy_answers":0,"database":"{\"read_admission\":{\"active\":0,\"queued\":0,\"limit\":10},\"write_admission\":{\"active\":0,\"queued\":0,\"limit\":1},\"hash_admission\":{\"active\":0,\"queued\":0,\"limit\":10},\"report_admission\":{\"active\":0,\"queued\":0,\"limit\":2},\"writer\":{\"cache_bytes\":61696,\"statement_bytes\":19680,\"cache_hits\":50,\"cache_misses\":18,\"cache_writes\":13},\"readers\":{\"idle\":10,\"connections\":[{\"cache_bytes\":26880,\"statement_bytes\":0,\"cache_hits\":1,\"cache_misses\":6,\"cache_writes\":0},{\"cache_bytes\":26880,\"statement_bytes\":0,\"cache_hits\":1,\"cache_misses\":6,\"cache_writes\":0},{\"cache_bytes\":26880,\"statement_bytes\":0,\"cache_hits\":1,\"cache_misses\":6,\"cache_writes\":0},{\"cache_bytes\":26880,\"statement_bytes\":0,\"cache_hits\":1,\"cache_misses\":6,\"cache_writes\":0},{\"cache_bytes\":26880,\"statement_bytes\":0,\"cache_hits\":1,\"cache_misses\":6,\"cache_writes\":0},{\"cache_bytes\":26880,\"statement_bytes\":0,\"cache_hits\":1,\"cache_misses\":6,\"cache_writes\":0},{\"cache_bytes\":26880,\"statement_bytes\":0,\"cache_hits\":1,\"cache_misses\":6,\"cache_writes\":0},{\"cache_bytes\":26880,\"statement_bytes\":0,\"cache_hits\":1,\"cache_misses\":6,\"cache_writes\":0},{\"cache_bytes\":26880,\"statement_bytes\":0,\"cache_hits\":1,\"cache_misses\":6,\"cache_writes\":0},{\"cache_bytes\":44288,\"statement_bytes\":8192,\"cache_hits\":1,\"cache_misses\":15,\"cache_writes\":0}]},\"sqlite_busy_errors\":0,\"blocking_threads\":1,\"blocking_threads_peak\":1,\"blocking_active\":0,\"blocking_queued\":0,\"scrypt_active\":0,\"scrypt_peak\":1}"},"target":"snowtime_axum"}
{"timestamp":"2026-10-08T10:33:56.754197Z","level":"INFO","fields":{"message":"bench counters","renderers":1,"render_queued":0,"render_busy_answers":0,"database":"{\"read_admission\":{\"active\":0,\"queued\":0,\"limit\":10},\"write_admission\":{\"active\":0,\"queued\":0,\"limit\":1},\"hash_admission\":{\"active\":0,\"queued\":0,\"limit\":10},\"report_admission\":{\"active\":0,\"queued\":0,\"limit\":2},\"writer\":{\"cache_bytes\":96512,\"statement_bytes\":542048,\"cache_hits\":1936,\"cache_misses\":49,\"cache_writes\":81},\"readers\":{\"idle\":10,\"connections\":[{\"cache_bytes\":5120,\"statement_bytes\":0,\"cache_hits\":1,\"cache_misses\":6,\"cache_writes\":0},{\"cache_bytes\":5120,\"statement_bytes\":0,\"cache_hits\":1,\"cache_misses\":6,\"cache_writes\":0},{\"cache_bytes\":5120,\"statement_bytes\":0,\"cache_hits\":1,\"cache_misses\":6,\"cache_writes\":0},{\"cache_bytes\":5120,\"statement_bytes\":0,\"cache_hits\":1,\"cache_misses\":6,\"cache_writes\":0},{\"cache_bytes\":5120,\"statement_bytes\":0,\"cache_hits\":1,\"cache_misses\":6,\"cache_writes\":0},{\"cache_bytes\":5120,\"statement_bytes\":0,\"cache_hits\":1,\"cache_misses\":6,\"cache_writes\":0},{\"cache_bytes\":5120,\"statement_bytes\":0,\"cache_hits\":1,\"cache_misses\":6,\"cache_writes\":0},{\"cache_bytes\":5120,\"statement_bytes\":0,\"cache_hits\":1,\"cache_misses\":6,\"cache_writes\":0},{\"cache_bytes\":5120,\"statement_bytes\":0,\"cache_hits\":1,\"cache_misses\":6,\"cache_writes\":0},{\"cache_bytes\":13824,\"statement_bytes\":351744,\"cache_hits\":25501,\"cache_misses\":2315,\"cache_writes\":0}]},\"sqlite_busy_errors\":0,\"blocking_threads\":0,\"blocking_threads_peak\":1,\"blocking_active\":0,\"blocking_queued\":0,\"scrypt_active\":0,\"scrypt_peak\":1}"},"target":"snowtime_axum"}
{"timestamp":"2026-10-08T10:33:57.330128Z","level":"INFO","fields":{"message":"bench counters","renderers":1,"render_queued":0,"render_busy_answers":0,"database":"{\"read_admission\":{\"active\":0,\"queued\":0,\"limit\":10},\"write_admission\":{\"active\":0,\"queued\":0,\"limit\":1},\"hash_admission\":{\"active\":0,\"queued\":0,\"limit\":10},\"report_admission\":{\"active\":0,\"queued\":0,\"limit\":2},\"writer\":{\"cache_bytes\":61696,\"statement_bytes\":19680,\"cache_hits\":50,\"cache_misses\":18,\"cache_writes\":13},\"readers\":{\"idle\":10,\"connections\":[{\"cache_bytes\":26880,\"statement_bytes\":0,\"cache_hits\":1,\"cache_misses\":6,\"cache_writes\":0},{\"cache_bytes\":26880,\"statement_bytes\":0,\"cache_hits\":1,\"cache_misses\":6,\"cache_writes\":0},{\"cache_bytes\":26880,\"statement_bytes\":0,\"cache_hits\":1,\"cache_misses\":6,\"cache_writes\":0},{\"cache_bytes\":26880,\"statement_bytes\":0,\"cache_hits\":1,\"cache_misses\":6,\"cache_writes\":0},{\"cache_bytes\":26880,\"statement_bytes\":0,\"cache_hits\":1,\"cache_misses\":6,\"cache_writes\":0},{\"cache_bytes\":26880,\"statement_bytes\":0,\"cache_hits\":1,\"cache_misses\":6,\"cache_writes\":0},{\"cache_bytes\":26880,\"statement_bytes\":0,\"cache_hits\":1,\"cache_misses\":6,\"cache_writes\":0},{\"cache_bytes\":26880,\"statement_bytes\":0,\"cache_hits\":1,\"cache_misses\":6,\"cache_writes\":0},{\"cache_bytes\":26880,\"statement_bytes\":0,\"cache_hits\":1,\"cache_misses\":6,\"cache_writes\":0},{\"cache_bytes\":44288,\"statement_bytes\":8192,\"cache_hits\":1,\"cache_misses\":15,\"cache_writes\":0}]},\"sqlite_busy_errors\":0,\"blocking_threads\":1,\"blocking_threads_peak\":1,\"blocking_active\":0,\"blocking_queued\":0,\"scrypt_active\":0,\"scrypt_peak\":1}"},"target":"snowtime_axum"}
{"timestamp":"2026-10-08T10:33:57.757035Z","level":"INFO","fields":{"message":"bench counters","renderers":1,"render_queued":0,"render_busy_answers":0,"database":"{\"read_admission\":{\"active\":0,\"queued\":0,\"limit\":10},\"write_admission\":{\"active\":0,\"queued\":0,\"limit\":1},\"hash_admission\":{\"active\":0,\"queued\":0,\"limit\":10},\"report_admission\":{\"active\":0,\"queued\":0,\"limit\":2},\"writer\":{\"cache_bytes\":96512,\"statement_bytes\":542048,\"cache_hits\":1936,\"cache_misses\":49,\"cache_writes\":81},\"readers\":{\"idle\":10,\"connections\":[{\"cache_bytes\":5120,\"statement_bytes\":0,\"cache_hits\":1,\"cache_misses\":6,\"cache_writes\":0},{\"cache_bytes\":5120,\"statement_bytes\":0,\"cache_hits\":1,\"cache_misses\":6,\"cache_writes\":0},{\"cache_bytes\":5120,\"statement_bytes\":0,\"cache_hits\":1,\"cache_misses\":6,\"cache_writes\":0},{\"cache_bytes\":5120,\"statement_bytes\":0,\"cache_hits\":1,\"cache_misses\":6,\"cache_writes\":0},{\"cache_bytes\":5120,\"statement_bytes\":0,\"cache_hits\":1,\"cache_misses\":6,\"cache_writes\":0},{\"cache_bytes\":5120,\"statement_bytes\":0,\"cache_hits\":1,\"cache_misses\":6,\"cache_writes\":0},{\"cache_bytes\":5120,\"statement_bytes\":0,\"cache_hits\":1,\"cache_misses\":6,\"cache_writes\":0},{\"cache_bytes\":5120,\"statement_bytes\":0,\"cache_hits\":1,\"cache_misses\":6,\"cache_writes\":0},{\"cache_bytes\":5120,\"statement_bytes\":0,\"cache_hits\":1,\"cache_misses\":6,\"cache_writes\":0},{\"cache_bytes\":13824,\"statement_bytes\":351744,\"cache_hits\":25501,\"cache_misses\":2315,\"cache_writes\":0}]},\"sqlite_busy_errors\":0,\"blocking_threads\":0,\"blocking_threads_peak\":1,\"blocking_active\":0,\"blocking_queued\":0,\"scrypt_active\":0,\"scrypt_peak\":1}"},"target":"snowtime_axum"}
{"timestamp":"2026-10-08T10:33:58.590072Z","level":"INFO","fields":{"message":"sized the renderers","limit_mib":32768,"source":"physical memory","cpus":10,"renderers":10,"heap_mib":128,"semi_space_mib":32},"target":"snowtime_axum"}
{"timestamp":"2026-10-08T10:33:58.590672Z","level":"INFO","fields":{"message":"listening","address":"127.0.0.1:64720","tls":false},"target":"snowtime_axum"}
{"timestamp":"2026-10-08T10:33:58.759584Z","level":"INFO","fields":{"message":"bench counters","renderers":1,"render_queued":0,"render_busy_answers":0,"database":"{\"read_admission\":{\"active\":0,\"queued\":0,\"limit\":10},\"write_admission\":{\"active\":0,\"queued\":0,\"limit\":1},\"hash_admission\":{\"active\":0,\"queued\":0,\"limit\":10},\"report_admission\":{\"active\":0,\"queued\":0,\"limit\":2},\"writer\":{\"cache_bytes\":96512,\"statement_bytes\":542048,\"cache_hits\":1936,\"cache_misses\":49,\"cache_writes\":81},\"readers\":{\"idle\":10,\"connections\":[{\"cache_bytes\":5120,\"statement_bytes\":0,\"cache_hits\":1,\"cache_misses\":6,\"cache_writes\":0},{\"cache_bytes\":5120,\"statement_bytes\":0,\"cache_hits\":1,\"cache_misses\":6,\"cache_writes\":0},{\"cache_bytes\":5120,\"statement_bytes\":0,\"cache_hits\":1,\"cache_misses\":6,\"cache_writes\":0},{\"cache_bytes\":5120,\"statement_bytes\":0,\"cache_hits\":1,\"cache_misses\":6,\"cache_writes\":0},{\"cache_bytes\":5120,\"statement_bytes\":0,\"cache_hits\":1,\"cache_misses\":6,\"cache_writes\":0},{\"cache_bytes\":5120,\"statement_bytes\":0,\"cache_hits\":1,\"cache_misses\":6,\"cache_writes\":0},{\"cache_bytes\":5120,\"statement_bytes\":0,\"cache_hits\":1,\"cache_misses\":6,\"cache_writes\":0},{\"cache_bytes\":5120,\"statement_bytes\":0,\"cache_hits\":1,\"cache_misses\":6,\"cache_writes\":0},{\"cache_bytes\":5120,\"statement_bytes\":0,\"cache_hits\":1,\"cache_misses\":6,\"cache_writes\":0},{\"cache_bytes\":13824,\"statement_bytes\":351744,\"cache_hits\":25501,\"cache_misses\":2315,\"cache_writes\":0}]},\"sqlite_busy_errors\":0,\"blocking_threads\":0,\"blocking_threads_peak\":1,\"blocking_active\":0,\"blocking_queued\":0,\"scrypt_active\":0,\"scrypt_peak\":1}"},"target":"snowtime_axum"}
{"timestamp":"2026-10-08T10:33:59.592699Z","level":"INFO","fields":{"message":"bench counters","renderers":1,"render_queued":0,"render_busy_answers":0,"database":"{\"read_admission\":{\"active\":0,\"queued\":0,\"limit\":10},\"write_admission\":{\"active\":0,\"queued\":0,\"limit\":1},\"hash_admission\":{\"active\":1,\"queued\":0,\"limit\":10},\"report_admission\":{\"active\":0,\"queued\":0,\"limit\":2},\"writer\":{\"cache_bytes\":52992,\"statement_bytes\":6688,\"cache_hits\":23,\"cache_misses\":16,\"cache_writes\":9},\"readers\":{\"idle\":10,\"connections\":[{\"cache_bytes\":26880,\"statement_bytes\":0,\"cache_hits\":1,\"cache_misses\":6,\"cache_writes\":0},{\"cache_bytes\":26880,\"statement_bytes\":0,\"cache_hits\":1,\"cache_misses\":6,\"cache_writes\":0},{\"cache_bytes\":26880,\"statement_bytes\":0,\"cache_hits\":1,\"cache_misses\":6,\"cache_writes\":0},{\"cache_bytes\":26880,\"statement_bytes\":0,\"cache_hits\":1,\"cache_misses\":6,\"cache_writes\":0},{\"cache_bytes\":26880,\"statement_bytes\":0,\"cache_hits\":1,\"cache_misses\":6,\"cache_writes\":0},{\"cache_bytes\":26880,\"statement_bytes\":0,\"cache_hits\":1,\"cache_misses\":6,\"cache_writes\":0},{\"cache_bytes\":26880,\"statement_bytes\":0,\"cache_hits\":1,\"cache_misses\":6,\"cache_writes\":0},{\"cache_bytes\":26880,\"statement_bytes\":0,\"cache_hits\":1,\"cache_misses\":6,\"cache_writes\":0},{\"cache_bytes\":26880,\"statement_bytes\":0,\"cache_hits\":1,\"cache_misses\":6,\"cache_writes\":0},{\"cache_bytes\":26880,\"statement_bytes\":0,\"cache_hits\":1,\"cache_misses\":6,\"cache_writes\":0}]},\"sqlite_busy_errors\":0,\"blocking_threads\":1,\"blocking_threads_peak\":1,\"blocking_active\":0,\"blocking_queued\":0,\"scrypt_active\":1,\"scrypt_peak\":1}"},"target":"snowtime_axum"}
same bytes                 acceptInvitation expired: expired (400, 74 bytes)
same bytes                 acceptInvitation expired: preview unchanged (200, 127 bytes)
{"timestamp":"2026-10-08T10:33:59.761601Z","level":"INFO","fields":{"message":"bench counters","renderers":1,"render_queued":0,"render_busy_answers":0,"database":"{\"read_admission\":{\"active\":0,\"queued\":0,\"limit\":10},\"write_admission\":{\"active\":0,\"queued\":0,\"limit\":1},\"hash_admission\":{\"active\":0,\"queued\":0,\"limit\":10},\"report_admission\":{\"active\":0,\"queued\":0,\"limit\":2},\"writer\":{\"cache_bytes\":96512,\"statement_bytes\":542048,\"cache_hits\":1936,\"cache_misses\":49,\"cache_writes\":81},\"readers\":{\"idle\":10,\"connections\":[{\"cache_bytes\":5120,\"statement_bytes\":0,\"cache_hits\":1,\"cache_misses\":6,\"cache_writes\":0},{\"cache_bytes\":5120,\"statement_bytes\":0,\"cache_hits\":1,\"cache_misses\":6,\"cache_writes\":0},{\"cache_bytes\":5120,\"statement_bytes\":0,\"cache_hits\":1,\"cache_misses\":6,\"cache_writes\":0},{\"cache_bytes\":5120,\"statement_bytes\":0,\"cache_hits\":1,\"cache_misses\":6,\"cache_writes\":0},{\"cache_bytes\":5120,\"statement_bytes\":0,\"cache_hits\":1,\"cache_misses\":6,\"cache_writes\":0},{\"cache_bytes\":5120,\"statement_bytes\":0,\"cache_hits\":1,\"cache_misses\":6,\"cache_writes\":0},{\"cache_bytes\":5120,\"statement_bytes\":0,\"cache_hits\":1,\"cache_misses\":6,\"cache_writes\":0},{\"cache_bytes\":5120,\"statement_bytes\":0,\"cache_hits\":1,\"cache_misses\":6,\"cache_writes\":0},{\"cache_bytes\":5120,\"statement_bytes\":0,\"cache_hits\":1,\"cache_misses\":6,\"cache_writes\":0},{\"cache_bytes\":13824,\"statement_bytes\":351744,\"cache_hits\":25501,\"cache_misses\":2315,\"cache_writes\":0}]},\"sqlite_busy_errors\":0,\"blocking_threads\":0,\"blocking_threads_peak\":1,\"blocking_active\":0,\"blocking_queued\":0,\"scrypt_active\":0,\"scrypt_peak\":1}"},"target":"snowtime_axum"}
{"timestamp":"2026-10-08T10:34:00.595288Z","level":"INFO","fields":{"message":"bench counters","renderers":1,"render_queued":0,"render_busy_answers":0,"database":"{\"read_admission\":{\"active\":0,\"queued\":0,\"limit\":10},\"write_admission\":{\"active\":0,\"queued\":0,\"limit\":1},\"hash_admission\":{\"active\":0,\"queued\":0,\"limit\":10},\"report_admission\":{\"active\":0,\"queued\":0,\"limit\":2},\"writer\":{\"cache_bytes\":61696,\"statement_bytes\":19680,\"cache_hits\":37,\"cache_misses\":18,\"cache_writes\":13},\"readers\":{\"idle\":10,\"connections\":[{\"cache_bytes\":26880,\"statement_bytes\":0,\"cache_hits\":1,\"cache_misses\":6,\"cache_writes\":0},{\"cache_bytes\":26880,\"statement_bytes\":0,\"cache_hits\":1,\"cache_misses\":6,\"cache_writes\":0},{\"cache_bytes\":26880,\"statement_bytes\":0,\"cache_hits\":1,\"cache_misses\":6,\"cache_writes\":0},{\"cache_bytes\":26880,\"statement_bytes\":0,\"cache_hits\":1,\"cache_misses\":6,\"cache_writes\":0},{\"cache_bytes\":26880,\"statement_bytes\":0,\"cache_hits\":1,\"cache_misses\":6,\"cache_writes\":0},{\"cache_bytes\":26880,\"statement_bytes\":0,\"cache_hits\":1,\"cache_misses\":6,\"cache_writes\":0},{\"cache_bytes\":26880,\"statement_bytes\":0,\"cache_hits\":1,\"cache_misses\":6,\"cache_writes\":0},{\"cache_bytes\":26880,\"statement_bytes\":0,\"cache_hits\":1,\"cache_misses\":6,\"cache_writes\":0},{\"cache_bytes\":26880,\"statement_bytes\":0,\"cache_hits\":1,\"cache_misses\":6,\"cache_writes\":0},{\"cache_bytes\":44288,\"statement_bytes\":8192,\"cache_hits\":1,\"cache_misses\":15,\"cache_writes\":0}]},\"sqlite_busy_errors\":0,\"blocking_threads\":1,\"blocking_threads_peak\":1,\"blocking_active\":0,\"blocking_queued\":0,\"scrypt_active\":0,\"scrypt_peak\":1}"},"target":"snowtime_axum"}
{"timestamp":"2026-10-08T10:34:00.764451Z","level":"INFO","fields":{"message":"bench counters","renderers":1,"render_queued":0,"render_busy_answers":0,"database":"{\"read_admission\":{\"active\":0,\"queued\":0,\"limit\":10},\"write_admission\":{\"active\":0,\"queued\":0,\"limit\":1},\"hash_admission\":{\"active\":0,\"queued\":0,\"limit\":10},\"report_admission\":{\"active\":0,\"queued\":0,\"limit\":2},\"writer\":{\"cache_bytes\":96512,\"statement_bytes\":542048,\"cache_hits\":1936,\"cache_misses\":49,\"cache_writes\":81},\"readers\":{\"idle\":10,\"connections\":[{\"cache_bytes\":5120,\"statement_bytes\":0,\"cache_hits\":1,\"cache_misses\":6,\"cache_writes\":0},{\"cache_bytes\":5120,\"statement_bytes\":0,\"cache_hits\":1,\"cache_misses\":6,\"cache_writes\":0},{\"cache_bytes\":5120,\"statement_bytes\":0,\"cache_hits\":1,\"cache_misses\":6,\"cache_writes\":0},{\"cache_bytes\":5120,\"statement_bytes\":0,\"cache_hits\":1,\"cache_misses\":6,\"cache_writes\":0},{\"cache_bytes\":5120,\"statement_bytes\":0,\"cache_hits\":1,\"cache_misses\":6,\"cache_writes\":0},{\"cache_bytes\":5120,\"statement_bytes\":0,\"cache_hits\":1,\"cache_misses\":6,\"cache_writes\":0},{\"cache_bytes\":5120,\"statement_bytes\":0,\"cache_hits\":1,\"cache_misses\":6,\"cache_writes\":0},{\"cache_bytes\":5120,\"statement_bytes\":0,\"cache_hits\":1,\"cache_misses\":6,\"cache_writes\":0},{\"cache_bytes\":5120,\"statement_bytes\":0,\"cache_hits\":1,\"cache_misses\":6,\"cache_writes\":0},{\"cache_bytes\":13824,\"statement_bytes\":351744,\"cache_hits\":25501,\"cache_misses\":2315,\"cache_writes\":0}]},\"sqlite_busy_errors\":0,\"blocking_threads\":0,\"blocking_threads_peak\":1,\"blocking_active\":0,\"blocking_queued\":0,\"scrypt_active\":0,\"scrypt_peak\":1}"},"target":"snowtime_axum"}
{"timestamp":"2026-10-08T10:34:01.597475Z","level":"INFO","fields":{"message":"bench counters","renderers":1,"render_queued":0,"render_busy_answers":0,"database":"{\"read_admission\":{\"active\":0,\"queued\":0,\"limit\":10},\"write_admission\":{\"active\":0,\"queued\":0,\"limit\":1},\"hash_admission\":{\"active\":0,\"queued\":0,\"limit\":10},\"report_admission\":{\"active\":0,\"queued\":0,\"limit\":2},\"writer\":{\"cache_bytes\":61696,\"statement_bytes\":19680,\"cache_hits\":37,\"cache_misses\":18,\"cache_writes\":13},\"readers\":{\"idle\":10,\"connections\":[{\"cache_bytes\":26880,\"statement_bytes\":0,\"cache_hits\":1,\"cache_misses\":6,\"cache_writes\":0},{\"cache_bytes\":26880,\"statement_bytes\":0,\"cache_hits\":1,\"cache_misses\":6,\"cache_writes\":0},{\"cache_bytes\":26880,\"statement_bytes\":0,\"cache_hits\":1,\"cache_misses\":6,\"cache_writes\":0},{\"cache_bytes\":26880,\"statement_bytes\":0,\"cache_hits\":1,\"cache_misses\":6,\"cache_writes\":0},{\"cache_bytes\":26880,\"statement_bytes\":0,\"cache_hits\":1,\"cache_misses\":6,\"cache_writes\":0},{\"cache_bytes\":26880,\"statement_bytes\":0,\"cache_hits\":1,\"cache_misses\":6,\"cache_writes\":0},{\"cache_bytes\":26880,\"statement_bytes\":0,\"cache_hits\":1,\"cache_misses\":6,\"cache_writes\":0},{\"cache_bytes\":26880,\"statement_bytes\":0,\"cache_hits\":1,\"cache_misses\":6,\"cache_writes\":0},{\"cache_bytes\":26880,\"statement_bytes\":0,\"cache_hits\":1,\"cache_misses\":6,\"cache_writes\":0},{\"cache_bytes\":44288,\"statement_bytes\":8192,\"cache_hits\":1,\"cache_misses\":15,\"cache_writes\":0}]},\"sqlite_busy_errors\":0,\"blocking_threads\":1,\"blocking_threads_peak\":1,\"blocking_active\":0,\"blocking_queued\":0,\"scrypt_active\":0,\"scrypt_peak\":1}"},"target":"snowtime_axum"}
{"timestamp":"2026-10-08T10:34:01.766957Z","level":"INFO","fields":{"message":"bench counters","renderers":1,"render_queued":0,"render_busy_answers":0,"database":"{\"read_admission\":{\"active\":0,\"queued\":0,\"limit\":10},\"write_admission\":{\"active\":0,\"queued\":0,\"limit\":1},\"hash_admission\":{\"active\":0,\"queued\":0,\"limit\":10},\"report_admission\":{\"active\":0,\"queued\":0,\"limit\":2},\"writer\":{\"cache_bytes\":96512,\"statement_bytes\":542048,\"cache_hits\":1936,\"cache_misses\":49,\"cache_writes\":81},\"readers\":{\"idle\":10,\"connections\":[{\"cache_bytes\":5120,\"statement_bytes\":0,\"cache_hits\":1,\"cache_misses\":6,\"cache_writes\":0},{\"cache_bytes\":5120,\"statement_bytes\":0,\"cache_hits\":1,\"cache_misses\":6,\"cache_writes\":0},{\"cache_bytes\":5120,\"statement_bytes\":0,\"cache_hits\":1,\"cache_misses\":6,\"cache_writes\":0},{\"cache_bytes\":5120,\"statement_bytes\":0,\"cache_hits\":1,\"cache_misses\":6,\"cache_writes\":0},{\"cache_bytes\":5120,\"statement_bytes\":0,\"cache_hits\":1,\"cache_misses\":6,\"cache_writes\":0},{\"cache_bytes\":5120,\"statement_bytes\":0,\"cache_hits\":1,\"cache_misses\":6,\"cache_writes\":0},{\"cache_bytes\":5120,\"statement_bytes\":0,\"cache_hits\":1,\"cache_misses\":6,\"cache_writes\":0},{\"cache_bytes\":5120,\"statement_bytes\":0,\"cache_hits\":1,\"cache_misses\":6,\"cache_writes\":0},{\"cache_bytes\":5120,\"statement_bytes\":0,\"cache_hits\":1,\"cache_misses\":6,\"cache_writes\":0},{\"cache_bytes\":13824,\"statement_bytes\":351744,\"cache_hits\":25501,\"cache_misses\":2315,\"cache_writes\":0}]},\"sqlite_busy_errors\":0,\"blocking_threads\":0,\"blocking_threads_peak\":1,\"blocking_active\":0,\"blocking_queued\":0,\"scrypt_active\":0,\"scrypt_peak\":1}"},"target":"snowtime_axum"}
{"timestamp":"2026-10-08T10:34:02.599400Z","level":"INFO","fields":{"message":"bench counters","renderers":1,"render_queued":0,"render_busy_answers":0,"database":"{\"read_admission\":{\"active\":0,\"queued\":0,\"limit\":10},\"write_admission\":{\"active\":0,\"queued\":0,\"limit\":1},\"hash_admission\":{\"active\":0,\"queued\":0,\"limit\":10},\"report_admission\":{\"active\":0,\"queued\":0,\"limit\":2},\"writer\":{\"cache_bytes\":61696,\"statement_bytes\":19680,\"cache_hits\":37,\"cache_misses\":18,\"cache_writes\":13},\"readers\":{\"idle\":10,\"connections\":[{\"cache_bytes\":26880,\"statement_bytes\":0,\"cache_hits\":1,\"cache_misses\":6,\"cache_writes\":0},{\"cache_bytes\":26880,\"statement_bytes\":0,\"cache_hits\":1,\"cache_misses\":6,\"cache_writes\":0},{\"cache_bytes\":26880,\"statement_bytes\":0,\"cache_hits\":1,\"cache_misses\":6,\"cache_writes\":0},{\"cache_bytes\":26880,\"statement_bytes\":0,\"cache_hits\":1,\"cache_misses\":6,\"cache_writes\":0},{\"cache_bytes\":26880,\"statement_bytes\":0,\"cache_hits\":1,\"cache_misses\":6,\"cache_writes\":0},{\"cache_bytes\":26880,\"statement_bytes\":0,\"cache_hits\":1,\"cache_misses\":6,\"cache_writes\":0},{\"cache_bytes\":26880,\"statement_bytes\":0,\"cache_hits\":1,\"cache_misses\":6,\"cache_writes\":0},{\"cache_bytes\":26880,\"statement_bytes\":0,\"cache_hits\":1,\"cache_misses\":6,\"cache_writes\":0},{\"cache_bytes\":26880,\"statement_bytes\":0,\"cache_hits\":1,\"cache_misses\":6,\"cache_writes\":0},{\"cache_bytes\":44288,\"statement_bytes\":8192,\"cache_hits\":1,\"cache_misses\":15,\"cache_writes\":0}]},\"sqlite_busy_errors\":0,\"blocking_threads\":1,\"blocking_threads_peak\":1,\"blocking_active\":0,\"blocking_queued\":0,\"scrypt_active\":0,\"scrypt_peak\":1}"},"target":"snowtime_axum"}
{"timestamp":"2026-10-08T10:34:02.769445Z","level":"INFO","fields":{"message":"bench counters","renderers":1,"render_queued":0,"render_busy_answers":0,"database":"{\"read_admission\":{\"active\":0,\"queued\":0,\"limit\":10},\"write_admission\":{\"active\":0,\"queued\":0,\"limit\":1},\"hash_admission\":{\"active\":0,\"queued\":0,\"limit\":10},\"report_admission\":{\"active\":0,\"queued\":0,\"limit\":2},\"writer\":{\"cache_bytes\":96512,\"statement_bytes\":542048,\"cache_hits\":1936,\"cache_misses\":49,\"cache_writes\":81},\"readers\":{\"idle\":10,\"connections\":[{\"cache_bytes\":5120,\"statement_bytes\":0,\"cache_hits\":1,\"cache_misses\":6,\"cache_writes\":0},{\"cache_bytes\":5120,\"statement_bytes\":0,\"cache_hits\":1,\"cache_misses\":6,\"cache_writes\":0},{\"cache_bytes\":5120,\"statement_bytes\":0,\"cache_hits\":1,\"cache_misses\":6,\"cache_writes\":0},{\"cache_bytes\":5120,\"statement_bytes\":0,\"cache_hits\":1,\"cache_misses\":6,\"cache_writes\":0},{\"cache_bytes\":5120,\"statement_bytes\":0,\"cache_hits\":1,\"cache_misses\":6,\"cache_writes\":0},{\"cache_bytes\":5120,\"statement_bytes\":0,\"cache_hits\":1,\"cache_misses\":6,\"cache_writes\":0},{\"cache_bytes\":5120,\"statement_bytes\":0,\"cache_hits\":1,\"cache_misses\":6,\"cache_writes\":0},{\"cache_bytes\":5120,\"statement_bytes\":0,\"cache_hits\":1,\"cache_misses\":6,\"cache_writes\":0},{\"cache_bytes\":5120,\"statement_bytes\":0,\"cache_hits\":1,\"cache_misses\":6,\"cache_writes\":0},{\"cache_bytes\":13824,\"statement_bytes\":351744,\"cache_hits\":25501,\"cache_misses\":2315,\"cache_writes\":0}]},\"sqlite_busy_errors\":0,\"blocking_threads\":0,\"blocking_threads_peak\":1,\"blocking_active\":0,\"blocking_queued\":0,\"scrypt_active\":0,\"scrypt_peak\":1}"},"target":"snowtime_axum"}
{"timestamp":"2026-10-08T10:34:03.772317Z","level":"INFO","fields":{"message":"bench counters","renderers":1,"render_queued":0,"render_busy_answers":0,"database":"{\"read_admission\":{\"active\":0,\"queued\":0,\"limit\":10},\"write_admission\":{\"active\":0,\"queued\":0,\"limit\":1},\"hash_admission\":{\"active\":0,\"queued\":0,\"limit\":10},\"report_admission\":{\"active\":0,\"queued\":0,\"limit\":2},\"writer\":{\"cache_bytes\":96512,\"statement_bytes\":542048,\"cache_hits\":1936,\"cache_misses\":49,\"cache_writes\":81},\"readers\":{\"idle\":10,\"connections\":[{\"cache_bytes\":5120,\"statement_bytes\":0,\"cache_hits\":1,\"cache_misses\":6,\"cache_writes\":0},{\"cache_bytes\":5120,\"statement_bytes\":0,\"cache_hits\":1,\"cache_misses\":6,\"cache_writes\":0},{\"cache_bytes\":5120,\"statement_bytes\":0,\"cache_hits\":1,\"cache_misses\":6,\"cache_writes\":0},{\"cache_bytes\":5120,\"statement_bytes\":0,\"cache_hits\":1,\"cache_misses\":6,\"cache_writes\":0},{\"cache_bytes\":5120,\"statement_bytes\":0,\"cache_hits\":1,\"cache_misses\":6,\"cache_writes\":0},{\"cache_bytes\":5120,\"statement_bytes\":0,\"cache_hits\":1,\"cache_misses\":6,\"cache_writes\":0},{\"cache_bytes\":5120,\"statement_bytes\":0,\"cache_hits\":1,\"cache_misses\":6,\"cache_writes\":0},{\"cache_bytes\":5120,\"statement_bytes\":0,\"cache_hits\":1,\"cache_misses\":6,\"cache_writes\":0},{\"cache_bytes\":5120,\"statement_bytes\":0,\"cache_hits\":1,\"cache_misses\":6,\"cache_writes\":0},{\"cache_bytes\":13824,\"statement_bytes\":351744,\"cache_hits\":25501,\"cache_misses\":2315,\"cache_writes\":0}]},\"sqlite_busy_errors\":0,\"blocking_threads\":0,\"blocking_threads_peak\":1,\"blocking_active\":0,\"blocking_queued\":0,\"scrypt_active\":0,\"scrypt_peak\":1}"},"target":"snowtime_axum"}
{"timestamp":"2026-10-08T10:34:03.857832Z","level":"INFO","fields":{"message":"sized the renderers","limit_mib":32768,"source":"physical memory","cpus":10,"renderers":10,"heap_mib":128,"semi_space_mib":32},"target":"snowtime_axum"}
{"timestamp":"2026-10-08T10:34:03.858492Z","level":"INFO","fields":{"message":"listening","address":"127.0.0.1:64726","tls":false},"target":"snowtime_axum"}
{"timestamp":"2026-10-08T10:34:04.774882Z","level":"INFO","fields":{"message":"bench counters","renderers":1,"render_queued":0,"render_busy_answers":0,"database":"{\"read_admission\":{\"active\":0,\"queued\":0,\"limit\":10},\"write_admission\":{\"active\":0,\"queued\":0,\"limit\":1},\"hash_admission\":{\"active\":0,\"queued\":0,\"limit\":10},\"report_admission\":{\"active\":0,\"queued\":0,\"limit\":2},\"writer\":{\"cache_bytes\":96512,\"statement_bytes\":542048,\"cache_hits\":1936,\"cache_misses\":49,\"cache_writes\":81},\"readers\":{\"idle\":10,\"connections\":[{\"cache_bytes\":5120,\"statement_bytes\":0,\"cache_hits\":1,\"cache_misses\":6,\"cache_writes\":0},{\"cache_bytes\":5120,\"statement_bytes\":0,\"cache_hits\":1,\"cache_misses\":6,\"cache_writes\":0},{\"cache_bytes\":5120,\"statement_bytes\":0,\"cache_hits\":1,\"cache_misses\":6,\"cache_writes\":0},{\"cache_bytes\":5120,\"statement_bytes\":0,\"cache_hits\":1,\"cache_misses\":6,\"cache_writes\":0},{\"cache_bytes\":5120,\"statement_bytes\":0,\"cache_hits\":1,\"cache_misses\":6,\"cache_writes\":0},{\"cache_bytes\":5120,\"statement_bytes\":0,\"cache_hits\":1,\"cache_misses\":6,\"cache_writes\":0},{\"cache_bytes\":5120,\"statement_bytes\":0,\"cache_hits\":1,\"cache_misses\":6,\"cache_writes\":0},{\"cache_bytes\":5120,\"statement_bytes\":0,\"cache_hits\":1,\"cache_misses\":6,\"cache_writes\":0},{\"cache_bytes\":5120,\"statement_bytes\":0,\"cache_hits\":1,\"cache_misses\":6,\"cache_writes\":0},{\"cache_bytes\":13824,\"statement_bytes\":351744,\"cache_hits\":25501,\"cache_misses\":2315,\"cache_writes\":0}]},\"sqlite_busy_errors\":0,\"blocking_threads\":0,\"blocking_threads_peak\":1,\"blocking_active\":0,\"blocking_queued\":0,\"scrypt_active\":0,\"scrypt_peak\":1}"},"target":"snowtime_axum"}
{"timestamp":"2026-10-08T10:34:04.860714Z","level":"INFO","fields":{"message":"bench counters","renderers":1,"render_queued":0,"render_busy_answers":0,"database":"{\"read_admission\":{\"active\":0,\"queued\":0,\"limit\":10},\"write_admission\":{\"active\":0,\"queued\":0,\"limit\":1},\"hash_admission\":{\"active\":1,\"queued\":0,\"limit\":10},\"report_admission\":{\"active\":0,\"queued\":0,\"limit\":2},\"writer\":{\"cache_bytes\":52992,\"statement_bytes\":6688,\"cache_hits\":23,\"cache_misses\":16,\"cache_writes\":9},\"readers\":{\"idle\":10,\"connections\":[{\"cache_bytes\":26880,\"statement_bytes\":0,\"cache_hits\":1,\"cache_misses\":6,\"cache_writes\":0},{\"cache_bytes\":26880,\"statement_bytes\":0,\"cache_hits\":1,\"cache_misses\":6,\"cache_writes\":0},{\"cache_bytes\":26880,\"statement_bytes\":0,\"cache_hits\":1,\"cache_misses\":6,\"cache_writes\":0},{\"cache_bytes\":26880,\"statement_bytes\":0,\"cache_hits\":1,\"cache_misses\":6,\"cache_writes\":0},{\"cache_bytes\":26880,\"statement_bytes\":0,\"cache_hits\":1,\"cache_misses\":6,\"cache_writes\":0},{\"cache_bytes\":26880,\"statement_bytes\":0,\"cache_hits\":1,\"cache_misses\":6,\"cache_writes\":0},{\"cache_bytes\":26880,\"statement_bytes\":0,\"cache_hits\":1,\"cache_misses\":6,\"cache_writes\":0},{\"cache_bytes\":26880,\"statement_bytes\":0,\"cache_hits\":1,\"cache_misses\":6,\"cache_writes\":0},{\"cache_bytes\":26880,\"statement_bytes\":0,\"cache_hits\":1,\"cache_misses\":6,\"cache_writes\":0},{\"cache_bytes\":26880,\"statement_bytes\":0,\"cache_hits\":1,\"cache_misses\":6,\"cache_writes\":0}]},\"sqlite_busy_errors\":0,\"blocking_threads\":1,\"blocking_threads_peak\":1,\"blocking_active\":0,\"blocking_queued\":0,\"scrypt_active\":1,\"scrypt_peak\":1}"},"target":"snowtime_axum"}
same bytes                 acceptInvitation canceled: canceled (400, 74 bytes)
same bytes                 acceptInvitation canceled: preview unchanged (200, 62 bytes)
{"timestamp":"2026-10-08T10:34:05.776862Z","level":"INFO","fields":{"message":"bench counters","renderers":1,"render_queued":0,"render_busy_answers":0,"database":"{\"read_admission\":{\"active\":0,\"queued\":0,\"limit\":10},\"write_admission\":{\"active\":0,\"queued\":0,\"limit\":1},\"hash_admission\":{\"active\":0,\"queued\":0,\"limit\":10},\"report_admission\":{\"active\":0,\"queued\":0,\"limit\":2},\"writer\":{\"cache_bytes\":96512,\"statement_bytes\":542048,\"cache_hits\":1936,\"cache_misses\":49,\"cache_writes\":81},\"readers\":{\"idle\":10,\"connections\":[{\"cache_bytes\":5120,\"statement_bytes\":0,\"cache_hits\":1,\"cache_misses\":6,\"cache_writes\":0},{\"cache_bytes\":5120,\"statement_bytes\":0,\"cache_hits\":1,\"cache_misses\":6,\"cache_writes\":0},{\"cache_bytes\":5120,\"statement_bytes\":0,\"cache_hits\":1,\"cache_misses\":6,\"cache_writes\":0},{\"cache_bytes\":5120,\"statement_bytes\":0,\"cache_hits\":1,\"cache_misses\":6,\"cache_writes\":0},{\"cache_bytes\":5120,\"statement_bytes\":0,\"cache_hits\":1,\"cache_misses\":6,\"cache_writes\":0},{\"cache_bytes\":5120,\"statement_bytes\":0,\"cache_hits\":1,\"cache_misses\":6,\"cache_writes\":0},{\"cache_bytes\":5120,\"statement_bytes\":0,\"cache_hits\":1,\"cache_misses\":6,\"cache_writes\":0},{\"cache_bytes\":5120,\"statement_bytes\":0,\"cache_hits\":1,\"cache_misses\":6,\"cache_writes\":0},{\"cache_bytes\":5120,\"statement_bytes\":0,\"cache_hits\":1,\"cache_misses\":6,\"cache_writes\":0},{\"cache_bytes\":13824,\"statement_bytes\":351744,\"cache_hits\":25501,\"cache_misses\":2315,\"cache_writes\":0}]},\"sqlite_busy_errors\":0,\"blocking_threads\":0,\"blocking_threads_peak\":1,\"blocking_active\":0,\"blocking_queued\":0,\"scrypt_active\":0,\"scrypt_peak\":1}"},"target":"snowtime_axum"}
{"timestamp":"2026-10-08T10:34:05.863103Z","level":"INFO","fields":{"message":"bench counters","renderers":1,"render_queued":0,"render_busy_answers":0,"database":"{\"read_admission\":{\"active\":0,\"queued\":0,\"limit\":10},\"write_admission\":{\"active\":0,\"queued\":0,\"limit\":1},\"hash_admission\":{\"active\":0,\"queued\":0,\"limit\":10},\"report_admission\":{\"active\":0,\"queued\":0,\"limit\":2},\"writer\":{\"cache_bytes\":61696,\"statement_bytes\":19680,\"cache_hits\":37,\"cache_misses\":18,\"cache_writes\":13},\"readers\":{\"idle\":10,\"connections\":[{\"cache_bytes\":26880,\"statement_bytes\":0,\"cache_hits\":1,\"cache_misses\":6,\"cache_writes\":0},{\"cache_bytes\":26880,\"statement_bytes\":0,\"cache_hits\":1,\"cache_misses\":6,\"cache_writes\":0},{\"cache_bytes\":26880,\"statement_bytes\":0,\"cache_hits\":1,\"cache_misses\":6,\"cache_writes\":0},{\"cache_bytes\":26880,\"statement_bytes\":0,\"cache_hits\":1,\"cache_misses\":6,\"cache_writes\":0},{\"cache_bytes\":26880,\"statement_bytes\":0,\"cache_hits\":1,\"cache_misses\":6,\"cache_writes\":0},{\"cache_bytes\":26880,\"statement_bytes\":0,\"cache_hits\":1,\"cache_misses\":6,\"cache_writes\":0},{\"cache_bytes\":26880,\"statement_bytes\":0,\"cache_hits\":1,\"cache_misses\":6,\"cache_writes\":0},{\"cache_bytes\":26880,\"statement_bytes\":0,\"cache_hits\":1,\"cache_misses\":6,\"cache_writes\":0},{\"cache_bytes\":26880,\"statement_bytes\":0,\"cache_hits\":1,\"cache_misses\":6,\"cache_writes\":0},{\"cache_bytes\":44288,\"statement_bytes\":8192,\"cache_hits\":1,\"cache_misses\":15,\"cache_writes\":0}]},\"sqlite_busy_errors\":0,\"blocking_threads\":1,\"blocking_threads_peak\":1,\"blocking_active\":0,\"blocking_queued\":0,\"scrypt_active\":0,\"scrypt_peak\":1}"},"target":"snowtime_axum"}
{"timestamp":"2026-10-08T10:34:06.779837Z","level":"INFO","fields":{"message":"bench counters","renderers":1,"render_queued":0,"render_busy_answers":0,"database":"{\"read_admission\":{\"active\":0,\"queued\":0,\"limit\":10},\"write_admission\":{\"active\":0,\"queued\":0,\"limit\":1},\"hash_admission\":{\"active\":0,\"queued\":0,\"limit\":10},\"report_admission\":{\"active\":0,\"queued\":0,\"limit\":2},\"writer\":{\"cache_bytes\":96512,\"statement_bytes\":542048,\"cache_hits\":1936,\"cache_misses\":49,\"cache_writes\":81},\"readers\":{\"idle\":10,\"connections\":[{\"cache_bytes\":5120,\"statement_bytes\":0,\"cache_hits\":1,\"cache_misses\":6,\"cache_writes\":0},{\"cache_bytes\":5120,\"statement_bytes\":0,\"cache_hits\":1,\"cache_misses\":6,\"cache_writes\":0},{\"cache_bytes\":5120,\"statement_bytes\":0,\"cache_hits\":1,\"cache_misses\":6,\"cache_writes\":0},{\"cache_bytes\":5120,\"statement_bytes\":0,\"cache_hits\":1,\"cache_misses\":6,\"cache_writes\":0},{\"cache_bytes\":5120,\"statement_bytes\":0,\"cache_hits\":1,\"cache_misses\":6,\"cache_writes\":0},{\"cache_bytes\":5120,\"statement_bytes\":0,\"cache_hits\":1,\"cache_misses\":6,\"cache_writes\":0},{\"cache_bytes\":5120,\"statement_bytes\":0,\"cache_hits\":1,\"cache_misses\":6,\"cache_writes\":0},{\"cache_bytes\":5120,\"statement_bytes\":0,\"cache_hits\":1,\"cache_misses\":6,\"cache_writes\":0},{\"cache_bytes\":5120,\"statement_bytes\":0,\"cache_hits\":1,\"cache_misses\":6,\"cache_writes\":0},{\"cache_bytes\":13824,\"statement_bytes\":351744,\"cache_hits\":25501,\"cache_misses\":2315,\"cache_writes\":0}]},\"sqlite_busy_errors\":0,\"blocking_threads\":0,\"blocking_threads_peak\":1,\"blocking_active\":0,\"blocking_queued\":0,\"scrypt_active\":0,\"scrypt_peak\":1}"},"target":"snowtime_axum"}
{"timestamp":"2026-10-08T10:34:06.865527Z","level":"INFO","fields":{"message":"bench counters","renderers":1,"render_queued":0,"render_busy_answers":0,"database":"{\"read_admission\":{\"active\":0,\"queued\":0,\"limit\":10},\"write_admission\":{\"active\":0,\"queued\":0,\"limit\":1},\"hash_admission\":{\"active\":0,\"queued\":0,\"limit\":10},\"report_admission\":{\"active\":0,\"queued\":0,\"limit\":2},\"writer\":{\"cache_bytes\":61696,\"statement_bytes\":19680,\"cache_hits\":37,\"cache_misses\":18,\"cache_writes\":13},\"readers\":{\"idle\":10,\"connections\":[{\"cache_bytes\":26880,\"statement_bytes\":0,\"cache_hits\":1,\"cache_misses\":6,\"cache_writes\":0},{\"cache_bytes\":26880,\"statement_bytes\":0,\"cache_hits\":1,\"cache_misses\":6,\"cache_writes\":0},{\"cache_bytes\":26880,\"statement_bytes\":0,\"cache_hits\":1,\"cache_misses\":6,\"cache_writes\":0},{\"cache_bytes\":26880,\"statement_bytes\":0,\"cache_hits\":1,\"cache_misses\":6,\"cache_writes\":0},{\"cache_bytes\":26880,\"statement_bytes\":0,\"cache_hits\":1,\"cache_misses\":6,\"cache_writes\":0},{\"cache_bytes\":26880,\"statement_bytes\":0,\"cache_hits\":1,\"cache_misses\":6,\"cache_writes\":0},{\"cache_bytes\":26880,\"statement_bytes\":0,\"cache_hits\":1,\"cache_misses\":6,\"cache_writes\":0},{\"cache_bytes\":26880,\"statement_bytes\":0,\"cache_hits\":1,\"cache_misses\":6,\"cache_writes\":0},{\"cache_bytes\":26880,\"statement_bytes\":0,\"cache_hits\":1,\"cache_misses\":6,\"cache_writes\":0},{\"cache_bytes\":44288,\"statement_bytes\":8192,\"cache_hits\":1,\"cache_misses\":15,\"cache_writes\":0}]},\"sqlite_busy_errors\":0,\"blocking_threads\":1,\"blocking_threads_peak\":1,\"blocking_active\":0,\"blocking_queued\":0,\"scrypt_active\":0,\"scrypt_peak\":1}"},"target":"snowtime_axum"}
{"timestamp":"2026-10-08T10:34:07.782762Z","level":"INFO","fields":{"message":"bench counters","renderers":1,"render_queued":0,"render_busy_answers":0,"database":"{\"read_admission\":{\"active\":0,\"queued\":0,\"limit\":10},\"write_admission\":{\"active\":0,\"queued\":0,\"limit\":1},\"hash_admission\":{\"active\":0,\"queued\":0,\"limit\":10},\"report_admission\":{\"active\":0,\"queued\":0,\"limit\":2},\"writer\":{\"cache_bytes\":96512,\"statement_bytes\":542048,\"cache_hits\":1936,\"cache_misses\":49,\"cache_writes\":81},\"readers\":{\"idle\":10,\"connections\":[{\"cache_bytes\":5120,\"statement_bytes\":0,\"cache_hits\":1,\"cache_misses\":6,\"cache_writes\":0},{\"cache_bytes\":5120,\"statement_bytes\":0,\"cache_hits\":1,\"cache_misses\":6,\"cache_writes\":0},{\"cache_bytes\":5120,\"statement_bytes\":0,\"cache_hits\":1,\"cache_misses\":6,\"cache_writes\":0},{\"cache_bytes\":5120,\"statement_bytes\":0,\"cache_hits\":1,\"cache_misses\":6,\"cache_writes\":0},{\"cache_bytes\":5120,\"statement_bytes\":0,\"cache_hits\":1,\"cache_misses\":6,\"cache_writes\":0},{\"cache_bytes\":5120,\"statement_bytes\":0,\"cache_hits\":1,\"cache_misses\":6,\"cache_writes\":0},{\"cache_bytes\":5120,\"statement_bytes\":0,\"cache_hits\":1,\"cache_misses\":6,\"cache_writes\":0},{\"cache_bytes\":5120,\"statement_bytes\":0,\"cache_hits\":1,\"cache_misses\":6,\"cache_writes\":0},{\"cache_bytes\":5120,\"statement_bytes\":0,\"cache_hits\":1,\"cache_misses\":6,\"cache_writes\":0},{\"cache_bytes\":13824,\"statement_bytes\":351744,\"cache_hits\":25501,\"cache_misses\":2315,\"cache_writes\":0}]},\"sqlite_busy_errors\":0,\"blocking_threads\":0,\"blocking_threads_peak\":1,\"blocking_active\":0,\"blocking_queued\":0,\"scrypt_active\":0,\"scrypt_peak\":1}"},"target":"snowtime_axum"}
{"timestamp":"2026-10-08T10:34:07.868180Z","level":"INFO","fields":{"message":"bench counters","renderers":1,"render_queued":0,"render_busy_answers":0,"database":"{\"read_admission\":{\"active\":0,\"queued\":0,\"limit\":10},\"write_admission\":{\"active\":0,\"queued\":0,\"limit\":1},\"hash_admission\":{\"active\":0,\"queued\":0,\"limit\":10},\"report_admission\":{\"active\":0,\"queued\":0,\"limit\":2},\"writer\":{\"cache_bytes\":61696,\"statement_bytes\":19680,\"cache_hits\":37,\"cache_misses\":18,\"cache_writes\":13},\"readers\":{\"idle\":10,\"connections\":[{\"cache_bytes\":26880,\"statement_bytes\":0,\"cache_hits\":1,\"cache_misses\":6,\"cache_writes\":0},{\"cache_bytes\":26880,\"statement_bytes\":0,\"cache_hits\":1,\"cache_misses\":6,\"cache_writes\":0},{\"cache_bytes\":26880,\"statement_bytes\":0,\"cache_hits\":1,\"cache_misses\":6,\"cache_writes\":0},{\"cache_bytes\":26880,\"statement_bytes\":0,\"cache_hits\":1,\"cache_misses\":6,\"cache_writes\":0},{\"cache_bytes\":26880,\"statement_bytes\":0,\"cache_hits\":1,\"cache_misses\":6,\"cache_writes\":0},{\"cache_bytes\":26880,\"statement_bytes\":0,\"cache_hits\":1,\"cache_misses\":6,\"cache_writes\":0},{\"cache_bytes\":26880,\"statement_bytes\":0,\"cache_hits\":1,\"cache_misses\":6,\"cache_writes\":0},{\"cache_bytes\":26880,\"statement_bytes\":0,\"cache_hits\":1,\"cache_misses\":6,\"cache_writes\":0},{\"cache_bytes\":26880,\"statement_bytes\":0,\"cache_hits\":1,\"cache_misses\":6,\"cache_writes\":0},{\"cache_bytes\":44288,\"statement_bytes\":8192,\"cache_hits\":1,\"cache_misses\":15,\"cache_writes\":0}]},\"sqlite_busy_errors\":0,\"blocking_threads\":1,\"blocking_threads_peak\":1,\"blocking_active\":0,\"blocking_queued\":0,\"scrypt_active\":0,\"scrypt_peak\":1}"},"target":"snowtime_axum"}
{"timestamp":"2026-10-08T10:34:08.785519Z","level":"INFO","fields":{"message":"bench counters","renderers":1,"render_queued":0,"render_busy_answers":0,"database":"{\"read_admission\":{\"active\":0,\"queued\":0,\"limit\":10},\"write_admission\":{\"active\":0,\"queued\":0,\"limit\":1},\"hash_admission\":{\"active\":0,\"queued\":0,\"limit\":10},\"report_admission\":{\"active\":0,\"queued\":0,\"limit\":2},\"writer\":{\"cache_bytes\":96512,\"statement_bytes\":542048,\"cache_hits\":1936,\"cache_misses\":49,\"cache_writes\":81},\"readers\":{\"idle\":10,\"connections\":[{\"cache_bytes\":5120,\"statement_bytes\":0,\"cache_hits\":1,\"cache_misses\":6,\"cache_writes\":0},{\"cache_bytes\":5120,\"statement_bytes\":0,\"cache_hits\":1,\"cache_misses\":6,\"cache_writes\":0},{\"cache_bytes\":5120,\"statement_bytes\":0,\"cache_hits\":1,\"cache_misses\":6,\"cache_writes\":0},{\"cache_bytes\":5120,\"statement_bytes\":0,\"cache_hits\":1,\"cache_misses\":6,\"cache_writes\":0},{\"cache_bytes\":5120,\"statement_bytes\":0,\"cache_hits\":1,\"cache_misses\":6,\"cache_writes\":0},{\"cache_bytes\":5120,\"statement_bytes\":0,\"cache_hits\":1,\"cache_misses\":6,\"cache_writes\":0},{\"cache_bytes\":5120,\"statement_bytes\":0,\"cache_hits\":1,\"cache_misses\":6,\"cache_writes\":0},{\"cache_bytes\":5120,\"statement_bytes\":0,\"cache_hits\":1,\"cache_misses\":6,\"cache_writes\":0},{\"cache_bytes\":5120,\"statement_bytes\":0,\"cache_hits\":1,\"cache_misses\":6,\"cache_writes\":0},{\"cache_bytes\":13824,\"statement_bytes\":351744,\"cache_hits\":25501,\"cache_misses\":2315,\"cache_writes\":0}]},\"sqlite_busy_errors\":0,\"blocking_threads\":0,\"blocking_threads_peak\":1,\"blocking_active\":0,\"blocking_queued\":0,\"scrypt_active\":0,\"scrypt_peak\":1}"},"target":"snowtime_axum"}
{"timestamp":"2026-10-08T10:34:09.130300Z","level":"INFO","fields":{"message":"sized the renderers","limit_mib":32768,"source":"physical memory","cpus":10,"renderers":10,"heap_mib":128,"semi_space_mib":32},"target":"snowtime_axum"}
{"timestamp":"2026-10-08T10:34:09.130923Z","level":"INFO","fields":{"message":"listening","address":"127.0.0.1:64734","tls":false},"target":"snowtime_axum"}
{"timestamp":"2026-10-08T10:34:09.788749Z","level":"INFO","fields":{"message":"bench counters","renderers":1,"render_queued":0,"render_busy_answers":0,"database":"{\"read_admission\":{\"active\":0,\"queued\":0,\"limit\":10},\"write_admission\":{\"active\":0,\"queued\":0,\"limit\":1},\"hash_admission\":{\"active\":0,\"queued\":0,\"limit\":10},\"report_admission\":{\"active\":0,\"queued\":0,\"limit\":2},\"writer\":{\"cache_bytes\":96512,\"statement_bytes\":542048,\"cache_hits\":1936,\"cache_misses\":49,\"cache_writes\":81},\"readers\":{\"idle\":10,\"connections\":[{\"cache_bytes\":5120,\"statement_bytes\":0,\"cache_hits\":1,\"cache_misses\":6,\"cache_writes\":0},{\"cache_bytes\":5120,\"statement_bytes\":0,\"cache_hits\":1,\"cache_misses\":6,\"cache_writes\":0},{\"cache_bytes\":5120,\"statement_bytes\":0,\"cache_hits\":1,\"cache_misses\":6,\"cache_writes\":0},{\"cache_bytes\":5120,\"statement_bytes\":0,\"cache_hits\":1,\"cache_misses\":6,\"cache_writes\":0},{\"cache_bytes\":5120,\"statement_bytes\":0,\"cache_hits\":1,\"cache_misses\":6,\"cache_writes\":0},{\"cache_bytes\":5120,\"statement_bytes\":0,\"cache_hits\":1,\"cache_misses\":6,\"cache_writes\":0},{\"cache_bytes\":5120,\"statement_bytes\":0,\"cache_hits\":1,\"cache_misses\":6,\"cache_writes\":0},{\"cache_bytes\":5120,\"statement_bytes\":0,\"cache_hits\":1,\"cache_misses\":6,\"cache_writes\":0},{\"cache_bytes\":5120,\"statement_bytes\":0,\"cache_hits\":1,\"cache_misses\":6,\"cache_writes\":0},{\"cache_bytes\":13824,\"statement_bytes\":351744,\"cache_hits\":25501,\"cache_misses\":2315,\"cache_writes\":0}]},\"sqlite_busy_errors\":0,\"blocking_threads\":0,\"blocking_threads_peak\":1,\"blocking_active\":0,\"blocking_queued\":0,\"scrypt_active\":0,\"scrypt_peak\":1}"},"target":"snowtime_axum"}
{"timestamp":"2026-10-08T10:34:10.132940Z","level":"INFO","fields":{"message":"bench counters","renderers":1,"render_queued":0,"render_busy_answers":0,"database":"{\"read_admission\":{\"active\":0,\"queued\":0,\"limit\":10},\"write_admission\":{\"active\":0,\"queued\":0,\"limit\":1},\"hash_admission\":{\"active\":1,\"queued\":0,\"limit\":10},\"report_admission\":{\"active\":0,\"queued\":0,\"limit\":2},\"writer\":{\"cache_bytes\":52992,\"statement_bytes\":6688,\"cache_hits\":23,\"cache_misses\":16,\"cache_writes\":9},\"readers\":{\"idle\":10,\"connections\":[{\"cache_bytes\":26880,\"statement_bytes\":0,\"cache_hits\":1,\"cache_misses\":6,\"cache_writes\":0},{\"cache_bytes\":26880,\"statement_bytes\":0,\"cache_hits\":1,\"cache_misses\":6,\"cache_writes\":0},{\"cache_bytes\":26880,\"statement_bytes\":0,\"cache_hits\":1,\"cache_misses\":6,\"cache_writes\":0},{\"cache_bytes\":26880,\"statement_bytes\":0,\"cache_hits\":1,\"cache_misses\":6,\"cache_writes\":0},{\"cache_bytes\":26880,\"statement_bytes\":0,\"cache_hits\":1,\"cache_misses\":6,\"cache_writes\":0},{\"cache_bytes\":26880,\"statement_bytes\":0,\"cache_hits\":1,\"cache_misses\":6,\"cache_writes\":0},{\"cache_bytes\":26880,\"statement_bytes\":0,\"cache_hits\":1,\"cache_misses\":6,\"cache_writes\":0},{\"cache_bytes\":26880,\"statement_bytes\":0,\"cache_hits\":1,\"cache_misses\":6,\"cache_writes\":0},{\"cache_bytes\":26880,\"statement_bytes\":0,\"cache_hits\":1,\"cache_misses\":6,\"cache_writes\":0},{\"cache_bytes\":26880,\"statement_bytes\":0,\"cache_hits\":1,\"cache_misses\":6,\"cache_writes\":0}]},\"sqlite_busy_errors\":0,\"blocking_threads\":1,\"blocking_threads_peak\":1,\"blocking_active\":0,\"blocking_queued\":0,\"scrypt_active\":1,\"scrypt_peak\":1}"},"target":"snowtime_axum"}
same bytes                 acceptInvitation accepted: accepted (400, 74 bytes)
same bytes                 acceptInvitation accepted: preview unchanged (200, 62 bytes)
{"timestamp":"2026-10-08T10:34:10.790494Z","level":"INFO","fields":{"message":"bench counters","renderers":1,"render_queued":0,"render_busy_answers":0,"database":"{\"read_admission\":{\"active\":0,\"queued\":0,\"limit\":10},\"write_admission\":{\"active\":0,\"queued\":0,\"limit\":1},\"hash_admission\":{\"active\":0,\"queued\":0,\"limit\":10},\"report_admission\":{\"active\":0,\"queued\":0,\"limit\":2},\"writer\":{\"cache_bytes\":96512,\"statement_bytes\":542048,\"cache_hits\":1936,\"cache_misses\":49,\"cache_writes\":81},\"readers\":{\"idle\":10,\"connections\":[{\"cache_bytes\":5120,\"statement_bytes\":0,\"cache_hits\":1,\"cache_misses\":6,\"cache_writes\":0},{\"cache_bytes\":5120,\"statement_bytes\":0,\"cache_hits\":1,\"cache_misses\":6,\"cache_writes\":0},{\"cache_bytes\":5120,\"statement_bytes\":0,\"cache_hits\":1,\"cache_misses\":6,\"cache_writes\":0},{\"cache_bytes\":5120,\"statement_bytes\":0,\"cache_hits\":1,\"cache_misses\":6,\"cache_writes\":0},{\"cache_bytes\":5120,\"statement_bytes\":0,\"cache_hits\":1,\"cache_misses\":6,\"cache_writes\":0},{\"cache_bytes\":5120,\"statement_bytes\":0,\"cache_hits\":1,\"cache_misses\":6,\"cache_writes\":0},{\"cache_bytes\":5120,\"statement_bytes\":0,\"cache_hits\":1,\"cache_misses\":6,\"cache_writes\":0},{\"cache_bytes\":5120,\"statement_bytes\":0,\"cache_hits\":1,\"cache_misses\":6,\"cache_writes\":0},{\"cache_bytes\":5120,\"statement_bytes\":0,\"cache_hits\":1,\"cache_misses\":6,\"cache_writes\":0},{\"cache_bytes\":13824,\"statement_bytes\":351744,\"cache_hits\":25501,\"cache_misses\":2315,\"cache_writes\":0}]},\"sqlite_busy_errors\":0,\"blocking_threads\":0,\"blocking_threads_peak\":1,\"blocking_active\":0,\"blocking_queued\":0,\"scrypt_active\":0,\"scrypt_peak\":1}"},"target":"snowtime_axum"}
{"timestamp":"2026-10-08T10:34:11.135150Z","level":"INFO","fields":{"message":"bench counters","renderers":1,"render_queued":0,"render_busy_answers":0,"database":"{\"read_admission\":{\"active\":0,\"queued\":0,\"limit\":10},\"write_admission\":{\"active\":0,\"queued\":0,\"limit\":1},\"hash_admission\":{\"active\":0,\"queued\":0,\"limit\":10},\"report_admission\":{\"active\":0,\"queued\":0,\"limit\":2},\"writer\":{\"cache_bytes\":61696,\"statement_bytes\":19680,\"cache_hits\":37,\"cache_misses\":18,\"cache_writes\":13},\"readers\":{\"idle\":10,\"connections\":[{\"cache_bytes\":26880,\"statement_bytes\":0,\"cache_hits\":1,\"cache_misses\":6,\"cache_writes\":0},{\"cache_bytes\":26880,\"statement_bytes\":0,\"cache_hits\":1,\"cache_misses\":6,\"cache_writes\":0},{\"cache_bytes\":26880,\"statement_bytes\":0,\"cache_hits\":1,\"cache_misses\":6,\"cache_writes\":0},{\"cache_bytes\":26880,\"statement_bytes\":0,\"cache_hits\":1,\"cache_misses\":6,\"cache_writes\":0},{\"cache_bytes\":26880,\"statement_bytes\":0,\"cache_hits\":1,\"cache_misses\":6,\"cache_writes\":0},{\"cache_bytes\":26880,\"statement_bytes\":0,\"cache_hits\":1,\"cache_misses\":6,\"cache_writes\":0},{\"cache_bytes\":26880,\"statement_bytes\":0,\"cache_hits\":1,\"cache_misses\":6,\"cache_writes\":0},{\"cache_bytes\":26880,\"statement_bytes\":0,\"cache_hits\":1,\"cache_misses\":6,\"cache_writes\":0},{\"cache_bytes\":26880,\"statement_bytes\":0,\"cache_hits\":1,\"cache_misses\":6,\"cache_writes\":0},{\"cache_bytes\":44288,\"statement_bytes\":8192,\"cache_hits\":1,\"cache_misses\":15,\"cache_writes\":0}]},\"sqlite_busy_errors\":0,\"blocking_threads\":1,\"blocking_threads_peak\":1,\"blocking_active\":0,\"blocking_queued\":0,\"scrypt_active\":0,\"scrypt_peak\":1}"},"target":"snowtime_axum"}
{"timestamp":"2026-10-08T10:34:11.793211Z","level":"INFO","fields":{"message":"bench counters","renderers":1,"render_queued":0,"render_busy_answers":0,"database":"{\"read_admission\":{\"active\":0,\"queued\":0,\"limit\":10},\"write_admission\":{\"active\":0,\"queued\":0,\"limit\":1},\"hash_admission\":{\"active\":0,\"queued\":0,\"limit\":10},\"report_admission\":{\"active\":0,\"queued\":0,\"limit\":2},\"writer\":{\"cache_bytes\":96512,\"statement_bytes\":542048,\"cache_hits\":1936,\"cache_misses\":49,\"cache_writes\":81},\"readers\":{\"idle\":10,\"connections\":[{\"cache_bytes\":5120,\"statement_bytes\":0,\"cache_hits\":1,\"cache_misses\":6,\"cache_writes\":0},{\"cache_bytes\":5120,\"statement_bytes\":0,\"cache_hits\":1,\"cache_misses\":6,\"cache_writes\":0},{\"cache_bytes\":5120,\"statement_bytes\":0,\"cache_hits\":1,\"cache_misses\":6,\"cache_writes\":0},{\"cache_bytes\":5120,\"statement_bytes\":0,\"cache_hits\":1,\"cache_misses\":6,\"cache_writes\":0},{\"cache_bytes\":5120,\"statement_bytes\":0,\"cache_hits\":1,\"cache_misses\":6,\"cache_writes\":0},{\"cache_bytes\":5120,\"statement_bytes\":0,\"cache_hits\":1,\"cache_misses\":6,\"cache_writes\":0},{\"cache_bytes\":5120,\"statement_bytes\":0,\"cache_hits\":1,\"cache_misses\":6,\"cache_writes\":0},{\"cache_bytes\":5120,\"statement_bytes\":0,\"cache_hits\":1,\"cache_misses\":6,\"cache_writes\":0},{\"cache_bytes\":5120,\"statement_bytes\":0,\"cache_hits\":1,\"cache_misses\":6,\"cache_writes\":0},{\"cache_bytes\":13824,\"statement_bytes\":351744,\"cache_hits\":25501,\"cache_misses\":2315,\"cache_writes\":0}]},\"sqlite_busy_errors\":0,\"blocking_threads\":0,\"blocking_threads_peak\":1,\"blocking_active\":0,\"blocking_queued\":0,\"scrypt_active\":0,\"scrypt_peak\":1}"},"target":"snowtime_axum"}
{"timestamp":"2026-10-08T10:34:12.137553Z","level":"INFO","fields":{"message":"bench counters","renderers":1,"render_queued":0,"render_busy_answers":0,"database":"{\"read_admission\":{\"active\":0,\"queued\":0,\"limit\":10},\"write_admission\":{\"active\":0,\"queued\":0,\"limit\":1},\"hash_admission\":{\"active\":0,\"queued\":0,\"limit\":10},\"report_admission\":{\"active\":0,\"queued\":0,\"limit\":2},\"writer\":{\"cache_bytes\":61696,\"statement_bytes\":19680,\"cache_hits\":37,\"cache_misses\":18,\"cache_writes\":13},\"readers\":{\"idle\":10,\"connections\":[{\"cache_bytes\":26880,\"statement_bytes\":0,\"cache_hits\":1,\"cache_misses\":6,\"cache_writes\":0},{\"cache_bytes\":26880,\"statement_bytes\":0,\"cache_hits\":1,\"cache_misses\":6,\"cache_writes\":0},{\"cache_bytes\":26880,\"statement_bytes\":0,\"cache_hits\":1,\"cache_misses\":6,\"cache_writes\":0},{\"cache_bytes\":26880,\"statement_bytes\":0,\"cache_hits\":1,\"cache_misses\":6,\"cache_writes\":0},{\"cache_bytes\":26880,\"statement_bytes\":0,\"cache_hits\":1,\"cache_misses\":6,\"cache_writes\":0},{\"cache_bytes\":26880,\"statement_bytes\":0,\"cache_hits\":1,\"cache_misses\":6,\"cache_writes\":0},{\"cache_bytes\":26880,\"statement_bytes\":0,\"cache_hits\":1,\"cache_misses\":6,\"cache_writes\":0},{\"cache_bytes\":26880,\"statement_bytes\":0,\"cache_hits\":1,\"cache_misses\":6,\"cache_writes\":0},{\"cache_bytes\":26880,\"statement_bytes\":0,\"cache_hits\":1,\"cache_misses\":6,\"cache_writes\":0},{\"cache_bytes\":44288,\"statement_bytes\":8192,\"cache_hits\":1,\"cache_misses\":15,\"cache_writes\":0}]},\"sqlite_busy_errors\":0,\"blocking_threads\":1,\"blocking_threads_peak\":1,\"blocking_active\":0,\"blocking_queued\":0,\"scrypt_active\":0,\"scrypt_peak\":1}"},"target":"snowtime_axum"}
{"timestamp":"2026-10-08T10:34:12.796149Z","level":"INFO","fields":{"message":"bench counters","renderers":1,"render_queued":0,"render_busy_answers":0,"database":"{\"read_admission\":{\"active\":0,\"queued\":0,\"limit\":10},\"write_admission\":{\"active\":0,\"queued\":0,\"limit\":1},\"hash_admission\":{\"active\":0,\"queued\":0,\"limit\":10},\"report_admission\":{\"active\":0,\"queued\":0,\"limit\":2},\"writer\":{\"cache_bytes\":96512,\"statement_bytes\":542048,\"cache_hits\":1936,\"cache_misses\":49,\"cache_writes\":81},\"readers\":{\"idle\":10,\"connections\":[{\"cache_bytes\":5120,\"statement_bytes\":0,\"cache_hits\":1,\"cache_misses\":6,\"cache_writes\":0},{\"cache_bytes\":5120,\"statement_bytes\":0,\"cache_hits\":1,\"cache_misses\":6,\"cache_writes\":0},{\"cache_bytes\":5120,\"statement_bytes\":0,\"cache_hits\":1,\"cache_misses\":6,\"cache_writes\":0},{\"cache_bytes\":5120,\"statement_bytes\":0,\"cache_hits\":1,\"cache_misses\":6,\"cache_writes\":0},{\"cache_bytes\":5120,\"statement_bytes\":0,\"cache_hits\":1,\"cache_misses\":6,\"cache_writes\":0},{\"cache_bytes\":5120,\"statement_bytes\":0,\"cache_hits\":1,\"cache_misses\":6,\"cache_writes\":0},{\"cache_bytes\":5120,\"statement_bytes\":0,\"cache_hits\":1,\"cache_misses\":6,\"cache_writes\":0},{\"cache_bytes\":5120,\"statement_bytes\":0,\"cache_hits\":1,\"cache_misses\":6,\"cache_writes\":0},{\"cache_bytes\":5120,\"statement_bytes\":0,\"cache_hits\":1,\"cache_misses\":6,\"cache_writes\":0},{\"cache_bytes\":13824,\"statement_bytes\":351744,\"cache_hits\":25501,\"cache_misses\":2315,\"cache_writes\":0}]},\"sqlite_busy_errors\":0,\"blocking_threads\":0,\"blocking_threads_peak\":1,\"blocking_active\":0,\"blocking_queued\":0,\"scrypt_active\":0,\"scrypt_peak\":1}"},"target":"snowtime_axum"}
{"timestamp":"2026-10-08T10:34:13.140267Z","level":"INFO","fields":{"message":"bench counters","renderers":1,"render_queued":0,"render_busy_answers":0,"database":"{\"read_admission\":{\"active\":0,\"queued\":0,\"limit\":10},\"write_admission\":{\"active\":0,\"queued\":0,\"limit\":1},\"hash_admission\":{\"active\":0,\"queued\":0,\"limit\":10},\"report_admission\":{\"active\":0,\"queued\":0,\"limit\":2},\"writer\":{\"cache_bytes\":61696,\"statement_bytes\":19680,\"cache_hits\":37,\"cache_misses\":18,\"cache_writes\":13},\"readers\":{\"idle\":10,\"connections\":[{\"cache_bytes\":26880,\"statement_bytes\":0,\"cache_hits\":1,\"cache_misses\":6,\"cache_writes\":0},{\"cache_bytes\":26880,\"statement_bytes\":0,\"cache_hits\":1,\"cache_misses\":6,\"cache_writes\":0},{\"cache_bytes\":26880,\"statement_bytes\":0,\"cache_hits\":1,\"cache_misses\":6,\"cache_writes\":0},{\"cache_bytes\":26880,\"statement_bytes\":0,\"cache_hits\":1,\"cache_misses\":6,\"cache_writes\":0},{\"cache_bytes\":26880,\"statement_bytes\":0,\"cache_hits\":1,\"cache_misses\":6,\"cache_writes\":0},{\"cache_bytes\":26880,\"statement_bytes\":0,\"cache_hits\":1,\"cache_misses\":6,\"cache_writes\":0},{\"cache_bytes\":26880,\"statement_bytes\":0,\"cache_hits\":1,\"cache_misses\":6,\"cache_writes\":0},{\"cache_bytes\":26880,\"statement_bytes\":0,\"cache_hits\":1,\"cache_misses\":6,\"cache_writes\":0},{\"cache_bytes\":26880,\"statement_bytes\":0,\"cache_hits\":1,\"cache_misses\":6,\"cache_writes\":0},{\"cache_bytes\":44288,\"statement_bytes\":8192,\"cache_hits\":1,\"cache_misses\":15,\"cache_writes\":0}]},\"sqlite_busy_errors\":0,\"blocking_threads\":1,\"blocking_threads_peak\":1,\"blocking_active\":0,\"blocking_queued\":0,\"scrypt_active\":0,\"scrypt_peak\":1}"},"target":"snowtime_axum"}
{"timestamp":"2026-10-08T10:34:13.799019Z","level":"INFO","fields":{"message":"bench counters","renderers":1,"render_queued":0,"render_busy_answers":0,"database":"{\"read_admission\":{\"active\":0,\"queued\":0,\"limit\":10},\"write_admission\":{\"active\":0,\"queued\":0,\"limit\":1},\"hash_admission\":{\"active\":0,\"queued\":0,\"limit\":10},\"report_admission\":{\"active\":0,\"queued\":0,\"limit\":2},\"writer\":{\"cache_bytes\":96512,\"statement_bytes\":542048,\"cache_hits\":1936,\"cache_misses\":49,\"cache_writes\":81},\"readers\":{\"idle\":10,\"connections\":[{\"cache_bytes\":5120,\"statement_bytes\":0,\"cache_hits\":1,\"cache_misses\":6,\"cache_writes\":0},{\"cache_bytes\":5120,\"statement_bytes\":0,\"cache_hits\":1,\"cache_misses\":6,\"cache_writes\":0},{\"cache_bytes\":5120,\"statement_bytes\":0,\"cache_hits\":1,\"cache_misses\":6,\"cache_writes\":0},{\"cache_bytes\":5120,\"statement_bytes\":0,\"cache_hits\":1,\"cache_misses\":6,\"cache_writes\":0},{\"cache_bytes\":5120,\"statement_bytes\":0,\"cache_hits\":1,\"cache_misses\":6,\"cache_writes\":0},{\"cache_bytes\":5120,\"statement_bytes\":0,\"cache_hits\":1,\"cache_misses\":6,\"cache_writes\":0},{\"cache_bytes\":5120,\"statement_bytes\":0,\"cache_hits\":1,\"cache_misses\":6,\"cache_writes\":0},{\"cache_bytes\":5120,\"statement_bytes\":0,\"cache_hits\":1,\"cache_misses\":6,\"cache_writes\":0},{\"cache_bytes\":5120,\"statement_bytes\":0,\"cache_hits\":1,\"cache_misses\":6,\"cache_writes\":0},{\"cache_bytes\":13824,\"statement_bytes\":351744,\"cache_hits\":25501,\"cache_misses\":2315,\"cache_writes\":0}]},\"sqlite_busy_errors\":0,\"blocking_threads\":0,\"blocking_threads_peak\":1,\"blocking_active\":0,\"blocking_queued\":0,\"scrypt_active\":0,\"scrypt_peak\":1}"},"target":"snowtime_axum"}
{"timestamp":"2026-10-08T10:34:14.402027Z","level":"INFO","fields":{"message":"sized the renderers","limit_mib":32768,"source":"physical memory","cpus":10,"renderers":10,"heap_mib":128,"semi_space_mib":32},"target":"snowtime_axum"}
{"timestamp":"2026-10-08T10:34:14.402817Z","level":"INFO","fields":{"message":"listening","address":"127.0.0.1:64742","tls":false},"target":"snowtime_axum"}
{"timestamp":"2026-10-08T10:34:14.802396Z","level":"INFO","fields":{"message":"bench counters","renderers":1,"render_queued":0,"render_busy_answers":0,"database":"{\"read_admission\":{\"active\":0,\"queued\":0,\"limit\":10},\"write_admission\":{\"active\":0,\"queued\":0,\"limit\":1},\"hash_admission\":{\"active\":0,\"queued\":0,\"limit\":10},\"report_admission\":{\"active\":0,\"queued\":0,\"limit\":2},\"writer\":{\"cache_bytes\":96512,\"statement_bytes\":542048,\"cache_hits\":1936,\"cache_misses\":49,\"cache_writes\":81},\"readers\":{\"idle\":10,\"connections\":[{\"cache_bytes\":5120,\"statement_bytes\":0,\"cache_hits\":1,\"cache_misses\":6,\"cache_writes\":0},{\"cache_bytes\":5120,\"statement_bytes\":0,\"cache_hits\":1,\"cache_misses\":6,\"cache_writes\":0},{\"cache_bytes\":5120,\"statement_bytes\":0,\"cache_hits\":1,\"cache_misses\":6,\"cache_writes\":0},{\"cache_bytes\":5120,\"statement_bytes\":0,\"cache_hits\":1,\"cache_misses\":6,\"cache_writes\":0},{\"cache_bytes\":5120,\"statement_bytes\":0,\"cache_hits\":1,\"cache_misses\":6,\"cache_writes\":0},{\"cache_bytes\":5120,\"statement_bytes\":0,\"cache_hits\":1,\"cache_misses\":6,\"cache_writes\":0},{\"cache_bytes\":5120,\"statement_bytes\":0,\"cache_hits\":1,\"cache_misses\":6,\"cache_writes\":0},{\"cache_bytes\":5120,\"statement_bytes\":0,\"cache_hits\":1,\"cache_misses\":6,\"cache_writes\":0},{\"cache_bytes\":5120,\"statement_bytes\":0,\"cache_hits\":1,\"cache_misses\":6,\"cache_writes\":0},{\"cache_bytes\":13824,\"statement_bytes\":351744,\"cache_hits\":25501,\"cache_misses\":2315,\"cache_writes\":0}]},\"sqlite_busy_errors\":0,\"blocking_threads\":0,\"blocking_threads_peak\":1,\"blocking_active\":0,\"blocking_queued\":0,\"scrypt_active\":0,\"scrypt_peak\":1}"},"target":"snowtime_axum"}
{"timestamp":"2026-10-08T10:34:15.405182Z","level":"INFO","fields":{"message":"bench counters","renderers":1,"render_queued":0,"render_busy_answers":0,"database":"{\"read_admission\":{\"active\":0,\"queued\":0,\"limit\":10},\"write_admission\":{\"active\":0,\"queued\":0,\"limit\":1},\"hash_admission\":{\"active\":1,\"queued\":0,\"limit\":10},\"report_admission\":{\"active\":0,\"queued\":0,\"limit\":2},\"writer\":{\"cache_bytes\":52992,\"statement_bytes\":6688,\"cache_hits\":23,\"cache_misses\":16,\"cache_writes\":9},\"readers\":{\"idle\":10,\"connections\":[{\"cache_bytes\":26880,\"statement_bytes\":0,\"cache_hits\":1,\"cache_misses\":6,\"cache_writes\":0},{\"cache_bytes\":26880,\"statement_bytes\":0,\"cache_hits\":1,\"cache_misses\":6,\"cache_writes\":0},{\"cache_bytes\":26880,\"statement_bytes\":0,\"cache_hits\":1,\"cache_misses\":6,\"cache_writes\":0},{\"cache_bytes\":26880,\"statement_bytes\":0,\"cache_hits\":1,\"cache_misses\":6,\"cache_writes\":0},{\"cache_bytes\":26880,\"statement_bytes\":0,\"cache_hits\":1,\"cache_misses\":6,\"cache_writes\":0},{\"cache_bytes\":26880,\"statement_bytes\":0,\"cache_hits\":1,\"cache_misses\":6,\"cache_writes\":0},{\"cache_bytes\":26880,\"statement_bytes\":0,\"cache_hits\":1,\"cache_misses\":6,\"cache_writes\":0},{\"cache_bytes\":26880,\"statement_bytes\":0,\"cache_hits\":1,\"cache_misses\":6,\"cache_writes\":0},{\"cache_bytes\":26880,\"statement_bytes\":0,\"cache_hits\":1,\"cache_misses\":6,\"cache_writes\":0},{\"cache_bytes\":26880,\"statement_bytes\":0,\"cache_hits\":1,\"cache_misses\":6,\"cache_writes\":0}]},\"sqlite_busy_errors\":0,\"blocking_threads\":1,\"blocking_threads_peak\":1,\"blocking_active\":0,\"blocking_queued\":0,\"scrypt_active\":1,\"scrypt_peak\":1}"},"target":"snowtime_axum"}
same bytes                 acceptInvitation existing member: reuse owner without demotion (200, 45 bytes)
same bytes                 acceptInvitation existing member: closed preview (200, 62 bytes)
same bytes                 acceptInvitation existing member: repeat refuses (400, 74 bytes)
same bytes                 acceptInvitation existing member: roles and counts (200, 5608 bytes)
same bytes                 acceptInvitation existing member: team assignment (200, 1670 bytes)
same bytes                 acceptInvitation existing member: active organization (200, 1146 bytes)
{"timestamp":"2026-10-08T10:34:15.804518Z","level":"INFO","fields":{"message":"bench counters","renderers":1,"render_queued":0,"render_busy_answers":0,"database":"{\"read_admission\":{\"active\":0,\"queued\":0,\"limit\":10},\"write_admission\":{\"active\":0,\"queued\":0,\"limit\":1},\"hash_admission\":{\"active\":0,\"queued\":0,\"limit\":10},\"report_admission\":{\"active\":0,\"queued\":0,\"limit\":2},\"writer\":{\"cache_bytes\":96512,\"statement_bytes\":542048,\"cache_hits\":1936,\"cache_misses\":49,\"cache_writes\":81},\"readers\":{\"idle\":10,\"connections\":[{\"cache_bytes\":5120,\"statement_bytes\":0,\"cache_hits\":1,\"cache_misses\":6,\"cache_writes\":0},{\"cache_bytes\":5120,\"statement_bytes\":0,\"cache_hits\":1,\"cache_misses\":6,\"cache_writes\":0},{\"cache_bytes\":5120,\"statement_bytes\":0,\"cache_hits\":1,\"cache_misses\":6,\"cache_writes\":0},{\"cache_bytes\":5120,\"statement_bytes\":0,\"cache_hits\":1,\"cache_misses\":6,\"cache_writes\":0},{\"cache_bytes\":5120,\"statement_bytes\":0,\"cache_hits\":1,\"cache_misses\":6,\"cache_writes\":0},{\"cache_bytes\":5120,\"statement_bytes\":0,\"cache_hits\":1,\"cache_misses\":6,\"cache_writes\":0},{\"cache_bytes\":5120,\"statement_bytes\":0,\"cache_hits\":1,\"cache_misses\":6,\"cache_writes\":0},{\"cache_bytes\":5120,\"statement_bytes\":0,\"cache_hits\":1,\"cache_misses\":6,\"cache_writes\":0},{\"cache_bytes\":5120,\"statement_bytes\":0,\"cache_hits\":1,\"cache_misses\":6,\"cache_writes\":0},{\"cache_bytes\":13824,\"statement_bytes\":351744,\"cache_hits\":25501,\"cache_misses\":2315,\"cache_writes\":0}]},\"sqlite_busy_errors\":0,\"blocking_threads\":0,\"blocking_threads_peak\":1,\"blocking_active\":0,\"blocking_queued\":0,\"scrypt_active\":0,\"scrypt_peak\":1}"},"target":"snowtime_axum"}
{"timestamp":"2026-10-08T10:34:16.407414Z","level":"INFO","fields":{"message":"bench counters","renderers":1,"render_queued":0,"render_busy_answers":0,"database":"{\"read_admission\":{\"active\":0,\"queued\":0,\"limit\":10},\"write_admission\":{\"active\":0,\"queued\":0,\"limit\":1},\"hash_admission\":{\"active\":0,\"queued\":0,\"limit\":10},\"report_admission\":{\"active\":0,\"queued\":0,\"limit\":2},\"writer\":{\"cache_bytes\":105216,\"statement_bytes\":39424,\"cache_hits\":55,\"cache_misses\":28,\"cache_writes\":21},\"readers\":{\"idle\":10,\"connections\":[{\"cache_bytes\":26880,\"statement_bytes\":0,\"cache_hits\":1,\"cache_misses\":6,\"cache_writes\":0},{\"cache_bytes\":26880,\"statement_bytes\":0,\"cache_hits\":1,\"cache_misses\":6,\"cache_writes\":0},{\"cache_bytes\":26880,\"statement_bytes\":0,\"cache_hits\":1,\"cache_misses\":6,\"cache_writes\":0},{\"cache_bytes\":26880,\"statement_bytes\":0,\"cache_hits\":1,\"cache_misses\":6,\"cache_writes\":0},{\"cache_bytes\":26880,\"statement_bytes\":0,\"cache_hits\":1,\"cache_misses\":6,\"cache_writes\":0},{\"cache_bytes\":26880,\"statement_bytes\":0,\"cache_hits\":1,\"cache_misses\":6,\"cache_writes\":0},{\"cache_bytes\":26880,\"statement_bytes\":0,\"cache_hits\":1,\"cache_misses\":6,\"cache_writes\":0},{\"cache_bytes\":26880,\"statement_bytes\":0,\"cache_hits\":1,\"cache_misses\":6,\"cache_writes\":0},{\"cache_bytes\":26880,\"statement_bytes\":0,\"cache_hits\":1,\"cache_misses\":6,\"cache_writes\":0},{\"cache_bytes\":148736,\"statement_bytes\":58656,\"cache_hits\":44,\"cache_misses\":39,\"cache_writes\":0}]},\"sqlite_busy_errors\":0,\"blocking_threads\":1,\"blocking_threads_peak\":1,\"blocking_active\":0,\"blocking_queued\":0,\"scrypt_active\":0,\"scrypt_peak\":1}"},"target":"snowtime_axum"}
{"timestamp":"2026-10-08T10:34:16.807314Z","level":"INFO","fields":{"message":"bench counters","renderers":1,"render_queued":0,"render_busy_answers":0,"database":"{\"read_admission\":{\"active\":0,\"queued\":0,\"limit\":10},\"write_admission\":{\"active\":0,\"queued\":0,\"limit\":1},\"hash_admission\":{\"active\":0,\"queued\":0,\"limit\":10},\"report_admission\":{\"active\":0,\"queued\":0,\"limit\":2},\"writer\":{\"cache_bytes\":96512,\"statement_bytes\":542048,\"cache_hits\":1936,\"cache_misses\":49,\"cache_writes\":81},\"readers\":{\"idle\":10,\"connections\":[{\"cache_bytes\":5120,\"statement_bytes\":0,\"cache_hits\":1,\"cache_misses\":6,\"cache_writes\":0},{\"cache_bytes\":5120,\"statement_bytes\":0,\"cache_hits\":1,\"cache_misses\":6,\"cache_writes\":0},{\"cache_bytes\":5120,\"statement_bytes\":0,\"cache_hits\":1,\"cache_misses\":6,\"cache_writes\":0},{\"cache_bytes\":5120,\"statement_bytes\":0,\"cache_hits\":1,\"cache_misses\":6,\"cache_writes\":0},{\"cache_bytes\":5120,\"statement_bytes\":0,\"cache_hits\":1,\"cache_misses\":6,\"cache_writes\":0},{\"cache_bytes\":5120,\"statement_bytes\":0,\"cache_hits\":1,\"cache_misses\":6,\"cache_writes\":0},{\"cache_bytes\":5120,\"statement_bytes\":0,\"cache_hits\":1,\"cache_misses\":6,\"cache_writes\":0},{\"cache_bytes\":5120,\"statement_bytes\":0,\"cache_hits\":1,\"cache_misses\":6,\"cache_writes\":0},{\"cache_bytes\":5120,\"statement_bytes\":0,\"cache_hits\":1,\"cache_misses\":6,\"cache_writes\":0},{\"cache_bytes\":13824,\"statement_bytes\":351744,\"cache_hits\":25501,\"cache_misses\":2315,\"cache_writes\":0}]},\"sqlite_busy_errors\":0,\"blocking_threads\":0,\"blocking_threads_peak\":1,\"blocking_active\":0,\"blocking_queued\":0,\"scrypt_active\":0,\"scrypt_peak\":1}"},"target":"snowtime_axum"}
{"timestamp":"2026-10-08T10:34:17.409711Z","level":"INFO","fields":{"message":"bench counters","renderers":1,"render_queued":0,"render_busy_answers":0,"database":"{\"read_admission\":{\"active\":0,\"queued\":0,\"limit\":10},\"write_admission\":{\"active\":0,\"queued\":0,\"limit\":1},\"hash_admission\":{\"active\":0,\"queued\":0,\"limit\":10},\"report_admission\":{\"active\":0,\"queued\":0,\"limit\":2},\"writer\":{\"cache_bytes\":105216,\"statement_bytes\":39424,\"cache_hits\":55,\"cache_misses\":28,\"cache_writes\":21},\"readers\":{\"idle\":10,\"connections\":[{\"cache_bytes\":26880,\"statement_bytes\":0,\"cache_hits\":1,\"cache_misses\":6,\"cache_writes\":0},{\"cache_bytes\":26880,\"statement_bytes\":0,\"cache_hits\":1,\"cache_misses\":6,\"cache_writes\":0},{\"cache_bytes\":26880,\"statement_bytes\":0,\"cache_hits\":1,\"cache_misses\":6,\"cache_writes\":0},{\"cache_bytes\":26880,\"statement_bytes\":0,\"cache_hits\":1,\"cache_misses\":6,\"cache_writes\":0},{\"cache_bytes\":26880,\"statement_bytes\":0,\"cache_hits\":1,\"cache_misses\":6,\"cache_writes\":0},{\"cache_bytes\":26880,\"statement_bytes\":0,\"cache_hits\":1,\"cache_misses\":6,\"cache_writes\":0},{\"cache_bytes\":26880,\"statement_bytes\":0,\"cache_hits\":1,\"cache_misses\":6,\"cache_writes\":0},{\"cache_bytes\":26880,\"statement_bytes\":0,\"cache_hits\":1,\"cache_misses\":6,\"cache_writes\":0},{\"cache_bytes\":26880,\"statement_bytes\":0,\"cache_hits\":1,\"cache_misses\":6,\"cache_writes\":0},{\"cache_bytes\":148736,\"statement_bytes\":58656,\"cache_hits\":44,\"cache_misses\":39,\"cache_writes\":0}]},\"sqlite_busy_errors\":0,\"blocking_threads\":1,\"blocking_threads_peak\":1,\"blocking_active\":0,\"blocking_queued\":0,\"scrypt_active\":0,\"scrypt_peak\":1}"},"target":"snowtime_axum"}
{"timestamp":"2026-10-08T10:34:17.810156Z","level":"INFO","fields":{"message":"bench counters","renderers":1,"render_queued":0,"render_busy_answers":0,"database":"{\"read_admission\":{\"active\":0,\"queued\":0,\"limit\":10},\"write_admission\":{\"active\":0,\"queued\":0,\"limit\":1},\"hash_admission\":{\"active\":0,\"queued\":0,\"limit\":10},\"report_admission\":{\"active\":0,\"queued\":0,\"limit\":2},\"writer\":{\"cache_bytes\":96512,\"statement_bytes\":542048,\"cache_hits\":1936,\"cache_misses\":49,\"cache_writes\":81},\"readers\":{\"idle\":10,\"connections\":[{\"cache_bytes\":5120,\"statement_bytes\":0,\"cache_hits\":1,\"cache_misses\":6,\"cache_writes\":0},{\"cache_bytes\":5120,\"statement_bytes\":0,\"cache_hits\":1,\"cache_misses\":6,\"cache_writes\":0},{\"cache_bytes\":5120,\"statement_bytes\":0,\"cache_hits\":1,\"cache_misses\":6,\"cache_writes\":0},{\"cache_bytes\":5120,\"statement_bytes\":0,\"cache_hits\":1,\"cache_misses\":6,\"cache_writes\":0},{\"cache_bytes\":5120,\"statement_bytes\":0,\"cache_hits\":1,\"cache_misses\":6,\"cache_writes\":0},{\"cache_bytes\":5120,\"statement_bytes\":0,\"cache_hits\":1,\"cache_misses\":6,\"cache_writes\":0},{\"cache_bytes\":5120,\"statement_bytes\":0,\"cache_hits\":1,\"cache_misses\":6,\"cache_writes\":0},{\"cache_bytes\":5120,\"statement_bytes\":0,\"cache_hits\":1,\"cache_misses\":6,\"cache_writes\":0},{\"cache_bytes\":5120,\"statement_bytes\":0,\"cache_hits\":1,\"cache_misses\":6,\"cache_writes\":0},{\"cache_bytes\":13824,\"statement_bytes\":351744,\"cache_hits\":25501,\"cache_misses\":2315,\"cache_writes\":0}]},\"sqlite_busy_errors\":0,\"blocking_threads\":0,\"blocking_threads_peak\":1,\"blocking_active\":0,\"blocking_queued\":0,\"scrypt_active\":0,\"scrypt_peak\":1}"},"target":"snowtime_axum"}
{"timestamp":"2026-10-08T10:34:18.412396Z","level":"INFO","fields":{"message":"bench counters","renderers":1,"render_queued":0,"render_busy_answers":0,"database":"{\"read_admission\":{\"active\":0,\"queued\":0,\"limit\":10},\"write_admission\":{\"active\":0,\"queued\":0,\"limit\":1},\"hash_admission\":{\"active\":0,\"queued\":0,\"limit\":10},\"report_admission\":{\"active\":0,\"queued\":0,\"limit\":2},\"writer\":{\"cache_bytes\":105216,\"statement_bytes\":39424,\"cache_hits\":55,\"cache_misses\":28,\"cache_writes\":21},\"readers\":{\"idle\":10,\"connections\":[{\"cache_bytes\":26880,\"statement_bytes\":0,\"cache_hits\":1,\"cache_misses\":6,\"cache_writes\":0},{\"cache_bytes\":26880,\"statement_bytes\":0,\"cache_hits\":1,\"cache_misses\":6,\"cache_writes\":0},{\"cache_bytes\":26880,\"statement_bytes\":0,\"cache_hits\":1,\"cache_misses\":6,\"cache_writes\":0},{\"cache_bytes\":26880,\"statement_bytes\":0,\"cache_hits\":1,\"cache_misses\":6,\"cache_writes\":0},{\"cache_bytes\":26880,\"statement_bytes\":0,\"cache_hits\":1,\"cache_misses\":6,\"cache_writes\":0},{\"cache_bytes\":26880,\"statement_bytes\":0,\"cache_hits\":1,\"cache_misses\":6,\"cache_writes\":0},{\"cache_bytes\":26880,\"statement_bytes\":0,\"cache_hits\":1,\"cache_misses\":6,\"cache_writes\":0},{\"cache_bytes\":26880,\"statement_bytes\":0,\"cache_hits\":1,\"cache_misses\":6,\"cache_writes\":0},{\"cache_bytes\":26880,\"statement_bytes\":0,\"cache_hits\":1,\"cache_misses\":6,\"cache_writes\":0},{\"cache_bytes\":148736,\"statement_bytes\":58656,\"cache_hits\":44,\"cache_misses\":39,\"cache_writes\":0}]},\"sqlite_busy_errors\":0,\"blocking_threads\":1,\"blocking_threads_peak\":1,\"blocking_active\":0,\"blocking_queued\":0,\"scrypt_active\":0,\"scrypt_peak\":1}"},"target":"snowtime_axum"}
{"timestamp":"2026-10-08T10:34:18.812418Z","level":"INFO","fields":{"message":"bench counters","renderers":1,"render_queued":0,"render_busy_answers":0,"database":"{\"read_admission\":{\"active\":0,\"queued\":0,\"limit\":10},\"write_admission\":{\"active\":0,\"queued\":0,\"limit\":1},\"hash_admission\":{\"active\":0,\"queued\":0,\"limit\":10},\"report_admission\":{\"active\":0,\"queued\":0,\"limit\":2},\"writer\":{\"cache_bytes\":96512,\"statement_bytes\":542048,\"cache_hits\":1936,\"cache_misses\":49,\"cache_writes\":81},\"readers\":{\"idle\":10,\"connections\":[{\"cache_bytes\":5120,\"statement_bytes\":0,\"cache_hits\":1,\"cache_misses\":6,\"cache_writes\":0},{\"cache_bytes\":5120,\"statement_bytes\":0,\"cache_hits\":1,\"cache_misses\":6,\"cache_writes\":0},{\"cache_bytes\":5120,\"statement_bytes\":0,\"cache_hits\":1,\"cache_misses\":6,\"cache_writes\":0},{\"cache_bytes\":5120,\"statement_bytes\":0,\"cache_hits\":1,\"cache_misses\":6,\"cache_writes\":0},{\"cache_bytes\":5120,\"statement_bytes\":0,\"cache_hits\":1,\"cache_misses\":6,\"cache_writes\":0},{\"cache_bytes\":5120,\"statement_bytes\":0,\"cache_hits\":1,\"cache_misses\":6,\"cache_writes\":0},{\"cache_bytes\":5120,\"statement_bytes\":0,\"cache_hits\":1,\"cache_misses\":6,\"cache_writes\":0},{\"cache_bytes\":5120,\"statement_bytes\":0,\"cache_hits\":1,\"cache_misses\":6,\"cache_writes\":0},{\"cache_bytes\":5120,\"statement_bytes\":0,\"cache_hits\":1,\"cache_misses\":6,\"cache_writes\":0},{\"cache_bytes\":13824,\"statement_bytes\":351744,\"cache_hits\":25501,\"cache_misses\":2315,\"cache_writes\":0}]},\"sqlite_busy_errors\":0,\"blocking_threads\":0,\"blocking_threads_peak\":1,\"blocking_active\":0,\"blocking_queued\":0,\"scrypt_active\":0,\"scrypt_peak\":1}"},"target":"snowtime_axum"}
{"timestamp":"2026-10-08T10:34:19.676176Z","level":"INFO","fields":{"message":"sized the renderers","limit_mib":32768,"source":"physical memory","cpus":10,"renderers":10,"heap_mib":128,"semi_space_mib":32},"target":"snowtime_axum"}
{"timestamp":"2026-10-08T10:34:19.676843Z","level":"INFO","fields":{"message":"listening","address":"127.0.0.1:64753","tls":false},"target":"snowtime_axum"}
{"timestamp":"2026-10-08T10:34:19.815102Z","level":"INFO","fields":{"message":"bench counters","renderers":1,"render_queued":0,"render_busy_answers":0,"database":"{\"read_admission\":{\"active\":0,\"queued\":0,\"limit\":10},\"write_admission\":{\"active\":0,\"queued\":0,\"limit\":1},\"hash_admission\":{\"active\":0,\"queued\":0,\"limit\":10},\"report_admission\":{\"active\":0,\"queued\":0,\"limit\":2},\"writer\":{\"cache_bytes\":96512,\"statement_bytes\":542048,\"cache_hits\":1936,\"cache_misses\":49,\"cache_writes\":81},\"readers\":{\"idle\":10,\"connections\":[{\"cache_bytes\":5120,\"statement_bytes\":0,\"cache_hits\":1,\"cache_misses\":6,\"cache_writes\":0},{\"cache_bytes\":5120,\"statement_bytes\":0,\"cache_hits\":1,\"cache_misses\":6,\"cache_writes\":0},{\"cache_bytes\":5120,\"statement_bytes\":0,\"cache_hits\":1,\"cache_misses\":6,\"cache_writes\":0},{\"cache_bytes\":5120,\"statement_bytes\":0,\"cache_hits\":1,\"cache_misses\":6,\"cache_writes\":0},{\"cache_bytes\":5120,\"statement_bytes\":0,\"cache_hits\":1,\"cache_misses\":6,\"cache_writes\":0},{\"cache_bytes\":5120,\"statement_bytes\":0,\"cache_hits\":1,\"cache_misses\":6,\"cache_writes\":0},{\"cache_bytes\":5120,\"statement_bytes\":0,\"cache_hits\":1,\"cache_misses\":6,\"cache_writes\":0},{\"cache_bytes\":5120,\"statement_bytes\":0,\"cache_hits\":1,\"cache_misses\":6,\"cache_writes\":0},{\"cache_bytes\":5120,\"statement_bytes\":0,\"cache_hits\":1,\"cache_misses\":6,\"cache_writes\":0},{\"cache_bytes\":13824,\"statement_bytes\":351744,\"cache_hits\":25501,\"cache_misses\":2315,\"cache_writes\":0}]},\"sqlite_busy_errors\":0,\"blocking_threads\":0,\"blocking_threads_peak\":1,\"blocking_active\":0,\"blocking_queued\":0,\"scrypt_active\":0,\"scrypt_peak\":1}"},"target":"snowtime_axum"}
{"timestamp":"2026-10-08T10:34:20.679406Z","level":"INFO","fields":{"message":"bench counters","renderers":1,"render_queued":0,"render_busy_answers":0,"database":"{\"read_admission\":{\"active\":0,\"queued\":0,\"limit\":10},\"write_admission\":{\"active\":0,\"queued\":0,\"limit\":1},\"hash_admission\":{\"active\":1,\"queued\":0,\"limit\":10},\"report_admission\":{\"active\":0,\"queued\":0,\"limit\":2},\"writer\":{\"cache_bytes\":52992,\"statement_bytes\":6688,\"cache_hits\":23,\"cache_misses\":16,\"cache_writes\":9},\"readers\":{\"idle\":10,\"connections\":[{\"cache_bytes\":26880,\"statement_bytes\":0,\"cache_hits\":1,\"cache_misses\":6,\"cache_writes\":0},{\"cache_bytes\":26880,\"statement_bytes\":0,\"cache_hits\":1,\"cache_misses\":6,\"cache_writes\":0},{\"cache_bytes\":26880,\"statement_bytes\":0,\"cache_hits\":1,\"cache_misses\":6,\"cache_writes\":0},{\"cache_bytes\":26880,\"statement_bytes\":0,\"cache_hits\":1,\"cache_misses\":6,\"cache_writes\":0},{\"cache_bytes\":26880,\"statement_bytes\":0,\"cache_hits\":1,\"cache_misses\":6,\"cache_writes\":0},{\"cache_bytes\":26880,\"statement_bytes\":0,\"cache_hits\":1,\"cache_misses\":6,\"cache_writes\":0},{\"cache_bytes\":26880,\"statement_bytes\":0,\"cache_hits\":1,\"cache_misses\":6,\"cache_writes\":0},{\"cache_bytes\":26880,\"statement_bytes\":0,\"cache_hits\":1,\"cache_misses\":6,\"cache_writes\":0},{\"cache_bytes\":26880,\"statement_bytes\":0,\"cache_hits\":1,\"cache_misses\":6,\"cache_writes\":0},{\"cache_bytes\":26880,\"statement_bytes\":0,\"cache_hits\":1,\"cache_misses\":6,\"cache_writes\":0}]},\"sqlite_busy_errors\":0,\"blocking_threads\":1,\"blocking_threads_peak\":1,\"blocking_active\":0,\"blocking_queued\":0,\"scrypt_active\":1,\"scrypt_peak\":1}"},"target":"snowtime_axum"}
{"timestamp":"2026-10-08T10:34:20.817411Z","level":"INFO","fields":{"message":"bench counters","renderers":1,"render_queued":0,"render_busy_answers":0,"database":"{\"read_admission\":{\"active\":0,\"queued\":0,\"limit\":10},\"write_admission\":{\"active\":0,\"queued\":0,\"limit\":1},\"hash_admission\":{\"active\":0,\"queued\":0,\"limit\":10},\"report_admission\":{\"active\":0,\"queued\":0,\"limit\":2},\"writer\":{\"cache_bytes\":96512,\"statement_bytes\":542048,\"cache_hits\":1936,\"cache_misses\":49,\"cache_writes\":81},\"readers\":{\"idle\":10,\"connections\":[{\"cache_bytes\":5120,\"statement_bytes\":0,\"cache_hits\":1,\"cache_misses\":6,\"cache_writes\":0},{\"cache_bytes\":5120,\"statement_bytes\":0,\"cache_hits\":1,\"cache_misses\":6,\"cache_writes\":0},{\"cache_bytes\":5120,\"statement_bytes\":0,\"cache_hits\":1,\"cache_misses\":6,\"cache_writes\":0},{\"cache_bytes\":5120,\"statement_bytes\":0,\"cache_hits\":1,\"cache_misses\":6,\"cache_writes\":0},{\"cache_bytes\":5120,\"statement_bytes\":0,\"cache_hits\":1,\"cache_misses\":6,\"cache_writes\":0},{\"cache_bytes\":5120,\"statement_bytes\":0,\"cache_hits\":1,\"cache_misses\":6,\"cache_writes\":0},{\"cache_bytes\":5120,\"statement_bytes\":0,\"cache_hits\":1,\"cache_misses\":6,\"cache_writes\":0},{\"cache_bytes\":5120,\"statement_bytes\":0,\"cache_hits\":1,\"cache_misses\":6,\"cache_writes\":0},{\"cache_bytes\":5120,\"statement_bytes\":0,\"cache_hits\":1,\"cache_misses\":6,\"cache_writes\":0},{\"cache_bytes\":13824,\"statement_bytes\":351744,\"cache_hits\":25501,\"cache_misses\":2315,\"cache_writes\":0}]},\"sqlite_busy_errors\":0,\"blocking_threads\":0,\"blocking_threads_peak\":1,\"blocking_active\":0,\"blocking_queued\":0,\"scrypt_active\":0,\"scrypt_peak\":1}"},"target":"snowtime_axum"}
same bytes                 acceptInvitation new member: accept adds member (200, 45 bytes)
same bytes                 acceptInvitation new member: closed preview (200, 62 bytes)
same bytes                 acceptInvitation new member: member role (200, 5107 bytes)
same bytes                 acceptInvitation new member: team assignment (200, 1604 bytes)
same bytes                 acceptInvitation new member: repeat refuses (400, 74 bytes)
same bytes                 acceptInvitation new member: active organization (200, 1136 bytes)
{"timestamp":"2026-10-08T10:34:21.682242Z","level":"INFO","fields":{"message":"bench counters","renderers":1,"render_queued":0,"render_busy_answers":0,"database":"{\"read_admission\":{\"active\":0,\"queued\":0,\"limit\":10},\"write_admission\":{\"active\":0,\"queued\":0,\"limit\":1},\"hash_admission\":{\"active\":0,\"queued\":0,\"limit\":10},\"report_admission\":{\"active\":0,\"queued\":0,\"limit\":2},\"writer\":{\"cache_bytes\":113920,\"statement_bytes\":45568,\"cache_hits\":61,\"cache_misses\":30,\"cache_writes\":25},\"readers\":{\"idle\":10,\"connections\":[{\"cache_bytes\":26880,\"statement_bytes\":0,\"cache_hits\":1,\"cache_misses\":6,\"cache_writes\":0},{\"cache_bytes\":26880,\"statement_bytes\":0,\"cache_hits\":1,\"cache_misses\":6,\"cache_writes\":0},{\"cache_bytes\":26880,\"statement_bytes\":0,\"cache_hits\":1,\"cache_misses\":6,\"cache_writes\":0},{\"cache_bytes\":26880,\"statement_bytes\":0,\"cache_hits\":1,\"cache_misses\":6,\"cache_writes\":0},{\"cache_bytes\":26880,\"statement_bytes\":0,\"cache_hits\":1,\"cache_misses\":6,\"cache_writes\":0},{\"cache_bytes\":26880,\"statement_bytes\":0,\"cache_hits\":1,\"cache_misses\":6,\"cache_writes\":0},{\"cache_bytes\":26880,\"statement_bytes\":0,\"cache_hits\":1,\"cache_misses\":6,\"cache_writes\":0},{\"cache_bytes\":26880,\"statement_bytes\":0,\"cache_hits\":1,\"cache_misses\":6,\"cache_writes\":0},{\"cache_bytes\":26880,\"statement_bytes\":0,\"cache_hits\":1,\"cache_misses\":6,\"cache_writes\":0},{\"cache_bytes\":140032,\"statement_bytes\":58656,\"cache_hits\":64,\"cache_misses\":37,\"cache_writes\":0}]},\"sqlite_busy_errors\":0,\"blocking_threads\":1,\"blocking_threads_peak\":1,\"blocking_active\":0,\"blocking_queued\":0,\"scrypt_active\":0,\"scrypt_peak\":1}"},"target":"snowtime_axum"}
{"timestamp":"2026-10-08T10:34:21.820478Z","level":"INFO","fields":{"message":"bench counters","renderers":1,"render_queued":0,"render_busy_answers":0,"database":"{\"read_admission\":{\"active\":0,\"queued\":0,\"limit\":10},\"write_admission\":{\"active\":0,\"queued\":0,\"limit\":1},\"hash_admission\":{\"active\":0,\"queued\":0,\"limit\":10},\"report_admission\":{\"active\":0,\"queued\":0,\"limit\":2},\"writer\":{\"cache_bytes\":96512,\"statement_bytes\":542048,\"cache_hits\":1936,\"cache_misses\":49,\"cache_writes\":81},\"readers\":{\"idle\":10,\"connections\":[{\"cache_bytes\":5120,\"statement_bytes\":0,\"cache_hits\":1,\"cache_misses\":6,\"cache_writes\":0},{\"cache_bytes\":5120,\"statement_bytes\":0,\"cache_hits\":1,\"cache_misses\":6,\"cache_writes\":0},{\"cache_bytes\":5120,\"statement_bytes\":0,\"cache_hits\":1,\"cache_misses\":6,\"cache_writes\":0},{\"cache_bytes\":5120,\"statement_bytes\":0,\"cache_hits\":1,\"cache_misses\":6,\"cache_writes\":0},{\"cache_bytes\":5120,\"statement_bytes\":0,\"cache_hits\":1,\"cache_misses\":6,\"cache_writes\":0},{\"cache_bytes\":5120,\"statement_bytes\":0,\"cache_hits\":1,\"cache_misses\":6,\"cache_writes\":0},{\"cache_bytes\":5120,\"statement_bytes\":0,\"cache_hits\":1,\"cache_misses\":6,\"cache_writes\":0},{\"cache_bytes\":5120,\"statement_bytes\":0,\"cache_hits\":1,\"cache_misses\":6,\"cache_writes\":0},{\"cache_bytes\":5120,\"statement_bytes\":0,\"cache_hits\":1,\"cache_misses\":6,\"cache_writes\":0},{\"cache_bytes\":13824,\"statement_bytes\":351744,\"cache_hits\":25501,\"cache_misses\":2315,\"cache_writes\":0}]},\"sqlite_busy_errors\":0,\"blocking_threads\":0,\"blocking_threads_peak\":1,\"blocking_active\":0,\"blocking_queued\":0,\"scrypt_active\":0,\"scrypt_peak\":1}"},"target":"snowtime_axum"}
{"timestamp":"2026-10-08T10:34:22.683945Z","level":"INFO","fields":{"message":"bench counters","renderers":1,"render_queued":0,"render_busy_answers":0,"database":"{\"read_admission\":{\"active\":0,\"queued\":0,\"limit\":10},\"write_admission\":{\"active\":0,\"queued\":0,\"limit\":1},\"hash_admission\":{\"active\":0,\"queued\":0,\"limit\":10},\"report_admission\":{\"active\":0,\"queued\":0,\"limit\":2},\"writer\":{\"cache_bytes\":113920,\"statement_bytes\":45568,\"cache_hits\":61,\"cache_misses\":30,\"cache_writes\":25},\"readers\":{\"idle\":10,\"connections\":[{\"cache_bytes\":26880,\"statement_bytes\":0,\"cache_hits\":1,\"cache_misses\":6,\"cache_writes\":0},{\"cache_bytes\":26880,\"statement_bytes\":0,\"cache_hits\":1,\"cache_misses\":6,\"cache_writes\":0},{\"cache_bytes\":26880,\"statement_bytes\":0,\"cache_hits\":1,\"cache_misses\":6,\"cache_writes\":0},{\"cache_bytes\":26880,\"statement_bytes\":0,\"cache_hits\":1,\"cache_misses\":6,\"cache_writes\":0},{\"cache_bytes\":26880,\"statement_bytes\":0,\"cache_hits\":1,\"cache_misses\":6,\"cache_writes\":0},{\"cache_bytes\":26880,\"statement_bytes\":0,\"cache_hits\":1,\"cache_misses\":6,\"cache_writes\":0},{\"cache_bytes\":26880,\"statement_bytes\":0,\"cache_hits\":1,\"cache_misses\":6,\"cache_writes\":0},{\"cache_bytes\":26880,\"statement_bytes\":0,\"cache_hits\":1,\"cache_misses\":6,\"cache_writes\":0},{\"cache_bytes\":26880,\"statement_bytes\":0,\"cache_hits\":1,\"cache_misses\":6,\"cache_writes\":0},{\"cache_bytes\":140032,\"statement_bytes\":58656,\"cache_hits\":64,\"cache_misses\":37,\"cache_writes\":0}]},\"sqlite_busy_errors\":0,\"blocking_threads\":1,\"blocking_threads_peak\":1,\"blocking_active\":0,\"blocking_queued\":0,\"scrypt_active\":0,\"scrypt_peak\":1}"},"target":"snowtime_axum"}
{"timestamp":"2026-10-08T10:34:22.822301Z","level":"INFO","fields":{"message":"bench counters","renderers":1,"render_queued":0,"render_busy_answers":0,"database":"{\"read_admission\":{\"active\":0,\"queued\":0,\"limit\":10},\"write_admission\":{\"active\":0,\"queued\":0,\"limit\":1},\"hash_admission\":{\"active\":0,\"queued\":0,\"limit\":10},\"report_admission\":{\"active\":0,\"queued\":0,\"limit\":2},\"writer\":{\"cache_bytes\":96512,\"statement_bytes\":542048,\"cache_hits\":1936,\"cache_misses\":49,\"cache_writes\":81},\"readers\":{\"idle\":10,\"connections\":[{\"cache_bytes\":5120,\"statement_bytes\":0,\"cache_hits\":1,\"cache_misses\":6,\"cache_writes\":0},{\"cache_bytes\":5120,\"statement_bytes\":0,\"cache_hits\":1,\"cache_misses\":6,\"cache_writes\":0},{\"cache_bytes\":5120,\"statement_bytes\":0,\"cache_hits\":1,\"cache_misses\":6,\"cache_writes\":0},{\"cache_bytes\":5120,\"statement_bytes\":0,\"cache_hits\":1,\"cache_misses\":6,\"cache_writes\":0},{\"cache_bytes\":5120,\"statement_bytes\":0,\"cache_hits\":1,\"cache_misses\":6,\"cache_writes\":0},{\"cache_bytes\":5120,\"statement_bytes\":0,\"cache_hits\":1,\"cache_misses\":6,\"cache_writes\":0},{\"cache_bytes\":5120,\"statement_bytes\":0,\"cache_hits\":1,\"cache_misses\":6,\"cache_writes\":0},{\"cache_bytes\":5120,\"statement_bytes\":0,\"cache_hits\":1,\"cache_misses\":6,\"cache_writes\":0},{\"cache_bytes\":5120,\"statement_bytes\":0,\"cache_hits\":1,\"cache_misses\":6,\"cache_writes\":0},{\"cache_bytes\":13824,\"statement_bytes\":351744,\"cache_hits\":25501,\"cache_misses\":2315,\"cache_writes\":0}]},\"sqlite_busy_errors\":0,\"blocking_threads\":0,\"blocking_threads_peak\":1,\"blocking_active\":0,\"blocking_queued\":0,\"scrypt_active\":0,\"scrypt_peak\":1}"},"target":"snowtime_axum"}
{"timestamp":"2026-10-08T10:34:23.686382Z","level":"INFO","fields":{"message":"bench counters","renderers":1,"render_queued":0,"render_busy_answers":0,"database":"{\"read_admission\":{\"active\":0,\"queued\":0,\"limit\":10},\"write_admission\":{\"active\":0,\"queued\":0,\"limit\":1},\"hash_admission\":{\"active\":0,\"queued\":0,\"limit\":10},\"report_admission\":{\"active\":0,\"queued\":0,\"limit\":2},\"writer\":{\"cache_bytes\":113920,\"statement_bytes\":45568,\"cache_hits\":61,\"cache_misses\":30,\"cache_writes\":25},\"readers\":{\"idle\":10,\"connections\":[{\"cache_bytes\":26880,\"statement_bytes\":0,\"cache_hits\":1,\"cache_misses\":6,\"cache_writes\":0},{\"cache_bytes\":26880,\"statement_bytes\":0,\"cache_hits\":1,\"cache_misses\":6,\"cache_writes\":0},{\"cache_bytes\":26880,\"statement_bytes\":0,\"cache_hits\":1,\"cache_misses\":6,\"cache_writes\":0},{\"cache_bytes\":26880,\"statement_bytes\":0,\"cache_hits\":1,\"cache_misses\":6,\"cache_writes\":0},{\"cache_bytes\":26880,\"statement_bytes\":0,\"cache_hits\":1,\"cache_misses\":6,\"cache_writes\":0},{\"cache_bytes\":26880,\"statement_bytes\":0,\"cache_hits\":1,\"cache_misses\":6,\"cache_writes\":0},{\"cache_bytes\":26880,\"statement_bytes\":0,\"cache_hits\":1,\"cache_misses\":6,\"cache_writes\":0},{\"cache_bytes\":26880,\"statement_bytes\":0,\"cache_hits\":1,\"cache_misses\":6,\"cache_writes\":0},{\"cache_bytes\":26880,\"statement_bytes\":0,\"cache_hits\":1,\"cache_misses\":6,\"cache_writes\":0},{\"cache_bytes\":140032,\"statement_bytes\":58656,\"cache_hits\":64,\"cache_misses\":37,\"cache_writes\":0}]},\"sqlite_busy_errors\":0,\"blocking_threads\":1,\"blocking_threads_peak\":1,\"blocking_active\":0,\"blocking_queued\":0,\"scrypt_active\":0,\"scrypt_peak\":1}"},"target":"snowtime_axum"}
{"timestamp":"2026-10-08T10:34:23.824657Z","level":"INFO","fields":{"message":"bench counters","renderers":1,"render_queued":0,"render_busy_answers":0,"database":"{\"read_admission\":{\"active\":0,\"queued\":0,\"limit\":10},\"write_admission\":{\"active\":0,\"queued\":0,\"limit\":1},\"hash_admission\":{\"active\":0,\"queued\":0,\"limit\":10},\"report_admission\":{\"active\":0,\"queued\":0,\"limit\":2},\"writer\":{\"cache_bytes\":96512,\"statement_bytes\":542048,\"cache_hits\":1936,\"cache_misses\":49,\"cache_writes\":81},\"readers\":{\"idle\":10,\"connections\":[{\"cache_bytes\":5120,\"statement_bytes\":0,\"cache_hits\":1,\"cache_misses\":6,\"cache_writes\":0},{\"cache_bytes\":5120,\"statement_bytes\":0,\"cache_hits\":1,\"cache_misses\":6,\"cache_writes\":0},{\"cache_bytes\":5120,\"statement_bytes\":0,\"cache_hits\":1,\"cache_misses\":6,\"cache_writes\":0},{\"cache_bytes\":5120,\"statement_bytes\":0,\"cache_hits\":1,\"cache_misses\":6,\"cache_writes\":0},{\"cache_bytes\":5120,\"statement_bytes\":0,\"cache_hits\":1,\"cache_misses\":6,\"cache_writes\":0},{\"cache_bytes\":5120,\"statement_bytes\":0,\"cache_hits\":1,\"cache_misses\":6,\"cache_writes\":0},{\"cache_bytes\":5120,\"statement_bytes\":0,\"cache_hits\":1,\"cache_misses\":6,\"cache_writes\":0},{\"cache_bytes\":5120,\"statement_bytes\":0,\"cache_hits\":1,\"cache_misses\":6,\"cache_writes\":0},{\"cache_bytes\":5120,\"statement_bytes\":0,\"cache_hits\":1,\"cache_misses\":6,\"cache_writes\":0},{\"cache_bytes\":13824,\"statement_bytes\":351744,\"cache_hits\":25501,\"cache_misses\":2315,\"cache_writes\":0}]},\"sqlite_busy_errors\":0,\"blocking_threads\":0,\"blocking_threads_peak\":1,\"blocking_active\":0,\"blocking_queued\":0,\"scrypt_active\":0,\"scrypt_peak\":1}"},"target":"snowtime_axum"}
{"timestamp":"2026-10-08T10:34:24.827079Z","level":"INFO","fields":{"message":"bench counters","renderers":1,"render_queued":0,"render_busy_answers":0,"database":"{\"read_admission\":{\"active\":0,\"queued\":0,\"limit\":10},\"write_admission\":{\"active\":0,\"queued\":0,\"limit\":1},\"hash_admission\":{\"active\":0,\"queued\":0,\"limit\":10},\"report_admission\":{\"active\":0,\"queued\":0,\"limit\":2},\"writer\":{\"cache_bytes\":96512,\"statement_bytes\":542048,\"cache_hits\":1936,\"cache_misses\":49,\"cache_writes\":81},\"readers\":{\"idle\":10,\"connections\":[{\"cache_bytes\":5120,\"statement_bytes\":0,\"cache_hits\":1,\"cache_misses\":6,\"cache_writes\":0},{\"cache_bytes\":5120,\"statement_bytes\":0,\"cache_hits\":1,\"cache_misses\":6,\"cache_writes\":0},{\"cache_bytes\":5120,\"statement_bytes\":0,\"cache_hits\":1,\"cache_misses\":6,\"cache_writes\":0},{\"cache_bytes\":5120,\"statement_bytes\":0,\"cache_hits\":1,\"cache_misses\":6,\"cache_writes\":0},{\"cache_bytes\":5120,\"statement_bytes\":0,\"cache_hits\":1,\"cache_misses\":6,\"cache_writes\":0},{\"cache_bytes\":5120,\"statement_bytes\":0,\"cache_hits\":1,\"cache_misses\":6,\"cache_writes\":0},{\"cache_bytes\":5120,\"statement_bytes\":0,\"cache_hits\":1,\"cache_misses\":6,\"cache_writes\":0},{\"cache_bytes\":5120,\"statement_bytes\":0,\"cache_hits\":1,\"cache_misses\":6,\"cache_writes\":0},{\"cache_bytes\":5120,\"statement_bytes\":0,\"cache_hits\":1,\"cache_misses\":6,\"cache_writes\":0},{\"cache_bytes\":13824,\"statement_bytes\":351744,\"cache_hits\":25501,\"cache_misses\":2315,\"cache_writes\":0}]},\"sqlite_busy_errors\":0,\"blocking_threads\":0,\"blocking_threads_peak\":1,\"blocking_active\":0,\"blocking_queued\":0,\"scrypt_active\":0,\"scrypt_peak\":1}"},"target":"snowtime_axum"}
{"timestamp":"2026-10-08T10:34:24.954628Z","level":"INFO","fields":{"message":"sized the renderers","limit_mib":32768,"source":"physical memory","cpus":10,"renderers":10,"heap_mib":128,"semi_space_mib":32},"target":"snowtime_axum"}
{"timestamp":"2026-10-08T10:34:24.955246Z","level":"INFO","fields":{"message":"listening","address":"127.0.0.1:64759","tls":false},"target":"snowtime_axum"}
{"timestamp":"2026-10-08T10:34:25.829430Z","level":"INFO","fields":{"message":"bench counters","renderers":1,"render_queued":0,"render_busy_answers":0,"database":"{\"read_admission\":{\"active\":0,\"queued\":0,\"limit\":10},\"write_admission\":{\"active\":0,\"queued\":0,\"limit\":1},\"hash_admission\":{\"active\":0,\"queued\":0,\"limit\":10},\"report_admission\":{\"active\":0,\"queued\":0,\"limit\":2},\"writer\":{\"cache_bytes\":96512,\"statement_bytes\":542048,\"cache_hits\":1936,\"cache_misses\":49,\"cache_writes\":81},\"readers\":{\"idle\":10,\"connections\":[{\"cache_bytes\":5120,\"statement_bytes\":0,\"cache_hits\":1,\"cache_misses\":6,\"cache_writes\":0},{\"cache_bytes\":5120,\"statement_bytes\":0,\"cache_hits\":1,\"cache_misses\":6,\"cache_writes\":0},{\"cache_bytes\":5120,\"statement_bytes\":0,\"cache_hits\":1,\"cache_misses\":6,\"cache_writes\":0},{\"cache_bytes\":5120,\"statement_bytes\":0,\"cache_hits\":1,\"cache_misses\":6,\"cache_writes\":0},{\"cache_bytes\":5120,\"statement_bytes\":0,\"cache_hits\":1,\"cache_misses\":6,\"cache_writes\":0},{\"cache_bytes\":5120,\"statement_bytes\":0,\"cache_hits\":1,\"cache_misses\":6,\"cache_writes\":0},{\"cache_bytes\":5120,\"statement_bytes\":0,\"cache_hits\":1,\"cache_misses\":6,\"cache_writes\":0},{\"cache_bytes\":5120,\"statement_bytes\":0,\"cache_hits\":1,\"cache_misses\":6,\"cache_writes\":0},{\"cache_bytes\":5120,\"statement_bytes\":0,\"cache_hits\":1,\"cache_misses\":6,\"cache_writes\":0},{\"cache_bytes\":13824,\"statement_bytes\":351744,\"cache_hits\":25501,\"cache_misses\":2315,\"cache_writes\":0}]},\"sqlite_busy_errors\":0,\"blocking_threads\":0,\"blocking_threads_peak\":1,\"blocking_active\":0,\"blocking_queued\":0,\"scrypt_active\":0,\"scrypt_peak\":1}"},"target":"snowtime_axum"}
{"timestamp":"2026-10-08T10:34:25.956978Z","level":"INFO","fields":{"message":"bench counters","renderers":1,"render_queued":0,"render_busy_answers":0,"database":"{\"read_admission\":{\"active\":0,\"queued\":0,\"limit\":10},\"write_admission\":{\"active\":0,\"queued\":0,\"limit\":1},\"hash_admission\":{\"active\":1,\"queued\":0,\"limit\":10},\"report_admission\":{\"active\":0,\"queued\":0,\"limit\":2},\"writer\":{\"cache_bytes\":52992,\"statement_bytes\":6688,\"cache_hits\":23,\"cache_misses\":16,\"cache_writes\":9},\"readers\":{\"idle\":10,\"connections\":[{\"cache_bytes\":26880,\"statement_bytes\":0,\"cache_hits\":1,\"cache_misses\":6,\"cache_writes\":0},{\"cache_bytes\":26880,\"statement_bytes\":0,\"cache_hits\":1,\"cache_misses\":6,\"cache_writes\":0},{\"cache_bytes\":26880,\"statement_bytes\":0,\"cache_hits\":1,\"cache_misses\":6,\"cache_writes\":0},{\"cache_bytes\":26880,\"statement_bytes\":0,\"cache_hits\":1,\"cache_misses\":6,\"cache_writes\":0},{\"cache_bytes\":26880,\"statement_bytes\":0,\"cache_hits\":1,\"cache_misses\":6,\"cache_writes\":0},{\"cache_bytes\":26880,\"statement_bytes\":0,\"cache_hits\":1,\"cache_misses\":6,\"cache_writes\":0},{\"cache_bytes\":26880,\"statement_bytes\":0,\"cache_hits\":1,\"cache_misses\":6,\"cache_writes\":0},{\"cache_bytes\":26880,\"statement_bytes\":0,\"cache_hits\":1,\"cache_misses\":6,\"cache_writes\":0},{\"cache_bytes\":26880,\"statement_bytes\":0,\"cache_hits\":1,\"cache_misses\":6,\"cache_writes\":0},{\"cache_bytes\":26880,\"statement_bytes\":0,\"cache_hits\":1,\"cache_misses\":6,\"cache_writes\":0}]},\"sqlite_busy_errors\":0,\"blocking_threads\":1,\"blocking_threads_peak\":1,\"blocking_active\":0,\"blocking_queued\":0,\"scrypt_active\":1,\"scrypt_peak\":1}"},"target":"snowtime_axum"}
same bytes                 authAcceptInvitation refusals: wrong recipient (403, 110 bytes)
same bytes                 authAcceptInvitation refusals: unknown invitation (400, 64 bytes)
same bytes                 authAcceptInvitation refusals: signed out (401, 48 bytes)
same bytes                 authAcceptInvitation refusals: malformed JSON (400, 63 bytes)
same bytes                 authAcceptInvitation refusals: origin refusal (403, 68 bytes)
same bytes                 authAcceptInvitation refusals: refusals preserve pending state (200, 256 bytes)
{"timestamp":"2026-10-08T10:34:26.832403Z","level":"INFO","fields":{"message":"bench counters","renderers":1,"render_queued":0,"render_busy_answers":0,"database":"{\"read_admission\":{\"active\":0,\"queued\":0,\"limit\":10},\"write_admission\":{\"active\":0,\"queued\":0,\"limit\":1},\"hash_admission\":{\"active\":0,\"queued\":0,\"limit\":10},\"report_admission\":{\"active\":0,\"queued\":0,\"limit\":2},\"writer\":{\"cache_bytes\":96512,\"statement_bytes\":542048,\"cache_hits\":1936,\"cache_misses\":49,\"cache_writes\":81},\"readers\":{\"idle\":10,\"connections\":[{\"cache_bytes\":5120,\"statement_bytes\":0,\"cache_hits\":1,\"cache_misses\":6,\"cache_writes\":0},{\"cache_bytes\":5120,\"statement_bytes\":0,\"cache_hits\":1,\"cache_misses\":6,\"cache_writes\":0},{\"cache_bytes\":5120,\"statement_bytes\":0,\"cache_hits\":1,\"cache_misses\":6,\"cache_writes\":0},{\"cache_bytes\":5120,\"statement_bytes\":0,\"cache_hits\":1,\"cache_misses\":6,\"cache_writes\":0},{\"cache_bytes\":5120,\"statement_bytes\":0,\"cache_hits\":1,\"cache_misses\":6,\"cache_writes\":0},{\"cache_bytes\":5120,\"statement_bytes\":0,\"cache_hits\":1,\"cache_misses\":6,\"cache_writes\":0},{\"cache_bytes\":5120,\"statement_bytes\":0,\"cache_hits\":1,\"cache_misses\":6,\"cache_writes\":0},{\"cache_bytes\":5120,\"statement_bytes\":0,\"cache_hits\":1,\"cache_misses\":6,\"cache_writes\":0},{\"cache_bytes\":5120,\"statement_bytes\":0,\"cache_hits\":1,\"cache_misses\":6,\"cache_writes\":0},{\"cache_bytes\":13824,\"statement_bytes\":351744,\"cache_hits\":25501,\"cache_misses\":2315,\"cache_writes\":0}]},\"sqlite_busy_errors\":0,\"blocking_threads\":0,\"blocking_threads_peak\":1,\"blocking_active\":0,\"blocking_queued\":0,\"scrypt_active\":0,\"scrypt_peak\":1}"},"target":"snowtime_axum"}
{"timestamp":"2026-10-08T10:34:26.958808Z","level":"INFO","fields":{"message":"bench counters","renderers":1,"render_queued":0,"render_busy_answers":0,"database":"{\"read_admission\":{\"active\":0,\"queued\":0,\"limit\":10},\"write_admission\":{\"active\":0,\"queued\":0,\"limit\":1},\"hash_admission\":{\"active\":0,\"queued\":0,\"limit\":10},\"report_admission\":{\"active\":0,\"queued\":0,\"limit\":2},\"writer\":{\"cache_bytes\":61696,\"statement_bytes\":19680,\"cache_hits\":46,\"cache_misses\":18,\"cache_writes\":13},\"readers\":{\"idle\":10,\"connections\":[{\"cache_bytes\":26880,\"statement_bytes\":0,\"cache_hits\":1,\"cache_misses\":6,\"cache_writes\":0},{\"cache_bytes\":26880,\"statement_bytes\":0,\"cache_hits\":1,\"cache_misses\":6,\"cache_writes\":0},{\"cache_bytes\":26880,\"statement_bytes\":0,\"cache_hits\":1,\"cache_misses\":6,\"cache_writes\":0},{\"cache_bytes\":26880,\"statement_bytes\":0,\"cache_hits\":1,\"cache_misses\":6,\"cache_writes\":0},{\"cache_bytes\":26880,\"statement_bytes\":0,\"cache_hits\":1,\"cache_misses\":6,\"cache_writes\":0},{\"cache_bytes\":26880,\"statement_bytes\":0,\"cache_hits\":1,\"cache_misses\":6,\"cache_writes\":0},{\"cache_bytes\":26880,\"statement_bytes\":0,\"cache_hits\":1,\"cache_misses\":6,\"cache_writes\":0},{\"cache_bytes\":26880,\"statement_bytes\":0,\"cache_hits\":1,\"cache_misses\":6,\"cache_writes\":0},{\"cache_bytes\":26880,\"statement_bytes\":0,\"cache_hits\":1,\"cache_misses\":6,\"cache_writes\":0},{\"cache_bytes\":44288,\"statement_bytes\":8192,\"cache_hits\":1,\"cache_misses\":15,\"cache_writes\":0}]},\"sqlite_busy_errors\":0,\"blocking_threads\":1,\"blocking_threads_peak\":1,\"blocking_active\":0,\"blocking_queued\":0,\"scrypt_active\":0,\"scrypt_peak\":1}"},"target":"snowtime_axum"}
{"timestamp":"2026-10-08T10:34:27.835401Z","level":"INFO","fields":{"message":"bench counters","renderers":1,"render_queued":0,"render_busy_answers":0,"database":"{\"read_admission\":{\"active\":0,\"queued\":0,\"limit\":10},\"write_admission\":{\"active\":0,\"queued\":0,\"limit\":1},\"hash_admission\":{\"active\":0,\"queued\":0,\"limit\":10},\"report_admission\":{\"active\":0,\"queued\":0,\"limit\":2},\"writer\":{\"cache_bytes\":96512,\"statement_bytes\":542048,\"cache_hits\":1936,\"cache_misses\":49,\"cache_writes\":81},\"readers\":{\"idle\":10,\"connections\":[{\"cache_bytes\":5120,\"statement_bytes\":0,\"cache_hits\":1,\"cache_misses\":6,\"cache_writes\":0},{\"cache_bytes\":5120,\"statement_bytes\":0,\"cache_hits\":1,\"cache_misses\":6,\"cache_writes\":0},{\"cache_bytes\":5120,\"statement_bytes\":0,\"cache_hits\":1,\"cache_misses\":6,\"cache_writes\":0},{\"cache_bytes\":5120,\"statement_bytes\":0,\"cache_hits\":1,\"cache_misses\":6,\"cache_writes\":0},{\"cache_bytes\":5120,\"statement_bytes\":0,\"cache_hits\":1,\"cache_misses\":6,\"cache_writes\":0},{\"cache_bytes\":5120,\"statement_bytes\":0,\"cache_hits\":1,\"cache_misses\":6,\"cache_writes\":0},{\"cache_bytes\":5120,\"statement_bytes\":0,\"cache_hits\":1,\"cache_misses\":6,\"cache_writes\":0},{\"cache_bytes\":5120,\"statement_bytes\":0,\"cache_hits\":1,\"cache_misses\":6,\"cache_writes\":0},{\"cache_bytes\":5120,\"statement_bytes\":0,\"cache_hits\":1,\"cache_misses\":6,\"cache_writes\":0},{\"cache_bytes\":13824,\"statement_bytes\":351744,\"cache_hits\":25501,\"cache_misses\":2315,\"cache_writes\":0}]},\"sqlite_busy_errors\":0,\"blocking_threads\":0,\"blocking_threads_peak\":1,\"blocking_active\":0,\"blocking_queued\":0,\"scrypt_active\":0,\"scrypt_peak\":1}"},"target":"snowtime_axum"}
{"timestamp":"2026-10-08T10:34:27.961086Z","level":"INFO","fields":{"message":"bench counters","renderers":1,"render_queued":0,"render_busy_answers":0,"database":"{\"read_admission\":{\"active\":0,\"queued\":0,\"limit\":10},\"write_admission\":{\"active\":0,\"queued\":0,\"limit\":1},\"hash_admission\":{\"active\":0,\"queued\":0,\"limit\":10},\"report_admission\":{\"active\":0,\"queued\":0,\"limit\":2},\"writer\":{\"cache_bytes\":61696,\"statement_bytes\":19680,\"cache_hits\":46,\"cache_misses\":18,\"cache_writes\":13},\"readers\":{\"idle\":10,\"connections\":[{\"cache_bytes\":26880,\"statement_bytes\":0,\"cache_hits\":1,\"cache_misses\":6,\"cache_writes\":0},{\"cache_bytes\":26880,\"statement_bytes\":0,\"cache_hits\":1,\"cache_misses\":6,\"cache_writes\":0},{\"cache_bytes\":26880,\"statement_bytes\":0,\"cache_hits\":1,\"cache_misses\":6,\"cache_writes\":0},{\"cache_bytes\":26880,\"statement_bytes\":0,\"cache_hits\":1,\"cache_misses\":6,\"cache_writes\":0},{\"cache_bytes\":26880,\"statement_bytes\":0,\"cache_hits\":1,\"cache_misses\":6,\"cache_writes\":0},{\"cache_bytes\":26880,\"statement_bytes\":0,\"cache_hits\":1,\"cache_misses\":6,\"cache_writes\":0},{\"cache_bytes\":26880,\"statement_bytes\":0,\"cache_hits\":1,\"cache_misses\":6,\"cache_writes\":0},{\"cache_bytes\":26880,\"statement_bytes\":0,\"cache_hits\":1,\"cache_misses\":6,\"cache_writes\":0},{\"cache_bytes\":26880,\"statement_bytes\":0,\"cache_hits\":1,\"cache_misses\":6,\"cache_writes\":0},{\"cache_bytes\":44288,\"statement_bytes\":8192,\"cache_hits\":1,\"cache_misses\":15,\"cache_writes\":0}]},\"sqlite_busy_errors\":0,\"blocking_threads\":1,\"blocking_threads_peak\":1,\"blocking_active\":0,\"blocking_queued\":0,\"scrypt_active\":0,\"scrypt_peak\":1}"},"target":"snowtime_axum"}
{"timestamp":"2026-10-08T10:34:28.838250Z","level":"INFO","fields":{"message":"bench counters","renderers":1,"render_queued":0,"render_busy_answers":0,"database":"{\"read_admission\":{\"active\":0,\"queued\":0,\"limit\":10},\"write_admission\":{\"active\":0,\"queued\":0,\"limit\":1},\"hash_admission\":{\"active\":0,\"queued\":0,\"limit\":10},\"report_admission\":{\"active\":0,\"queued\":0,\"limit\":2},\"writer\":{\"cache_bytes\":96512,\"statement_bytes\":542048,\"cache_hits\":1936,\"cache_misses\":49,\"cache_writes\":81},\"readers\":{\"idle\":10,\"connections\":[{\"cache_bytes\":5120,\"statement_bytes\":0,\"cache_hits\":1,\"cache_misses\":6,\"cache_writes\":0},{\"cache_bytes\":5120,\"statement_bytes\":0,\"cache_hits\":1,\"cache_misses\":6,\"cache_writes\":0},{\"cache_bytes\":5120,\"statement_bytes\":0,\"cache_hits\":1,\"cache_misses\":6,\"cache_writes\":0},{\"cache_bytes\":5120,\"statement_bytes\":0,\"cache_hits\":1,\"cache_misses\":6,\"cache_writes\":0},{\"cache_bytes\":5120,\"statement_bytes\":0,\"cache_hits\":1,\"cache_misses\":6,\"cache_writes\":0},{\"cache_bytes\":5120,\"statement_bytes\":0,\"cache_hits\":1,\"cache_misses\":6,\"cache_writes\":0},{\"cache_bytes\":5120,\"statement_bytes\":0,\"cache_hits\":1,\"cache_misses\":6,\"cache_writes\":0},{\"cache_bytes\":5120,\"statement_bytes\":0,\"cache_hits\":1,\"cache_misses\":6,\"cache_writes\":0},{\"cache_bytes\":5120,\"statement_bytes\":0,\"cache_hits\":1,\"cache_misses\":6,\"cache_writes\":0},{\"cache_bytes\":13824,\"statement_bytes\":351744,\"cache_hits\":25501,\"cache_misses\":2315,\"cache_writes\":0}]},\"sqlite_busy_errors\":0,\"blocking_threads\":0,\"blocking_threads_peak\":1,\"blocking_active\":0,\"blocking_queued\":0,\"scrypt_active\":0,\"scrypt_peak\":1}"},"target":"snowtime_axum"}
{"timestamp":"2026-10-08T10:34:28.963722Z","level":"INFO","fields":{"message":"bench counters","renderers":1,"render_queued":0,"render_busy_answers":0,"database":"{\"read_admission\":{\"active\":0,\"queued\":0,\"limit\":10},\"write_admission\":{\"active\":0,\"queued\":0,\"limit\":1},\"hash_admission\":{\"active\":0,\"queued\":0,\"limit\":10},\"report_admission\":{\"active\":0,\"queued\":0,\"limit\":2},\"writer\":{\"cache_bytes\":61696,\"statement_bytes\":19680,\"cache_hits\":46,\"cache_misses\":18,\"cache_writes\":13},\"readers\":{\"idle\":10,\"connections\":[{\"cache_bytes\":26880,\"statement_bytes\":0,\"cache_hits\":1,\"cache_misses\":6,\"cache_writes\":0},{\"cache_bytes\":26880,\"statement_bytes\":0,\"cache_hits\":1,\"cache_misses\":6,\"cache_writes\":0},{\"cache_bytes\":26880,\"statement_bytes\":0,\"cache_hits\":1,\"cache_misses\":6,\"cache_writes\":0},{\"cache_bytes\":26880,\"statement_bytes\":0,\"cache_hits\":1,\"cache_misses\":6,\"cache_writes\":0},{\"cache_bytes\":26880,\"statement_bytes\":0,\"cache_hits\":1,\"cache_misses\":6,\"cache_writes\":0},{\"cache_bytes\":26880,\"statement_bytes\":0,\"cache_hits\":1,\"cache_misses\":6,\"cache_writes\":0},{\"cache_bytes\":26880,\"statement_bytes\":0,\"cache_hits\":1,\"cache_misses\":6,\"cache_writes\":0},{\"cache_bytes\":26880,\"statement_bytes\":0,\"cache_hits\":1,\"cache_misses\":6,\"cache_writes\":0},{\"cache_bytes\":26880,\"statement_bytes\":0,\"cache_hits\":1,\"cache_misses\":6,\"cache_writes\":0},{\"cache_bytes\":44288,\"statement_bytes\":8192,\"cache_hits\":1,\"cache_misses\":15,\"cache_writes\":0}]},\"sqlite_busy_errors\":0,\"blocking_threads\":1,\"blocking_threads_peak\":1,\"blocking_active\":0,\"blocking_queued\":0,\"scrypt_active\":0,\"scrypt_peak\":1}"},"target":"snowtime_axum"}
{"timestamp":"2026-10-08T10:34:29.841160Z","level":"INFO","fields":{"message":"bench counters","renderers":1,"render_queued":0,"render_busy_answers":0,"database":"{\"read_admission\":{\"active\":0,\"queued\":0,\"limit\":10},\"write_admission\":{\"active\":0,\"queued\":0,\"limit\":1},\"hash_admission\":{\"active\":0,\"queued\":0,\"limit\":10},\"report_admission\":{\"active\":0,\"queued\":0,\"limit\":2},\"writer\":{\"cache_bytes\":96512,\"statement_bytes\":542048,\"cache_hits\":1936,\"cache_misses\":49,\"cache_writes\":81},\"readers\":{\"idle\":10,\"connections\":[{\"cache_bytes\":5120,\"statement_bytes\":0,\"cache_hits\":1,\"cache_misses\":6,\"cache_writes\":0},{\"cache_bytes\":5120,\"statement_bytes\":0,\"cache_hits\":1,\"cache_misses\":6,\"cache_writes\":0},{\"cache_bytes\":5120,\"statement_bytes\":0,\"cache_hits\":1,\"cache_misses\":6,\"cache_writes\":0},{\"cache_bytes\":5120,\"statement_bytes\":0,\"cache_hits\":1,\"cache_misses\":6,\"cache_writes\":0},{\"cache_bytes\":5120,\"statement_bytes\":0,\"cache_hits\":1,\"cache_misses\":6,\"cache_writes\":0},{\"cache_bytes\":5120,\"statement_bytes\":0,\"cache_hits\":1,\"cache_misses\":6,\"cache_writes\":0},{\"cache_bytes\":5120,\"statement_bytes\":0,\"cache_hits\":1,\"cache_misses\":6,\"cache_writes\":0},{\"cache_bytes\":5120,\"statement_bytes\":0,\"cache_hits\":1,\"cache_misses\":6,\"cache_writes\":0},{\"cache_bytes\":5120,\"statement_bytes\":0,\"cache_hits\":1,\"cache_misses\":6,\"cache_writes\":0},{\"cache_bytes\":13824,\"statement_bytes\":351744,\"cache_hits\":25501,\"cache_misses\":2315,\"cache_writes\":0}]},\"sqlite_busy_errors\":0,\"blocking_threads\":0,\"blocking_threads_peak\":1,\"blocking_active\":0,\"blocking_queued\":0,\"scrypt_active\":0,\"scrypt_peak\":1}"},"target":"snowtime_axum"}
{"timestamp":"2026-10-08T10:34:30.225397Z","level":"INFO","fields":{"message":"sized the renderers","limit_mib":32768,"source":"physical memory","cpus":10,"renderers":10,"heap_mib":128,"semi_space_mib":32},"target":"snowtime_axum"}
{"timestamp":"2026-10-08T10:34:30.226094Z","level":"INFO","fields":{"message":"listening","address":"127.0.0.1:64766","tls":false},"target":"snowtime_axum"}
{"timestamp":"2026-10-08T10:34:30.844213Z","level":"INFO","fields":{"message":"bench counters","renderers":1,"render_queued":0,"render_busy_answers":0,"database":"{\"read_admission\":{\"active\":0,\"queued\":0,\"limit\":10},\"write_admission\":{\"active\":0,\"queued\":0,\"limit\":1},\"hash_admission\":{\"active\":0,\"queued\":0,\"limit\":10},\"report_admission\":{\"active\":0,\"queued\":0,\"limit\":2},\"writer\":{\"cache_bytes\":96512,\"statement_bytes\":542048,\"cache_hits\":1936,\"cache_misses\":49,\"cache_writes\":81},\"readers\":{\"idle\":10,\"connections\":[{\"cache_bytes\":5120,\"statement_bytes\":0,\"cache_hits\":1,\"cache_misses\":6,\"cache_writes\":0},{\"cache_bytes\":5120,\"statement_bytes\":0,\"cache_hits\":1,\"cache_misses\":6,\"cache_writes\":0},{\"cache_bytes\":5120,\"statement_bytes\":0,\"cache_hits\":1,\"cache_misses\":6,\"cache_writes\":0},{\"cache_bytes\":5120,\"statement_bytes\":0,\"cache_hits\":1,\"cache_misses\":6,\"cache_writes\":0},{\"cache_bytes\":5120,\"statement_bytes\":0,\"cache_hits\":1,\"cache_misses\":6,\"cache_writes\":0},{\"cache_bytes\":5120,\"statement_bytes\":0,\"cache_hits\":1,\"cache_misses\":6,\"cache_writes\":0},{\"cache_bytes\":5120,\"statement_bytes\":0,\"cache_hits\":1,\"cache_misses\":6,\"cache_writes\":0},{\"cache_bytes\":5120,\"statement_bytes\":0,\"cache_hits\":1,\"cache_misses\":6,\"cache_writes\":0},{\"cache_bytes\":5120,\"statement_bytes\":0,\"cache_hits\":1,\"cache_misses\":6,\"cache_writes\":0},{\"cache_bytes\":13824,\"statement_bytes\":351744,\"cache_hits\":25501,\"cache_misses\":2315,\"cache_writes\":0}]},\"sqlite_busy_errors\":0,\"blocking_threads\":0,\"blocking_threads_peak\":1,\"blocking_active\":0,\"blocking_queued\":0,\"scrypt_active\":0,\"scrypt_peak\":1}"},"target":"snowtime_axum"}
{"timestamp":"2026-10-08T10:34:31.228039Z","level":"INFO","fields":{"message":"bench counters","renderers":1,"render_queued":0,"render_busy_answers":0,"database":"{\"read_admission\":{\"active\":0,\"queued\":0,\"limit\":10},\"write_admission\":{\"active\":0,\"queued\":0,\"limit\":1},\"hash_admission\":{\"active\":1,\"queued\":0,\"limit\":10},\"report_admission\":{\"active\":0,\"queued\":0,\"limit\":2},\"writer\":{\"cache_bytes\":52992,\"statement_bytes\":6688,\"cache_hits\":23,\"cache_misses\":16,\"cache_writes\":9},\"readers\":{\"idle\":10,\"connections\":[{\"cache_bytes\":26880,\"statement_bytes\":0,\"cache_hits\":1,\"cache_misses\":6,\"cache_writes\":0},{\"cache_bytes\":26880,\"statement_bytes\":0,\"cache_hits\":1,\"cache_misses\":6,\"cache_writes\":0},{\"cache_bytes\":26880,\"statement_bytes\":0,\"cache_hits\":1,\"cache_misses\":6,\"cache_writes\":0},{\"cache_bytes\":26880,\"statement_bytes\":0,\"cache_hits\":1,\"cache_misses\":6,\"cache_writes\":0},{\"cache_bytes\":26880,\"statement_bytes\":0,\"cache_hits\":1,\"cache_misses\":6,\"cache_writes\":0},{\"cache_bytes\":26880,\"statement_bytes\":0,\"cache_hits\":1,\"cache_misses\":6,\"cache_writes\":0},{\"cache_bytes\":26880,\"statement_bytes\":0,\"cache_hits\":1,\"cache_misses\":6,\"cache_writes\":0},{\"cache_bytes\":26880,\"statement_bytes\":0,\"cache_hits\":1,\"cache_misses\":6,\"cache_writes\":0},{\"cache_bytes\":26880,\"statement_bytes\":0,\"cache_hits\":1,\"cache_misses\":6,\"cache_writes\":0},{\"cache_bytes\":26880,\"statement_bytes\":0,\"cache_hits\":1,\"cache_misses\":6,\"cache_writes\":0}]},\"sqlite_busy_errors\":0,\"blocking_threads\":1,\"blocking_threads_peak\":1,\"blocking_active\":0,\"blocking_queued\":0,\"scrypt_active\":1,\"scrypt_peak\":1}"},"target":"snowtime_axum"}
same bytes                 authAcceptInvitation expired: expired (400, 64 bytes)
same bytes                 authAcceptInvitation expired: preview unchanged (200, 127 bytes)
{"timestamp":"2026-10-08T10:34:31.846965Z","level":"INFO","fields":{"message":"bench counters","renderers":1,"render_queued":0,"render_busy_answers":0,"database":"{\"read_admission\":{\"active\":0,\"queued\":0,\"limit\":10},\"write_admission\":{\"active\":0,\"queued\":0,\"limit\":1},\"hash_admission\":{\"active\":0,\"queued\":0,\"limit\":10},\"report_admission\":{\"active\":0,\"queued\":0,\"limit\":2},\"writer\":{\"cache_bytes\":96512,\"statement_bytes\":542048,\"cache_hits\":1936,\"cache_misses\":49,\"cache_writes\":81},\"readers\":{\"idle\":10,\"connections\":[{\"cache_bytes\":5120,\"statement_bytes\":0,\"cache_hits\":1,\"cache_misses\":6,\"cache_writes\":0},{\"cache_bytes\":5120,\"statement_bytes\":0,\"cache_hits\":1,\"cache_misses\":6,\"cache_writes\":0},{\"cache_bytes\":5120,\"statement_bytes\":0,\"cache_hits\":1,\"cache_misses\":6,\"cache_writes\":0},{\"cache_bytes\":5120,\"statement_bytes\":0,\"cache_hits\":1,\"cache_misses\":6,\"cache_writes\":0},{\"cache_bytes\":5120,\"statement_bytes\":0,\"cache_hits\":1,\"cache_misses\":6,\"cache_writes\":0},{\"cache_bytes\":5120,\"statement_bytes\":0,\"cache_hits\":1,\"cache_misses\":6,\"cache_writes\":0},{\"cache_bytes\":5120,\"statement_bytes\":0,\"cache_hits\":1,\"cache_misses\":6,\"cache_writes\":0},{\"cache_bytes\":5120,\"statement_bytes\":0,\"cache_hits\":1,\"cache_misses\":6,\"cache_writes\":0},{\"cache_bytes\":5120,\"statement_bytes\":0,\"cache_hits\":1,\"cache_misses\":6,\"cache_writes\":0},{\"cache_bytes\":13824,\"statement_bytes\":351744,\"cache_hits\":25501,\"cache_misses\":2315,\"cache_writes\":0}]},\"sqlite_busy_errors\":0,\"blocking_threads\":0,\"blocking_threads_peak\":1,\"blocking_active\":0,\"blocking_queued\":0,\"scrypt_active\":0,\"scrypt_peak\":1}"},"target":"snowtime_axum"}
{"timestamp":"2026-10-08T10:34:32.230474Z","level":"INFO","fields":{"message":"bench counters","renderers":1,"render_queued":0,"render_busy_answers":0,"database":"{\"read_admission\":{\"active\":0,\"queued\":0,\"limit\":10},\"write_admission\":{\"active\":0,\"queued\":0,\"limit\":1},\"hash_admission\":{\"active\":0,\"queued\":0,\"limit\":10},\"report_admission\":{\"active\":0,\"queued\":0,\"limit\":2},\"writer\":{\"cache_bytes\":61696,\"statement_bytes\":19680,\"cache_hits\":37,\"cache_misses\":18,\"cache_writes\":13},\"readers\":{\"idle\":10,\"connections\":[{\"cache_bytes\":26880,\"statement_bytes\":0,\"cache_hits\":1,\"cache_misses\":6,\"cache_writes\":0},{\"cache_bytes\":26880,\"statement_bytes\":0,\"cache_hits\":1,\"cache_misses\":6,\"cache_writes\":0},{\"cache_bytes\":26880,\"statement_bytes\":0,\"cache_hits\":1,\"cache_misses\":6,\"cache_writes\":0},{\"cache_bytes\":26880,\"statement_bytes\":0,\"cache_hits\":1,\"cache_misses\":6,\"cache_writes\":0},{\"cache_bytes\":26880,\"statement_bytes\":0,\"cache_hits\":1,\"cache_misses\":6,\"cache_writes\":0},{\"cache_bytes\":26880,\"statement_bytes\":0,\"cache_hits\":1,\"cache_misses\":6,\"cache_writes\":0},{\"cache_bytes\":26880,\"statement_bytes\":0,\"cache_hits\":1,\"cache_misses\":6,\"cache_writes\":0},{\"cache_bytes\":26880,\"statement_bytes\":0,\"cache_hits\":1,\"cache_misses\":6,\"cache_writes\":0},{\"cache_bytes\":26880,\"statement_bytes\":0,\"cache_hits\":1,\"cache_misses\":6,\"cache_writes\":0},{\"cache_bytes\":44288,\"statement_bytes\":8192,\"cache_hits\":1,\"cache_misses\":15,\"cache_writes\":0}]},\"sqlite_busy_errors\":0,\"blocking_threads\":1,\"blocking_threads_peak\":1,\"blocking_active\":0,\"blocking_queued\":0,\"scrypt_active\":0,\"scrypt_peak\":1}"},"target":"snowtime_axum"}
{"timestamp":"2026-10-08T10:34:32.849392Z","level":"INFO","fields":{"message":"bench counters","renderers":1,"render_queued":0,"render_busy_answers":0,"database":"{\"read_admission\":{\"active\":0,\"queued\":0,\"limit\":10},\"write_admission\":{\"active\":0,\"queued\":0,\"limit\":1},\"hash_admission\":{\"active\":0,\"queued\":0,\"limit\":10},\"report_admission\":{\"active\":0,\"queued\":0,\"limit\":2},\"writer\":{\"cache_bytes\":96512,\"statement_bytes\":542048,\"cache_hits\":1936,\"cache_misses\":49,\"cache_writes\":81},\"readers\":{\"idle\":10,\"connections\":[{\"cache_bytes\":5120,\"statement_bytes\":0,\"cache_hits\":1,\"cache_misses\":6,\"cache_writes\":0},{\"cache_bytes\":5120,\"statement_bytes\":0,\"cache_hits\":1,\"cache_misses\":6,\"cache_writes\":0},{\"cache_bytes\":5120,\"statement_bytes\":0,\"cache_hits\":1,\"cache_misses\":6,\"cache_writes\":0},{\"cache_bytes\":5120,\"statement_bytes\":0,\"cache_hits\":1,\"cache_misses\":6,\"cache_writes\":0},{\"cache_bytes\":5120,\"statement_bytes\":0,\"cache_hits\":1,\"cache_misses\":6,\"cache_writes\":0},{\"cache_bytes\":5120,\"statement_bytes\":0,\"cache_hits\":1,\"cache_misses\":6,\"cache_writes\":0},{\"cache_bytes\":5120,\"statement_bytes\":0,\"cache_hits\":1,\"cache_misses\":6,\"cache_writes\":0},{\"cache_bytes\":5120,\"statement_bytes\":0,\"cache_hits\":1,\"cache_misses\":6,\"cache_writes\":0},{\"cache_bytes\":5120,\"statement_bytes\":0,\"cache_hits\":1,\"cache_misses\":6,\"cache_writes\":0},{\"cache_bytes\":13824,\"statement_bytes\":351744,\"cache_hits\":25501,\"cache_misses\":2315,\"cache_writes\":0}]},\"sqlite_busy_errors\":0,\"blocking_threads\":0,\"blocking_threads_peak\":1,\"blocking_active\":0,\"blocking_queued\":0,\"scrypt_active\":0,\"scrypt_peak\":1}"},"target":"snowtime_axum"}
{"timestamp":"2026-10-08T10:34:33.232870Z","level":"INFO","fields":{"message":"bench counters","renderers":1,"render_queued":0,"render_busy_answers":0,"database":"{\"read_admission\":{\"active\":0,\"queued\":0,\"limit\":10},\"write_admission\":{\"active\":0,\"queued\":0,\"limit\":1},\"hash_admission\":{\"active\":0,\"queued\":0,\"limit\":10},\"report_admission\":{\"active\":0,\"queued\":0,\"limit\":2},\"writer\":{\"cache_bytes\":61696,\"statement_bytes\":19680,\"cache_hits\":37,\"cache_misses\":18,\"cache_writes\":13},\"readers\":{\"idle\":10,\"connections\":[{\"cache_bytes\":26880,\"statement_bytes\":0,\"cache_hits\":1,\"cache_misses\":6,\"cache_writes\":0},{\"cache_bytes\":26880,\"statement_bytes\":0,\"cache_hits\":1,\"cache_misses\":6,\"cache_writes\":0},{\"cache_bytes\":26880,\"statement_bytes\":0,\"cache_hits\":1,\"cache_misses\":6,\"cache_writes\":0},{\"cache_bytes\":26880,\"statement_bytes\":0,\"cache_hits\":1,\"cache_misses\":6,\"cache_writes\":0},{\"cache_bytes\":26880,\"statement_bytes\":0,\"cache_hits\":1,\"cache_misses\":6,\"cache_writes\":0},{\"cache_bytes\":26880,\"statement_bytes\":0,\"cache_hits\":1,\"cache_misses\":6,\"cache_writes\":0},{\"cache_bytes\":26880,\"statement_bytes\":0,\"cache_hits\":1,\"cache_misses\":6,\"cache_writes\":0},{\"cache_bytes\":26880,\"statement_bytes\":0,\"cache_hits\":1,\"cache_misses\":6,\"cache_writes\":0},{\"cache_bytes\":26880,\"statement_bytes\":0,\"cache_hits\":1,\"cache_misses\":6,\"cache_writes\":0},{\"cache_bytes\":44288,\"statement_bytes\":8192,\"cache_hits\":1,\"cache_misses\":15,\"cache_writes\":0}]},\"sqlite_busy_errors\":0,\"blocking_threads\":1,\"blocking_threads_peak\":1,\"blocking_active\":0,\"blocking_queued\":0,\"scrypt_active\":0,\"scrypt_peak\":1}"},"target":"snowtime_axum"}
{"timestamp":"2026-10-08T10:34:33.852286Z","level":"INFO","fields":{"message":"bench counters","renderers":1,"render_queued":0,"render_busy_answers":0,"database":"{\"read_admission\":{\"active\":0,\"queued\":0,\"limit\":10},\"write_admission\":{\"active\":0,\"queued\":0,\"limit\":1},\"hash_admission\":{\"active\":0,\"queued\":0,\"limit\":10},\"report_admission\":{\"active\":0,\"queued\":0,\"limit\":2},\"writer\":{\"cache_bytes\":96512,\"statement_bytes\":542048,\"cache_hits\":1936,\"cache_misses\":49,\"cache_writes\":81},\"readers\":{\"idle\":10,\"connections\":[{\"cache_bytes\":5120,\"statement_bytes\":0,\"cache_hits\":1,\"cache_misses\":6,\"cache_writes\":0},{\"cache_bytes\":5120,\"statement_bytes\":0,\"cache_hits\":1,\"cache_misses\":6,\"cache_writes\":0},{\"cache_bytes\":5120,\"statement_bytes\":0,\"cache_hits\":1,\"cache_misses\":6,\"cache_writes\":0},{\"cache_bytes\":5120,\"statement_bytes\":0,\"cache_hits\":1,\"cache_misses\":6,\"cache_writes\":0},{\"cache_bytes\":5120,\"statement_bytes\":0,\"cache_hits\":1,\"cache_misses\":6,\"cache_writes\":0},{\"cache_bytes\":5120,\"statement_bytes\":0,\"cache_hits\":1,\"cache_misses\":6,\"cache_writes\":0},{\"cache_bytes\":5120,\"statement_bytes\":0,\"cache_hits\":1,\"cache_misses\":6,\"cache_writes\":0},{\"cache_bytes\":5120,\"statement_bytes\":0,\"cache_hits\":1,\"cache_misses\":6,\"cache_writes\":0},{\"cache_bytes\":5120,\"statement_bytes\":0,\"cache_hits\":1,\"cache_misses\":6,\"cache_writes\":0},{\"cache_bytes\":13824,\"statement_bytes\":351744,\"cache_hits\":25501,\"cache_misses\":2315,\"cache_writes\":0}]},\"sqlite_busy_errors\":0,\"blocking_threads\":0,\"blocking_threads_peak\":1,\"blocking_active\":0,\"blocking_queued\":0,\"scrypt_active\":0,\"scrypt_peak\":1}"},"target":"snowtime_axum"}
{"timestamp":"2026-10-08T10:34:34.235465Z","level":"INFO","fields":{"message":"bench counters","renderers":1,"render_queued":0,"render_busy_answers":0,"database":"{\"read_admission\":{\"active\":0,\"queued\":0,\"limit\":10},\"write_admission\":{\"active\":0,\"queued\":0,\"limit\":1},\"hash_admission\":{\"active\":0,\"queued\":0,\"limit\":10},\"report_admission\":{\"active\":0,\"queued\":0,\"limit\":2},\"writer\":{\"cache_bytes\":61696,\"statement_bytes\":19680,\"cache_hits\":37,\"cache_misses\":18,\"cache_writes\":13},\"readers\":{\"idle\":10,\"connections\":[{\"cache_bytes\":26880,\"statement_bytes\":0,\"cache_hits\":1,\"cache_misses\":6,\"cache_writes\":0},{\"cache_bytes\":26880,\"statement_bytes\":0,\"cache_hits\":1,\"cache_misses\":6,\"cache_writes\":0},{\"cache_bytes\":26880,\"statement_bytes\":0,\"cache_hits\":1,\"cache_misses\":6,\"cache_writes\":0},{\"cache_bytes\":26880,\"statement_bytes\":0,\"cache_hits\":1,\"cache_misses\":6,\"cache_writes\":0},{\"cache_bytes\":26880,\"statement_bytes\":0,\"cache_hits\":1,\"cache_misses\":6,\"cache_writes\":0},{\"cache_bytes\":26880,\"statement_bytes\":0,\"cache_hits\":1,\"cache_misses\":6,\"cache_writes\":0},{\"cache_bytes\":26880,\"statement_bytes\":0,\"cache_hits\":1,\"cache_misses\":6,\"cache_writes\":0},{\"cache_bytes\":26880,\"statement_bytes\":0,\"cache_hits\":1,\"cache_misses\":6,\"cache_writes\":0},{\"cache_bytes\":26880,\"statement_bytes\":0,\"cache_hits\":1,\"cache_misses\":6,\"cache_writes\":0},{\"cache_bytes\":44288,\"statement_bytes\":8192,\"cache_hits\":1,\"cache_misses\":15,\"cache_writes\":0}]},\"sqlite_busy_errors\":0,\"blocking_threads\":1,\"blocking_threads_peak\":1,\"blocking_active\":0,\"blocking_queued\":0,\"scrypt_active\":0,\"scrypt_peak\":1}"},"target":"snowtime_axum"}
{"timestamp":"2026-10-08T10:34:34.854948Z","level":"INFO","fields":{"message":"bench counters","renderers":1,"render_queued":0,"render_busy_answers":0,"database":"{\"read_admission\":{\"active\":0,\"queued\":0,\"limit\":10},\"write_admission\":{\"active\":0,\"queued\":0,\"limit\":1},\"hash_admission\":{\"active\":0,\"queued\":0,\"limit\":10},\"report_admission\":{\"active\":0,\"queued\":0,\"limit\":2},\"writer\":{\"cache_bytes\":96512,\"statement_bytes\":542048,\"cache_hits\":1936,\"cache_misses\":49,\"cache_writes\":81},\"readers\":{\"idle\":10,\"connections\":[{\"cache_bytes\":5120,\"statement_bytes\":0,\"cache_hits\":1,\"cache_misses\":6,\"cache_writes\":0},{\"cache_bytes\":5120,\"statement_bytes\":0,\"cache_hits\":1,\"cache_misses\":6,\"cache_writes\":0},{\"cache_bytes\":5120,\"statement_bytes\":0,\"cache_hits\":1,\"cache_misses\":6,\"cache_writes\":0},{\"cache_bytes\":5120,\"statement_bytes\":0,\"cache_hits\":1,\"cache_misses\":6,\"cache_writes\":0},{\"cache_bytes\":5120,\"statement_bytes\":0,\"cache_hits\":1,\"cache_misses\":6,\"cache_writes\":0},{\"cache_bytes\":5120,\"statement_bytes\":0,\"cache_hits\":1,\"cache_misses\":6,\"cache_writes\":0},{\"cache_bytes\":5120,\"statement_bytes\":0,\"cache_hits\":1,\"cache_misses\":6,\"cache_writes\":0},{\"cache_bytes\":5120,\"statement_bytes\":0,\"cache_hits\":1,\"cache_misses\":6,\"cache_writes\":0},{\"cache_bytes\":5120,\"statement_bytes\":0,\"cache_hits\":1,\"cache_misses\":6,\"cache_writes\":0},{\"cache_bytes\":13824,\"statement_bytes\":351744,\"cache_hits\":25501,\"cache_misses\":2315,\"cache_writes\":0}]},\"sqlite_busy_errors\":0,\"blocking_threads\":0,\"blocking_threads_peak\":1,\"blocking_active\":0,\"blocking_queued\":0,\"scrypt_active\":0,\"scrypt_peak\":1}"},"target":"snowtime_axum"}
{"timestamp":"2026-10-08T10:34:35.486131Z","level":"INFO","fields":{"message":"sized the renderers","limit_mib":32768,"source":"physical memory","cpus":10,"renderers":10,"heap_mib":128,"semi_space_mib":32},"target":"snowtime_axum"}
{"timestamp":"2026-10-08T10:34:35.486758Z","level":"INFO","fields":{"message":"listening","address":"127.0.0.1:64775","tls":false},"target":"snowtime_axum"}
{"timestamp":"2026-10-08T10:34:35.858223Z","level":"INFO","fields":{"message":"bench counters","renderers":1,"render_queued":0,"render_busy_answers":0,"database":"{\"read_admission\":{\"active\":0,\"queued\":0,\"limit\":10},\"write_admission\":{\"active\":0,\"queued\":0,\"limit\":1},\"hash_admission\":{\"active\":0,\"queued\":0,\"limit\":10},\"report_admission\":{\"active\":0,\"queued\":0,\"limit\":2},\"writer\":{\"cache_bytes\":96512,\"statement_bytes\":542048,\"cache_hits\":1936,\"cache_misses\":49,\"cache_writes\":81},\"readers\":{\"idle\":10,\"connections\":[{\"cache_bytes\":5120,\"statement_bytes\":0,\"cache_hits\":1,\"cache_misses\":6,\"cache_writes\":0},{\"cache_bytes\":5120,\"statement_bytes\":0,\"cache_hits\":1,\"cache_misses\":6,\"cache_writes\":0},{\"cache_bytes\":5120,\"statement_bytes\":0,\"cache_hits\":1,\"cache_misses\":6,\"cache_writes\":0},{\"cache_bytes\":5120,\"statement_bytes\":0,\"cache_hits\":1,\"cache_misses\":6,\"cache_writes\":0},{\"cache_bytes\":5120,\"statement_bytes\":0,\"cache_hits\":1,\"cache_misses\":6,\"cache_writes\":0},{\"cache_bytes\":5120,\"statement_bytes\":0,\"cache_hits\":1,\"cache_misses\":6,\"cache_writes\":0},{\"cache_bytes\":5120,\"statement_bytes\":0,\"cache_hits\":1,\"cache_misses\":6,\"cache_writes\":0},{\"cache_bytes\":5120,\"statement_bytes\":0,\"cache_hits\":1,\"cache_misses\":6,\"cache_writes\":0},{\"cache_bytes\":5120,\"statement_bytes\":0,\"cache_hits\":1,\"cache_misses\":6,\"cache_writes\":0},{\"cache_bytes\":13824,\"statement_bytes\":351744,\"cache_hits\":25501,\"cache_misses\":2315,\"cache_writes\":0}]},\"sqlite_busy_errors\":0,\"blocking_threads\":0,\"blocking_threads_peak\":1,\"blocking_active\":0,\"blocking_queued\":0,\"scrypt_active\":0,\"scrypt_peak\":1}"},"target":"snowtime_axum"}
{"timestamp":"2026-10-08T10:34:36.488833Z","level":"INFO","fields":{"message":"bench counters","renderers":1,"render_queued":0,"render_busy_answers":0,"database":"{\"read_admission\":{\"active\":0,\"queued\":0,\"limit\":10},\"write_admission\":{\"active\":0,\"queued\":0,\"limit\":1},\"hash_admission\":{\"active\":1,\"queued\":0,\"limit\":10},\"report_admission\":{\"active\":0,\"queued\":0,\"limit\":2},\"writer\":{\"cache_bytes\":52992,\"statement_bytes\":6688,\"cache_hits\":23,\"cache_misses\":16,\"cache_writes\":9},\"readers\":{\"idle\":10,\"connections\":[{\"cache_bytes\":26880,\"statement_bytes\":0,\"cache_hits\":1,\"cache_misses\":6,\"cache_writes\":0},{\"cache_bytes\":26880,\"statement_bytes\":0,\"cache_hits\":1,\"cache_misses\":6,\"cache_writes\":0},{\"cache_bytes\":26880,\"statement_bytes\":0,\"cache_hits\":1,\"cache_misses\":6,\"cache_writes\":0},{\"cache_bytes\":26880,\"statement_bytes\":0,\"cache_hits\":1,\"cache_misses\":6,\"cache_writes\":0},{\"cache_bytes\":26880,\"statement_bytes\":0,\"cache_hits\":1,\"cache_misses\":6,\"cache_writes\":0},{\"cache_bytes\":26880,\"statement_bytes\":0,\"cache_hits\":1,\"cache_misses\":6,\"cache_writes\":0},{\"cache_bytes\":26880,\"statement_bytes\":0,\"cache_hits\":1,\"cache_misses\":6,\"cache_writes\":0},{\"cache_bytes\":26880,\"statement_bytes\":0,\"cache_hits\":1,\"cache_misses\":6,\"cache_writes\":0},{\"cache_bytes\":26880,\"statement_bytes\":0,\"cache_hits\":1,\"cache_misses\":6,\"cache_writes\":0},{\"cache_bytes\":26880,\"statement_bytes\":0,\"cache_hits\":1,\"cache_misses\":6,\"cache_writes\":0}]},\"sqlite_busy_errors\":0,\"blocking_threads\":1,\"blocking_threads_peak\":1,\"blocking_active\":0,\"blocking_queued\":0,\"scrypt_active\":1,\"scrypt_peak\":1}"},"target":"snowtime_axum"}
same bytes                 authAcceptInvitation canceled: canceled (400, 64 bytes)
same bytes                 authAcceptInvitation canceled: preview unchanged (200, 62 bytes)
{"timestamp":"2026-10-08T10:34:36.860882Z","level":"INFO","fields":{"message":"bench counters","renderers":1,"render_queued":0,"render_busy_answers":0,"database":"{\"read_admission\":{\"active\":0,\"queued\":0,\"limit\":10},\"write_admission\":{\"active\":0,\"queued\":0,\"limit\":1},\"hash_admission\":{\"active\":0,\"queued\":0,\"limit\":10},\"report_admission\":{\"active\":0,\"queued\":0,\"limit\":2},\"writer\":{\"cache_bytes\":96512,\"statement_bytes\":542048,\"cache_hits\":1936,\"cache_misses\":49,\"cache_writes\":81},\"readers\":{\"idle\":10,\"connections\":[{\"cache_bytes\":5120,\"statement_bytes\":0,\"cache_hits\":1,\"cache_misses\":6,\"cache_writes\":0},{\"cache_bytes\":5120,\"statement_bytes\":0,\"cache_hits\":1,\"cache_misses\":6,\"cache_writes\":0},{\"cache_bytes\":5120,\"statement_bytes\":0,\"cache_hits\":1,\"cache_misses\":6,\"cache_writes\":0},{\"cache_bytes\":5120,\"statement_bytes\":0,\"cache_hits\":1,\"cache_misses\":6,\"cache_writes\":0},{\"cache_bytes\":5120,\"statement_bytes\":0,\"cache_hits\":1,\"cache_misses\":6,\"cache_writes\":0},{\"cache_bytes\":5120,\"statement_bytes\":0,\"cache_hits\":1,\"cache_misses\":6,\"cache_writes\":0},{\"cache_bytes\":5120,\"statement_bytes\":0,\"cache_hits\":1,\"cache_misses\":6,\"cache_writes\":0},{\"cache_bytes\":5120,\"statement_bytes\":0,\"cache_hits\":1,\"cache_misses\":6,\"cache_writes\":0},{\"cache_bytes\":5120,\"statement_bytes\":0,\"cache_hits\":1,\"cache_misses\":6,\"cache_writes\":0},{\"cache_bytes\":13824,\"statement_bytes\":351744,\"cache_hits\":25501,\"cache_misses\":2315,\"cache_writes\":0}]},\"sqlite_busy_errors\":0,\"blocking_threads\":0,\"blocking_threads_peak\":1,\"blocking_active\":0,\"blocking_queued\":0,\"scrypt_active\":0,\"scrypt_peak\":1}"},"target":"snowtime_axum"}
{"timestamp":"2026-10-08T10:34:37.491515Z","level":"INFO","fields":{"message":"bench counters","renderers":1,"render_queued":0,"render_busy_answers":0,"database":"{\"read_admission\":{\"active\":0,\"queued\":0,\"limit\":10},\"write_admission\":{\"active\":0,\"queued\":0,\"limit\":1},\"hash_admission\":{\"active\":0,\"queued\":0,\"limit\":10},\"report_admission\":{\"active\":0,\"queued\":0,\"limit\":2},\"writer\":{\"cache_bytes\":61696,\"statement_bytes\":19680,\"cache_hits\":37,\"cache_misses\":18,\"cache_writes\":13},\"readers\":{\"idle\":10,\"connections\":[{\"cache_bytes\":26880,\"statement_bytes\":0,\"cache_hits\":1,\"cache_misses\":6,\"cache_writes\":0},{\"cache_bytes\":26880,\"statement_bytes\":0,\"cache_hits\":1,\"cache_misses\":6,\"cache_writes\":0},{\"cache_bytes\":26880,\"statement_bytes\":0,\"cache_hits\":1,\"cache_misses\":6,\"cache_writes\":0},{\"cache_bytes\":26880,\"statement_bytes\":0,\"cache_hits\":1,\"cache_misses\":6,\"cache_writes\":0},{\"cache_bytes\":26880,\"statement_bytes\":0,\"cache_hits\":1,\"cache_misses\":6,\"cache_writes\":0},{\"cache_bytes\":26880,\"statement_bytes\":0,\"cache_hits\":1,\"cache_misses\":6,\"cache_writes\":0},{\"cache_bytes\":26880,\"statement_bytes\":0,\"cache_hits\":1,\"cache_misses\":6,\"cache_writes\":0},{\"cache_bytes\":26880,\"statement_bytes\":0,\"cache_hits\":1,\"cache_misses\":6,\"cache_writes\":0},{\"cache_bytes\":26880,\"statement_bytes\":0,\"cache_hits\":1,\"cache_misses\":6,\"cache_writes\":0},{\"cache_bytes\":44288,\"statement_bytes\":8192,\"cache_hits\":1,\"cache_misses\":15,\"cache_writes\":0}]},\"sqlite_busy_errors\":0,\"blocking_threads\":1,\"blocking_threads_peak\":1,\"blocking_active\":0,\"blocking_queued\":0,\"scrypt_active\":0,\"scrypt_peak\":1}"},"target":"snowtime_axum"}
{"timestamp":"2026-10-08T10:34:37.863716Z","level":"INFO","fields":{"message":"bench counters","renderers":1,"render_queued":0,"render_busy_answers":0,"database":"{\"read_admission\":{\"active\":0,\"queued\":0,\"limit\":10},\"write_admission\":{\"active\":0,\"queued\":0,\"limit\":1},\"hash_admission\":{\"active\":0,\"queued\":0,\"limit\":10},\"report_admission\":{\"active\":0,\"queued\":0,\"limit\":2},\"writer\":{\"cache_bytes\":96512,\"statement_bytes\":542048,\"cache_hits\":1936,\"cache_misses\":49,\"cache_writes\":81},\"readers\":{\"idle\":10,\"connections\":[{\"cache_bytes\":5120,\"statement_bytes\":0,\"cache_hits\":1,\"cache_misses\":6,\"cache_writes\":0},{\"cache_bytes\":5120,\"statement_bytes\":0,\"cache_hits\":1,\"cache_misses\":6,\"cache_writes\":0},{\"cache_bytes\":5120,\"statement_bytes\":0,\"cache_hits\":1,\"cache_misses\":6,\"cache_writes\":0},{\"cache_bytes\":5120,\"statement_bytes\":0,\"cache_hits\":1,\"cache_misses\":6,\"cache_writes\":0},{\"cache_bytes\":5120,\"statement_bytes\":0,\"cache_hits\":1,\"cache_misses\":6,\"cache_writes\":0},{\"cache_bytes\":5120,\"statement_bytes\":0,\"cache_hits\":1,\"cache_misses\":6,\"cache_writes\":0},{\"cache_bytes\":5120,\"statement_bytes\":0,\"cache_hits\":1,\"cache_misses\":6,\"cache_writes\":0},{\"cache_bytes\":5120,\"statement_bytes\":0,\"cache_hits\":1,\"cache_misses\":6,\"cache_writes\":0},{\"cache_bytes\":5120,\"statement_bytes\":0,\"cache_hits\":1,\"cache_misses\":6,\"cache_writes\":0},{\"cache_bytes\":13824,\"statement_bytes\":351744,\"cache_hits\":25501,\"cache_misses\":2315,\"cache_writes\":0}]},\"sqlite_busy_errors\":0,\"blocking_threads\":0,\"blocking_threads_peak\":1,\"blocking_active\":0,\"blocking_queued\":0,\"scrypt_active\":0,\"scrypt_peak\":1}"},"target":"snowtime_axum"}
{"timestamp":"2026-10-08T10:34:38.493961Z","level":"INFO","fields":{"message":"bench counters","renderers":1,"render_queued":0,"render_busy_answers":0,"database":"{\"read_admission\":{\"active\":0,\"queued\":0,\"limit\":10},\"write_admission\":{\"active\":0,\"queued\":0,\"limit\":1},\"hash_admission\":{\"active\":0,\"queued\":0,\"limit\":10},\"report_admission\":{\"active\":0,\"queued\":0,\"limit\":2},\"writer\":{\"cache_bytes\":61696,\"statement_bytes\":19680,\"cache_hits\":37,\"cache_misses\":18,\"cache_writes\":13},\"readers\":{\"idle\":10,\"connections\":[{\"cache_bytes\":26880,\"statement_bytes\":0,\"cache_hits\":1,\"cache_misses\":6,\"cache_writes\":0},{\"cache_bytes\":26880,\"statement_bytes\":0,\"cache_hits\":1,\"cache_misses\":6,\"cache_writes\":0},{\"cache_bytes\":26880,\"statement_bytes\":0,\"cache_hits\":1,\"cache_misses\":6,\"cache_writes\":0},{\"cache_bytes\":26880,\"statement_bytes\":0,\"cache_hits\":1,\"cache_misses\":6,\"cache_writes\":0},{\"cache_bytes\":26880,\"statement_bytes\":0,\"cache_hits\":1,\"cache_misses\":6,\"cache_writes\":0},{\"cache_bytes\":26880,\"statement_bytes\":0,\"cache_hits\":1,\"cache_misses\":6,\"cache_writes\":0},{\"cache_bytes\":26880,\"statement_bytes\":0,\"cache_hits\":1,\"cache_misses\":6,\"cache_writes\":0},{\"cache_bytes\":26880,\"statement_bytes\":0,\"cache_hits\":1,\"cache_misses\":6,\"cache_writes\":0},{\"cache_bytes\":26880,\"statement_bytes\":0,\"cache_hits\":1,\"cache_misses\":6,\"cache_writes\":0},{\"cache_bytes\":44288,\"statement_bytes\":8192,\"cache_hits\":1,\"cache_misses\":15,\"cache_writes\":0}]},\"sqlite_busy_errors\":0,\"blocking_threads\":1,\"blocking_threads_peak\":1,\"blocking_active\":0,\"blocking_queued\":0,\"scrypt_active\":0,\"scrypt_peak\":1}"},"target":"snowtime_axum"}
{"timestamp":"2026-10-08T10:34:38.866462Z","level":"INFO","fields":{"message":"bench counters","renderers":1,"render_queued":0,"render_busy_answers":0,"database":"{\"read_admission\":{\"active\":0,\"queued\":0,\"limit\":10},\"write_admission\":{\"active\":0,\"queued\":0,\"limit\":1},\"hash_admission\":{\"active\":0,\"queued\":0,\"limit\":10},\"report_admission\":{\"active\":0,\"queued\":0,\"limit\":2},\"writer\":{\"cache_bytes\":96512,\"statement_bytes\":542048,\"cache_hits\":1936,\"cache_misses\":49,\"cache_writes\":81},\"readers\":{\"idle\":10,\"connections\":[{\"cache_bytes\":5120,\"statement_bytes\":0,\"cache_hits\":1,\"cache_misses\":6,\"cache_writes\":0},{\"cache_bytes\":5120,\"statement_bytes\":0,\"cache_hits\":1,\"cache_misses\":6,\"cache_writes\":0},{\"cache_bytes\":5120,\"statement_bytes\":0,\"cache_hits\":1,\"cache_misses\":6,\"cache_writes\":0},{\"cache_bytes\":5120,\"statement_bytes\":0,\"cache_hits\":1,\"cache_misses\":6,\"cache_writes\":0},{\"cache_bytes\":5120,\"statement_bytes\":0,\"cache_hits\":1,\"cache_misses\":6,\"cache_writes\":0},{\"cache_bytes\":5120,\"statement_bytes\":0,\"cache_hits\":1,\"cache_misses\":6,\"cache_writes\":0},{\"cache_bytes\":5120,\"statement_bytes\":0,\"cache_hits\":1,\"cache_misses\":6,\"cache_writes\":0},{\"cache_bytes\":5120,\"statement_bytes\":0,\"cache_hits\":1,\"cache_misses\":6,\"cache_writes\":0},{\"cache_bytes\":5120,\"statement_bytes\":0,\"cache_hits\":1,\"cache_misses\":6,\"cache_writes\":0},{\"cache_bytes\":13824,\"statement_bytes\":351744,\"cache_hits\":25501,\"cache_misses\":2315,\"cache_writes\":0}]},\"sqlite_busy_errors\":0,\"blocking_threads\":0,\"blocking_threads_peak\":1,\"blocking_active\":0,\"blocking_queued\":0,\"scrypt_active\":0,\"scrypt_peak\":1}"},"target":"snowtime_axum"}
{"timestamp":"2026-10-08T10:34:39.496705Z","level":"INFO","fields":{"message":"bench counters","renderers":1,"render_queued":0,"render_busy_answers":0,"database":"{\"read_admission\":{\"active\":0,\"queued\":0,\"limit\":10},\"write_admission\":{\"active\":0,\"queued\":0,\"limit\":1},\"hash_admission\":{\"active\":0,\"queued\":0,\"limit\":10},\"report_admission\":{\"active\":0,\"queued\":0,\"limit\":2},\"writer\":{\"cache_bytes\":61696,\"statement_bytes\":19680,\"cache_hits\":37,\"cache_misses\":18,\"cache_writes\":13},\"readers\":{\"idle\":10,\"connections\":[{\"cache_bytes\":26880,\"statement_bytes\":0,\"cache_hits\":1,\"cache_misses\":6,\"cache_writes\":0},{\"cache_bytes\":26880,\"statement_bytes\":0,\"cache_hits\":1,\"cache_misses\":6,\"cache_writes\":0},{\"cache_bytes\":26880,\"statement_bytes\":0,\"cache_hits\":1,\"cache_misses\":6,\"cache_writes\":0},{\"cache_bytes\":26880,\"statement_bytes\":0,\"cache_hits\":1,\"cache_misses\":6,\"cache_writes\":0},{\"cache_bytes\":26880,\"statement_bytes\":0,\"cache_hits\":1,\"cache_misses\":6,\"cache_writes\":0},{\"cache_bytes\":26880,\"statement_bytes\":0,\"cache_hits\":1,\"cache_misses\":6,\"cache_writes\":0},{\"cache_bytes\":26880,\"statement_bytes\":0,\"cache_hits\":1,\"cache_misses\":6,\"cache_writes\":0},{\"cache_bytes\":26880,\"statement_bytes\":0,\"cache_hits\":1,\"cache_misses\":6,\"cache_writes\":0},{\"cache_bytes\":26880,\"statement_bytes\":0,\"cache_hits\":1,\"cache_misses\":6,\"cache_writes\":0},{\"cache_bytes\":44288,\"statement_bytes\":8192,\"cache_hits\":1,\"cache_misses\":15,\"cache_writes\":0}]},\"sqlite_busy_errors\":0,\"blocking_threads\":1,\"blocking_threads_peak\":1,\"blocking_active\":0,\"blocking_queued\":0,\"scrypt_active\":0,\"scrypt_peak\":1}"},"target":"snowtime_axum"}
{"timestamp":"2026-10-08T10:34:39.868715Z","level":"INFO","fields":{"message":"bench counters","renderers":1,"render_queued":0,"render_busy_answers":0,"database":"{\"read_admission\":{\"active\":0,\"queued\":0,\"limit\":10},\"write_admission\":{\"active\":0,\"queued\":0,\"limit\":1},\"hash_admission\":{\"active\":0,\"queued\":0,\"limit\":10},\"report_admission\":{\"active\":0,\"queued\":0,\"limit\":2},\"writer\":{\"cache_bytes\":96512,\"statement_bytes\":542048,\"cache_hits\":1936,\"cache_misses\":49,\"cache_writes\":81},\"readers\":{\"idle\":10,\"connections\":[{\"cache_bytes\":5120,\"statement_bytes\":0,\"cache_hits\":1,\"cache_misses\":6,\"cache_writes\":0},{\"cache_bytes\":5120,\"statement_bytes\":0,\"cache_hits\":1,\"cache_misses\":6,\"cache_writes\":0},{\"cache_bytes\":5120,\"statement_bytes\":0,\"cache_hits\":1,\"cache_misses\":6,\"cache_writes\":0},{\"cache_bytes\":5120,\"statement_bytes\":0,\"cache_hits\":1,\"cache_misses\":6,\"cache_writes\":0},{\"cache_bytes\":5120,\"statement_bytes\":0,\"cache_hits\":1,\"cache_misses\":6,\"cache_writes\":0},{\"cache_bytes\":5120,\"statement_bytes\":0,\"cache_hits\":1,\"cache_misses\":6,\"cache_writes\":0},{\"cache_bytes\":5120,\"statement_bytes\":0,\"cache_hits\":1,\"cache_misses\":6,\"cache_writes\":0},{\"cache_bytes\":5120,\"statement_bytes\":0,\"cache_hits\":1,\"cache_misses\":6,\"cache_writes\":0},{\"cache_bytes\":5120,\"statement_bytes\":0,\"cache_hits\":1,\"cache_misses\":6,\"cache_writes\":0},{\"cache_bytes\":13824,\"statement_bytes\":351744,\"cache_hits\":25501,\"cache_misses\":2315,\"cache_writes\":0}]},\"sqlite_busy_errors\":0,\"blocking_threads\":0,\"blocking_threads_peak\":1,\"blocking_active\":0,\"blocking_queued\":0,\"scrypt_active\":0,\"scrypt_peak\":1}"},"target":"snowtime_axum"}
{"timestamp":"2026-10-08T10:34:40.759717Z","level":"INFO","fields":{"message":"sized the renderers","limit_mib":32768,"source":"physical memory","cpus":10,"renderers":10,"heap_mib":128,"semi_space_mib":32},"target":"snowtime_axum"}
{"timestamp":"2026-10-08T10:34:40.760382Z","level":"INFO","fields":{"message":"listening","address":"127.0.0.1:64782","tls":false},"target":"snowtime_axum"}
{"timestamp":"2026-10-08T10:34:40.871430Z","level":"INFO","fields":{"message":"bench counters","renderers":1,"render_queued":0,"render_busy_answers":0,"database":"{\"read_admission\":{\"active\":0,\"queued\":0,\"limit\":10},\"write_admission\":{\"active\":0,\"queued\":0,\"limit\":1},\"hash_admission\":{\"active\":0,\"queued\":0,\"limit\":10},\"report_admission\":{\"active\":0,\"queued\":0,\"limit\":2},\"writer\":{\"cache_bytes\":96512,\"statement_bytes\":542048,\"cache_hits\":1936,\"cache_misses\":49,\"cache_writes\":81},\"readers\":{\"idle\":10,\"connections\":[{\"cache_bytes\":5120,\"statement_bytes\":0,\"cache_hits\":1,\"cache_misses\":6,\"cache_writes\":0},{\"cache_bytes\":5120,\"statement_bytes\":0,\"cache_hits\":1,\"cache_misses\":6,\"cache_writes\":0},{\"cache_bytes\":5120,\"statement_bytes\":0,\"cache_hits\":1,\"cache_misses\":6,\"cache_writes\":0},{\"cache_bytes\":5120,\"statement_bytes\":0,\"cache_hits\":1,\"cache_misses\":6,\"cache_writes\":0},{\"cache_bytes\":5120,\"statement_bytes\":0,\"cache_hits\":1,\"cache_misses\":6,\"cache_writes\":0},{\"cache_bytes\":5120,\"statement_bytes\":0,\"cache_hits\":1,\"cache_misses\":6,\"cache_writes\":0},{\"cache_bytes\":5120,\"statement_bytes\":0,\"cache_hits\":1,\"cache_misses\":6,\"cache_writes\":0},{\"cache_bytes\":5120,\"statement_bytes\":0,\"cache_hits\":1,\"cache_misses\":6,\"cache_writes\":0},{\"cache_bytes\":5120,\"statement_bytes\":0,\"cache_hits\":1,\"cache_misses\":6,\"cache_writes\":0},{\"cache_bytes\":13824,\"statement_bytes\":351744,\"cache_hits\":25501,\"cache_misses\":2315,\"cache_writes\":0}]},\"sqlite_busy_errors\":0,\"blocking_threads\":0,\"blocking_threads_peak\":1,\"blocking_active\":0,\"blocking_queued\":0,\"scrypt_active\":0,\"scrypt_peak\":1}"},"target":"snowtime_axum"}
{"timestamp":"2026-10-08T10:34:41.762168Z","level":"INFO","fields":{"message":"bench counters","renderers":1,"render_queued":0,"render_busy_answers":0,"database":"{\"read_admission\":{\"active\":0,\"queued\":0,\"limit\":10},\"write_admission\":{\"active\":0,\"queued\":0,\"limit\":1},\"hash_admission\":{\"active\":1,\"queued\":0,\"limit\":10},\"report_admission\":{\"active\":0,\"queued\":0,\"limit\":2},\"writer\":{\"cache_bytes\":52992,\"statement_bytes\":6688,\"cache_hits\":23,\"cache_misses\":16,\"cache_writes\":9},\"readers\":{\"idle\":10,\"connections\":[{\"cache_bytes\":26880,\"statement_bytes\":0,\"cache_hits\":1,\"cache_misses\":6,\"cache_writes\":0},{\"cache_bytes\":26880,\"statement_bytes\":0,\"cache_hits\":1,\"cache_misses\":6,\"cache_writes\":0},{\"cache_bytes\":26880,\"statement_bytes\":0,\"cache_hits\":1,\"cache_misses\":6,\"cache_writes\":0},{\"cache_bytes\":26880,\"statement_bytes\":0,\"cache_hits\":1,\"cache_misses\":6,\"cache_writes\":0},{\"cache_bytes\":26880,\"statement_bytes\":0,\"cache_hits\":1,\"cache_misses\":6,\"cache_writes\":0},{\"cache_bytes\":26880,\"statement_bytes\":0,\"cache_hits\":1,\"cache_misses\":6,\"cache_writes\":0},{\"cache_bytes\":26880,\"statement_bytes\":0,\"cache_hits\":1,\"cache_misses\":6,\"cache_writes\":0},{\"cache_bytes\":26880,\"statement_bytes\":0,\"cache_hits\":1,\"cache_misses\":6,\"cache_writes\":0},{\"cache_bytes\":26880,\"statement_bytes\":0,\"cache_hits\":1,\"cache_misses\":6,\"cache_writes\":0},{\"cache_bytes\":26880,\"statement_bytes\":0,\"cache_hits\":1,\"cache_misses\":6,\"cache_writes\":0}]},\"sqlite_busy_errors\":0,\"blocking_threads\":1,\"blocking_threads_peak\":1,\"blocking_active\":0,\"blocking_queued\":0,\"scrypt_active\":1,\"scrypt_peak\":1}"},"target":"snowtime_axum"}
same bytes                 authAcceptInvitation accepted: accepted (400, 64 bytes)
same bytes                 authAcceptInvitation accepted: preview unchanged (200, 62 bytes)
{"timestamp":"2026-10-08T10:34:41.874076Z","level":"INFO","fields":{"message":"bench counters","renderers":1,"render_queued":0,"render_busy_answers":0,"database":"{\"read_admission\":{\"active\":0,\"queued\":0,\"limit\":10},\"write_admission\":{\"active\":0,\"queued\":0,\"limit\":1},\"hash_admission\":{\"active\":0,\"queued\":0,\"limit\":10},\"report_admission\":{\"active\":0,\"queued\":0,\"limit\":2},\"writer\":{\"cache_bytes\":96512,\"statement_bytes\":542048,\"cache_hits\":1936,\"cache_misses\":49,\"cache_writes\":81},\"readers\":{\"idle\":10,\"connections\":[{\"cache_bytes\":5120,\"statement_bytes\":0,\"cache_hits\":1,\"cache_misses\":6,\"cache_writes\":0},{\"cache_bytes\":5120,\"statement_bytes\":0,\"cache_hits\":1,\"cache_misses\":6,\"cache_writes\":0},{\"cache_bytes\":5120,\"statement_bytes\":0,\"cache_hits\":1,\"cache_misses\":6,\"cache_writes\":0},{\"cache_bytes\":5120,\"statement_bytes\":0,\"cache_hits\":1,\"cache_misses\":6,\"cache_writes\":0},{\"cache_bytes\":5120,\"statement_bytes\":0,\"cache_hits\":1,\"cache_misses\":6,\"cache_writes\":0},{\"cache_bytes\":5120,\"statement_bytes\":0,\"cache_hits\":1,\"cache_misses\":6,\"cache_writes\":0},{\"cache_bytes\":5120,\"statement_bytes\":0,\"cache_hits\":1,\"cache_misses\":6,\"cache_writes\":0},{\"cache_bytes\":5120,\"statement_bytes\":0,\"cache_hits\":1,\"cache_misses\":6,\"cache_writes\":0},{\"cache_bytes\":5120,\"statement_bytes\":0,\"cache_hits\":1,\"cache_misses\":6,\"cache_writes\":0},{\"cache_bytes\":13824,\"statement_bytes\":351744,\"cache_hits\":25501,\"cache_misses\":2315,\"cache_writes\":0}]},\"sqlite_busy_errors\":0,\"blocking_threads\":0,\"blocking_threads_peak\":1,\"blocking_active\":0,\"blocking_queued\":0,\"scrypt_active\":0,\"scrypt_peak\":1}"},"target":"snowtime_axum"}
{"timestamp":"2026-10-08T10:34:42.765364Z","level":"INFO","fields":{"message":"bench counters","renderers":1,"render_queued":0,"render_busy_answers":0,"database":"{\"read_admission\":{\"active\":0,\"queued\":0,\"limit\":10},\"write_admission\":{\"active\":0,\"queued\":0,\"limit\":1},\"hash_admission\":{\"active\":0,\"queued\":0,\"limit\":10},\"report_admission\":{\"active\":0,\"queued\":0,\"limit\":2},\"writer\":{\"cache_bytes\":61696,\"statement_bytes\":19680,\"cache_hits\":37,\"cache_misses\":18,\"cache_writes\":13},\"readers\":{\"idle\":10,\"connections\":[{\"cache_bytes\":26880,\"statement_bytes\":0,\"cache_hits\":1,\"cache_misses\":6,\"cache_writes\":0},{\"cache_bytes\":26880,\"statement_bytes\":0,\"cache_hits\":1,\"cache_misses\":6,\"cache_writes\":0},{\"cache_bytes\":26880,\"statement_bytes\":0,\"cache_hits\":1,\"cache_misses\":6,\"cache_writes\":0},{\"cache_bytes\":26880,\"statement_bytes\":0,\"cache_hits\":1,\"cache_misses\":6,\"cache_writes\":0},{\"cache_bytes\":26880,\"statement_bytes\":0,\"cache_hits\":1,\"cache_misses\":6,\"cache_writes\":0},{\"cache_bytes\":26880,\"statement_bytes\":0,\"cache_hits\":1,\"cache_misses\":6,\"cache_writes\":0},{\"cache_bytes\":26880,\"statement_bytes\":0,\"cache_hits\":1,\"cache_misses\":6,\"cache_writes\":0},{\"cache_bytes\":26880,\"statement_bytes\":0,\"cache_hits\":1,\"cache_misses\":6,\"cache_writes\":0},{\"cache_bytes\":26880,\"statement_bytes\":0,\"cache_hits\":1,\"cache_misses\":6,\"cache_writes\":0},{\"cache_bytes\":44288,\"statement_bytes\":8192,\"cache_hits\":1,\"cache_misses\":15,\"cache_writes\":0}]},\"sqlite_busy_errors\":0,\"blocking_threads\":1,\"blocking_threads_peak\":1,\"blocking_active\":0,\"blocking_queued\":0,\"scrypt_active\":0,\"scrypt_peak\":1}"},"target":"snowtime_axum"}
{"timestamp":"2026-10-08T10:34:42.875301Z","level":"INFO","fields":{"message":"bench counters","renderers":1,"render_queued":0,"render_busy_answers":0,"database":"{\"read_admission\":{\"active\":0,\"queued\":0,\"limit\":10},\"write_admission\":{\"active\":0,\"queued\":0,\"limit\":1},\"hash_admission\":{\"active\":0,\"queued\":0,\"limit\":10},\"report_admission\":{\"active\":0,\"queued\":0,\"limit\":2},\"writer\":{\"cache_bytes\":96512,\"statement_bytes\":542048,\"cache_hits\":1936,\"cache_misses\":49,\"cache_writes\":81},\"readers\":{\"idle\":10,\"connections\":[{\"cache_bytes\":5120,\"statement_bytes\":0,\"cache_hits\":1,\"cache_misses\":6,\"cache_writes\":0},{\"cache_bytes\":5120,\"statement_bytes\":0,\"cache_hits\":1,\"cache_misses\":6,\"cache_writes\":0},{\"cache_bytes\":5120,\"statement_bytes\":0,\"cache_hits\":1,\"cache_misses\":6,\"cache_writes\":0},{\"cache_bytes\":5120,\"statement_bytes\":0,\"cache_hits\":1,\"cache_misses\":6,\"cache_writes\":0},{\"cache_bytes\":5120,\"statement_bytes\":0,\"cache_hits\":1,\"cache_misses\":6,\"cache_writes\":0},{\"cache_bytes\":5120,\"statement_bytes\":0,\"cache_hits\":1,\"cache_misses\":6,\"cache_writes\":0},{\"cache_bytes\":5120,\"statement_bytes\":0,\"cache_hits\":1,\"cache_misses\":6,\"cache_writes\":0},{\"cache_bytes\":5120,\"statement_bytes\":0,\"cache_hits\":1,\"cache_misses\":6,\"cache_writes\":0},{\"cache_bytes\":5120,\"statement_bytes\":0,\"cache_hits\":1,\"cache_misses\":6,\"cache_writes\":0},{\"cache_bytes\":13824,\"statement_bytes\":351744,\"cache_hits\":25501,\"cache_misses\":2315,\"cache_writes\":0}]},\"sqlite_busy_errors\":0,\"blocking_threads\":0,\"blocking_threads_peak\":1,\"blocking_active\":0,\"blocking_queued\":0,\"scrypt_active\":0,\"scrypt_peak\":1}"},"target":"snowtime_axum"}
{"timestamp":"2026-10-08T10:34:43.767939Z","level":"INFO","fields":{"message":"bench counters","renderers":1,"render_queued":0,"render_busy_answers":0,"database":"{\"read_admission\":{\"active\":0,\"queued\":0,\"limit\":10},\"write_admission\":{\"active\":0,\"queued\":0,\"limit\":1},\"hash_admission\":{\"active\":0,\"queued\":0,\"limit\":10},\"report_admission\":{\"active\":0,\"queued\":0,\"limit\":2},\"writer\":{\"cache_bytes\":61696,\"statement_bytes\":19680,\"cache_hits\":37,\"cache_misses\":18,\"cache_writes\":13},\"readers\":{\"idle\":10,\"connections\":[{\"cache_bytes\":26880,\"statement_bytes\":0,\"cache_hits\":1,\"cache_misses\":6,\"cache_writes\":0},{\"cache_bytes\":26880,\"statement_bytes\":0,\"cache_hits\":1,\"cache_misses\":6,\"cache_writes\":0},{\"cache_bytes\":26880,\"statement_bytes\":0,\"cache_hits\":1,\"cache_misses\":6,\"cache_writes\":0},{\"cache_bytes\":26880,\"statement_bytes\":0,\"cache_hits\":1,\"cache_misses\":6,\"cache_writes\":0},{\"cache_bytes\":26880,\"statement_bytes\":0,\"cache_hits\":1,\"cache_misses\":6,\"cache_writes\":0},{\"cache_bytes\":26880,\"statement_bytes\":0,\"cache_hits\":1,\"cache_misses\":6,\"cache_writes\":0},{\"cache_bytes\":26880,\"statement_bytes\":0,\"cache_hits\":1,\"cache_misses\":6,\"cache_writes\":0},{\"cache_bytes\":26880,\"statement_bytes\":0,\"cache_hits\":1,\"cache_misses\":6,\"cache_writes\":0},{\"cache_bytes\":26880,\"statement_bytes\":0,\"cache_hits\":1,\"cache_misses\":6,\"cache_writes\":0},{\"cache_bytes\":44288,\"statement_bytes\":8192,\"cache_hits\":1,\"cache_misses\":15,\"cache_writes\":0}]},\"sqlite_busy_errors\":0,\"blocking_threads\":1,\"blocking_threads_peak\":1,\"blocking_active\":0,\"blocking_queued\":0,\"scrypt_active\":0,\"scrypt_peak\":1}"},"target":"snowtime_axum"}
{"timestamp":"2026-10-08T10:34:43.878261Z","level":"INFO","fields":{"message":"bench counters","renderers":1,"render_queued":0,"render_busy_answers":0,"database":"{\"read_admission\":{\"active\":0,\"queued\":0,\"limit\":10},\"write_admission\":{\"active\":0,\"queued\":0,\"limit\":1},\"hash_admission\":{\"active\":0,\"queued\":0,\"limit\":10},\"report_admission\":{\"active\":0,\"queued\":0,\"limit\":2},\"writer\":{\"cache_bytes\":96512,\"statement_bytes\":542048,\"cache_hits\":1936,\"cache_misses\":49,\"cache_writes\":81},\"readers\":{\"idle\":10,\"connections\":[{\"cache_bytes\":5120,\"statement_bytes\":0,\"cache_hits\":1,\"cache_misses\":6,\"cache_writes\":0},{\"cache_bytes\":5120,\"statement_bytes\":0,\"cache_hits\":1,\"cache_misses\":6,\"cache_writes\":0},{\"cache_bytes\":5120,\"statement_bytes\":0,\"cache_hits\":1,\"cache_misses\":6,\"cache_writes\":0},{\"cache_bytes\":5120,\"statement_bytes\":0,\"cache_hits\":1,\"cache_misses\":6,\"cache_writes\":0},{\"cache_bytes\":5120,\"statement_bytes\":0,\"cache_hits\":1,\"cache_misses\":6,\"cache_writes\":0},{\"cache_bytes\":5120,\"statement_bytes\":0,\"cache_hits\":1,\"cache_misses\":6,\"cache_writes\":0},{\"cache_bytes\":5120,\"statement_bytes\":0,\"cache_hits\":1,\"cache_misses\":6,\"cache_writes\":0},{\"cache_bytes\":5120,\"statement_bytes\":0,\"cache_hits\":1,\"cache_misses\":6,\"cache_writes\":0},{\"cache_bytes\":5120,\"statement_bytes\":0,\"cache_hits\":1,\"cache_misses\":6,\"cache_writes\":0},{\"cache_bytes\":13824,\"statement_bytes\":351744,\"cache_hits\":25501,\"cache_misses\":2315,\"cache_writes\":0}]},\"sqlite_busy_errors\":0,\"blocking_threads\":0,\"blocking_threads_peak\":1,\"blocking_active\":0,\"blocking_queued\":0,\"scrypt_active\":0,\"scrypt_peak\":1}"},"target":"snowtime_axum"}
{"timestamp":"2026-10-08T10:34:44.769688Z","level":"INFO","fields":{"message":"bench counters","renderers":1,"render_queued":0,"render_busy_answers":0,"database":"{\"read_admission\":{\"active\":0,\"queued\":0,\"limit\":10},\"write_admission\":{\"active\":0,\"queued\":0,\"limit\":1},\"hash_admission\":{\"active\":0,\"queued\":0,\"limit\":10},\"report_admission\":{\"active\":0,\"queued\":0,\"limit\":2},\"writer\":{\"cache_bytes\":61696,\"statement_bytes\":19680,\"cache_hits\":37,\"cache_misses\":18,\"cache_writes\":13},\"readers\":{\"idle\":10,\"connections\":[{\"cache_bytes\":26880,\"statement_bytes\":0,\"cache_hits\":1,\"cache_misses\":6,\"cache_writes\":0},{\"cache_bytes\":26880,\"statement_bytes\":0,\"cache_hits\":1,\"cache_misses\":6,\"cache_writes\":0},{\"cache_bytes\":26880,\"statement_bytes\":0,\"cache_hits\":1,\"cache_misses\":6,\"cache_writes\":0},{\"cache_bytes\":26880,\"statement_bytes\":0,\"cache_hits\":1,\"cache_misses\":6,\"cache_writes\":0},{\"cache_bytes\":26880,\"statement_bytes\":0,\"cache_hits\":1,\"cache_misses\":6,\"cache_writes\":0},{\"cache_bytes\":26880,\"statement_bytes\":0,\"cache_hits\":1,\"cache_misses\":6,\"cache_writes\":0},{\"cache_bytes\":26880,\"statement_bytes\":0,\"cache_hits\":1,\"cache_misses\":6,\"cache_writes\":0},{\"cache_bytes\":26880,\"statement_bytes\":0,\"cache_hits\":1,\"cache_misses\":6,\"cache_writes\":0},{\"cache_bytes\":26880,\"statement_bytes\":0,\"cache_hits\":1,\"cache_misses\":6,\"cache_writes\":0},{\"cache_bytes\":44288,\"statement_bytes\":8192,\"cache_hits\":1,\"cache_misses\":15,\"cache_writes\":0}]},\"sqlite_busy_errors\":0,\"blocking_threads\":1,\"blocking_threads_peak\":1,\"blocking_active\":0,\"blocking_queued\":0,\"scrypt_active\":0,\"scrypt_peak\":1}"},"target":"snowtime_axum"}
{"timestamp":"2026-10-08T10:34:44.881199Z","level":"INFO","fields":{"message":"bench counters","renderers":1,"render_queued":0,"render_busy_answers":0,"database":"{\"read_admission\":{\"active\":0,\"queued\":0,\"limit\":10},\"write_admission\":{\"active\":0,\"queued\":0,\"limit\":1},\"hash_admission\":{\"active\":0,\"queued\":0,\"limit\":10},\"report_admission\":{\"active\":0,\"queued\":0,\"limit\":2},\"writer\":{\"cache_bytes\":96512,\"statement_bytes\":542048,\"cache_hits\":1936,\"cache_misses\":49,\"cache_writes\":81},\"readers\":{\"idle\":10,\"connections\":[{\"cache_bytes\":5120,\"statement_bytes\":0,\"cache_hits\":1,\"cache_misses\":6,\"cache_writes\":0},{\"cache_bytes\":5120,\"statement_bytes\":0,\"cache_hits\":1,\"cache_misses\":6,\"cache_writes\":0},{\"cache_bytes\":5120,\"statement_bytes\":0,\"cache_hits\":1,\"cache_misses\":6,\"cache_writes\":0},{\"cache_bytes\":5120,\"statement_bytes\":0,\"cache_hits\":1,\"cache_misses\":6,\"cache_writes\":0},{\"cache_bytes\":5120,\"statement_bytes\":0,\"cache_hits\":1,\"cache_misses\":6,\"cache_writes\":0},{\"cache_bytes\":5120,\"statement_bytes\":0,\"cache_hits\":1,\"cache_misses\":6,\"cache_writes\":0},{\"cache_bytes\":5120,\"statement_bytes\":0,\"cache_hits\":1,\"cache_misses\":6,\"cache_writes\":0},{\"cache_bytes\":5120,\"statement_bytes\":0,\"cache_hits\":1,\"cache_misses\":6,\"cache_writes\":0},{\"cache_bytes\":5120,\"statement_bytes\":0,\"cache_hits\":1,\"cache_misses\":6,\"cache_writes\":0},{\"cache_bytes\":13824,\"statement_bytes\":351744,\"cache_hits\":25501,\"cache_misses\":2315,\"cache_writes\":0}]},\"sqlite_busy_errors\":0,\"blocking_threads\":0,\"blocking_threads_peak\":1,\"blocking_active\":0,\"blocking_queued\":0,\"scrypt_active\":0,\"scrypt_peak\":1}"},"target":"snowtime_axum"}
{"timestamp":"2026-10-08T10:34:45.883413Z","level":"INFO","fields":{"message":"bench counters","renderers":1,"render_queued":0,"render_busy_answers":0,"database":"{\"read_admission\":{\"active\":0,\"queued\":0,\"limit\":10},\"write_admission\":{\"active\":0,\"queued\":0,\"limit\":1},\"hash_admission\":{\"active\":0,\"queued\":0,\"limit\":10},\"report_admission\":{\"active\":0,\"queued\":0,\"limit\":2},\"writer\":{\"cache_bytes\":96512,\"statement_bytes\":542048,\"cache_hits\":1936,\"cache_misses\":49,\"cache_writes\":81},\"readers\":{\"idle\":10,\"connections\":[{\"cache_bytes\":5120,\"statement_bytes\":0,\"cache_hits\":1,\"cache_misses\":6,\"cache_writes\":0},{\"cache_bytes\":5120,\"statement_bytes\":0,\"cache_hits\":1,\"cache_misses\":6,\"cache_writes\":0},{\"cache_bytes\":5120,\"statement_bytes\":0,\"cache_hits\":1,\"cache_misses\":6,\"cache_writes\":0},{\"cache_bytes\":5120,\"statement_bytes\":0,\"cache_hits\":1,\"cache_misses\":6,\"cache_writes\":0},{\"cache_bytes\":5120,\"statement_bytes\":0,\"cache_hits\":1,\"cache_misses\":6,\"cache_writes\":0},{\"cache_bytes\":5120,\"statement_bytes\":0,\"cache_hits\":1,\"cache_misses\":6,\"cache_writes\":0},{\"cache_bytes\":5120,\"statement_bytes\":0,\"cache_hits\":1,\"cache_misses\":6,\"cache_writes\":0},{\"cache_bytes\":5120,\"statement_bytes\":0,\"cache_hits\":1,\"cache_misses\":6,\"cache_writes\":0},{\"cache_bytes\":5120,\"statement_bytes\":0,\"cache_hits\":1,\"cache_misses\":6,\"cache_writes\":0},{\"cache_bytes\":13824,\"statement_bytes\":351744,\"cache_hits\":25501,\"cache_misses\":2315,\"cache_writes\":0}]},\"sqlite_busy_errors\":0,\"blocking_threads\":0,\"blocking_threads_peak\":1,\"blocking_active\":0,\"blocking_queued\":0,\"scrypt_active\":0,\"scrypt_peak\":1}"},"target":"snowtime_axum"}
{"timestamp":"2026-10-08T10:34:46.026662Z","level":"INFO","fields":{"message":"sized the renderers","limit_mib":32768,"source":"physical memory","cpus":10,"renderers":10,"heap_mib":128,"semi_space_mib":32},"target":"snowtime_axum"}
{"timestamp":"2026-10-08T10:34:46.027294Z","level":"INFO","fields":{"message":"listening","address":"127.0.0.1:64789","tls":false},"target":"snowtime_axum"}
{"timestamp":"2026-10-08T10:34:46.886081Z","level":"INFO","fields":{"message":"bench counters","renderers":1,"render_queued":0,"render_busy_answers":0,"database":"{\"read_admission\":{\"active\":0,\"queued\":0,\"limit\":10},\"write_admission\":{\"active\":0,\"queued\":0,\"limit\":1},\"hash_admission\":{\"active\":0,\"queued\":0,\"limit\":10},\"report_admission\":{\"active\":0,\"queued\":0,\"limit\":2},\"writer\":{\"cache_bytes\":96512,\"statement_bytes\":542048,\"cache_hits\":1936,\"cache_misses\":49,\"cache_writes\":81},\"readers\":{\"idle\":10,\"connections\":[{\"cache_bytes\":5120,\"statement_bytes\":0,\"cache_hits\":1,\"cache_misses\":6,\"cache_writes\":0},{\"cache_bytes\":5120,\"statement_bytes\":0,\"cache_hits\":1,\"cache_misses\":6,\"cache_writes\":0},{\"cache_bytes\":5120,\"statement_bytes\":0,\"cache_hits\":1,\"cache_misses\":6,\"cache_writes\":0},{\"cache_bytes\":5120,\"statement_bytes\":0,\"cache_hits\":1,\"cache_misses\":6,\"cache_writes\":0},{\"cache_bytes\":5120,\"statement_bytes\":0,\"cache_hits\":1,\"cache_misses\":6,\"cache_writes\":0},{\"cache_bytes\":5120,\"statement_bytes\":0,\"cache_hits\":1,\"cache_misses\":6,\"cache_writes\":0},{\"cache_bytes\":5120,\"statement_bytes\":0,\"cache_hits\":1,\"cache_misses\":6,\"cache_writes\":0},{\"cache_bytes\":5120,\"statement_bytes\":0,\"cache_hits\":1,\"cache_misses\":6,\"cache_writes\":0},{\"cache_bytes\":5120,\"statement_bytes\":0,\"cache_hits\":1,\"cache_misses\":6,\"cache_writes\":0},{\"cache_bytes\":13824,\"statement_bytes\":351744,\"cache_hits\":25501,\"cache_misses\":2315,\"cache_writes\":0}]},\"sqlite_busy_errors\":0,\"blocking_threads\":0,\"blocking_threads_peak\":1,\"blocking_active\":0,\"blocking_queued\":0,\"scrypt_active\":0,\"scrypt_peak\":1}"},"target":"snowtime_axum"}
{"timestamp":"2026-10-08T10:34:47.029511Z","level":"INFO","fields":{"message":"bench counters","renderers":1,"render_queued":0,"render_busy_answers":0,"database":"{\"read_admission\":{\"active\":0,\"queued\":0,\"limit\":10},\"write_admission\":{\"active\":0,\"queued\":0,\"limit\":1},\"hash_admission\":{\"active\":1,\"queued\":0,\"limit\":10},\"report_admission\":{\"active\":0,\"queued\":0,\"limit\":2},\"writer\":{\"cache_bytes\":52992,\"statement_bytes\":6688,\"cache_hits\":23,\"cache_misses\":16,\"cache_writes\":9},\"readers\":{\"idle\":10,\"connections\":[{\"cache_bytes\":26880,\"statement_bytes\":0,\"cache_hits\":1,\"cache_misses\":6,\"cache_writes\":0},{\"cache_bytes\":26880,\"statement_bytes\":0,\"cache_hits\":1,\"cache_misses\":6,\"cache_writes\":0},{\"cache_bytes\":26880,\"statement_bytes\":0,\"cache_hits\":1,\"cache_misses\":6,\"cache_writes\":0},{\"cache_bytes\":26880,\"statement_bytes\":0,\"cache_hits\":1,\"cache_misses\":6,\"cache_writes\":0},{\"cache_bytes\":26880,\"statement_bytes\":0,\"cache_hits\":1,\"cache_misses\":6,\"cache_writes\":0},{\"cache_bytes\":26880,\"statement_bytes\":0,\"cache_hits\":1,\"cache_misses\":6,\"cache_writes\":0},{\"cache_bytes\":26880,\"statement_bytes\":0,\"cache_hits\":1,\"cache_misses\":6,\"cache_writes\":0},{\"cache_bytes\":26880,\"statement_bytes\":0,\"cache_hits\":1,\"cache_misses\":6,\"cache_writes\":0},{\"cache_bytes\":26880,\"statement_bytes\":0,\"cache_hits\":1,\"cache_misses\":6,\"cache_writes\":0},{\"cache_bytes\":26880,\"statement_bytes\":0,\"cache_hits\":1,\"cache_misses\":6,\"cache_writes\":0}]},\"sqlite_busy_errors\":0,\"blocking_threads\":1,\"blocking_threads_peak\":1,\"blocking_active\":0,\"blocking_queued\":0,\"scrypt_active\":1,\"scrypt_peak\":1}"},"target":"snowtime_axum"}
same bytes                 authAcceptInvitation existing member: reuse owner without demotion (200, 531 bytes)
same bytes                 authAcceptInvitation existing member: closed preview (200, 62 bytes)
same bytes                 authAcceptInvitation existing member: repeat refuses (400, 64 bytes)
same bytes                 authAcceptInvitation existing member: roles and counts (200, 5608 bytes)
same bytes                 authAcceptInvitation existing member: team assignment (200, 1670 bytes)
same bytes                 authAcceptInvitation existing member: active organization (200, 1146 bytes)
{"timestamp":"2026-10-08T10:34:47.887908Z","level":"INFO","fields":{"message":"bench counters","renderers":1,"render_queued":0,"render_busy_answers":0,"database":"{\"read_admission\":{\"active\":0,\"queued\":0,\"limit\":10},\"write_admission\":{\"active\":0,\"queued\":0,\"limit\":1},\"hash_admission\":{\"active\":0,\"queued\":0,\"limit\":10},\"report_admission\":{\"active\":0,\"queued\":0,\"limit\":2},\"writer\":{\"cache_bytes\":96512,\"statement_bytes\":542048,\"cache_hits\":1936,\"cache_misses\":49,\"cache_writes\":81},\"readers\":{\"idle\":10,\"connections\":[{\"cache_bytes\":5120,\"statement_bytes\":0,\"cache_hits\":1,\"cache_misses\":6,\"cache_writes\":0},{\"cache_bytes\":5120,\"statement_bytes\":0,\"cache_hits\":1,\"cache_misses\":6,\"cache_writes\":0},{\"cache_bytes\":5120,\"statement_bytes\":0,\"cache_hits\":1,\"cache_misses\":6,\"cache_writes\":0},{\"cache_bytes\":5120,\"statement_bytes\":0,\"cache_hits\":1,\"cache_misses\":6,\"cache_writes\":0},{\"cache_bytes\":5120,\"statement_bytes\":0,\"cache_hits\":1,\"cache_misses\":6,\"cache_writes\":0},{\"cache_bytes\":5120,\"statement_bytes\":0,\"cache_hits\":1,\"cache_misses\":6,\"cache_writes\":0},{\"cache_bytes\":5120,\"statement_bytes\":0,\"cache_hits\":1,\"cache_misses\":6,\"cache_writes\":0},{\"cache_bytes\":5120,\"statement_bytes\":0,\"cache_hits\":1,\"cache_misses\":6,\"cache_writes\":0},{\"cache_bytes\":5120,\"statement_bytes\":0,\"cache_hits\":1,\"cache_misses\":6,\"cache_writes\":0},{\"cache_bytes\":13824,\"statement_bytes\":351744,\"cache_hits\":25501,\"cache_misses\":2315,\"cache_writes\":0}]},\"sqlite_busy_errors\":0,\"blocking_threads\":0,\"blocking_threads_peak\":1,\"blocking_active\":0,\"blocking_queued\":0,\"scrypt_active\":0,\"scrypt_peak\":1}"},"target":"snowtime_axum"}
{"timestamp":"2026-10-08T10:34:48.031914Z","level":"INFO","fields":{"message":"bench counters","renderers":1,"render_queued":0,"render_busy_answers":0,"database":"{\"read_admission\":{\"active\":0,\"queued\":0,\"limit\":10},\"write_admission\":{\"active\":0,\"queued\":0,\"limit\":1},\"hash_admission\":{\"active\":0,\"queued\":0,\"limit\":10},\"report_admission\":{\"active\":0,\"queued\":0,\"limit\":2},\"writer\":{\"cache_bytes\":105216,\"statement_bytes\":39424,\"cache_hits\":55,\"cache_misses\":28,\"cache_writes\":21},\"readers\":{\"idle\":10,\"connections\":[{\"cache_bytes\":26880,\"statement_bytes\":0,\"cache_hits\":1,\"cache_misses\":6,\"cache_writes\":0},{\"cache_bytes\":26880,\"statement_bytes\":0,\"cache_hits\":1,\"cache_misses\":6,\"cache_writes\":0},{\"cache_bytes\":26880,\"statement_bytes\":0,\"cache_hits\":1,\"cache_misses\":6,\"cache_writes\":0},{\"cache_bytes\":26880,\"statement_bytes\":0,\"cache_hits\":1,\"cache_misses\":6,\"cache_writes\":0},{\"cache_bytes\":26880,\"statement_bytes\":0,\"cache_hits\":1,\"cache_misses\":6,\"cache_writes\":0},{\"cache_bytes\":26880,\"statement_bytes\":0,\"cache_hits\":1,\"cache_misses\":6,\"cache_writes\":0},{\"cache_bytes\":26880,\"statement_bytes\":0,\"cache_hits\":1,\"cache_misses\":6,\"cache_writes\":0},{\"cache_bytes\":26880,\"statement_bytes\":0,\"cache_hits\":1,\"cache_misses\":6,\"cache_writes\":0},{\"cache_bytes\":26880,\"statement_bytes\":0,\"cache_hits\":1,\"cache_misses\":6,\"cache_writes\":0},{\"cache_bytes\":148736,\"statement_bytes\":58656,\"cache_hits\":44,\"cache_misses\":39,\"cache_writes\":0}]},\"sqlite_busy_errors\":0,\"blocking_threads\":1,\"blocking_threads_peak\":1,\"blocking_active\":0,\"blocking_queued\":0,\"scrypt_active\":0,\"scrypt_peak\":1}"},"target":"snowtime_axum"}
{"timestamp":"2026-10-08T10:34:48.890805Z","level":"INFO","fields":{"message":"bench counters","renderers":1,"render_queued":0,"render_busy_answers":0,"database":"{\"read_admission\":{\"active\":0,\"queued\":0,\"limit\":10},\"write_admission\":{\"active\":0,\"queued\":0,\"limit\":1},\"hash_admission\":{\"active\":0,\"queued\":0,\"limit\":10},\"report_admission\":{\"active\":0,\"queued\":0,\"limit\":2},\"writer\":{\"cache_bytes\":96512,\"statement_bytes\":542048,\"cache_hits\":1936,\"cache_misses\":49,\"cache_writes\":81},\"readers\":{\"idle\":10,\"connections\":[{\"cache_bytes\":5120,\"statement_bytes\":0,\"cache_hits\":1,\"cache_misses\":6,\"cache_writes\":0},{\"cache_bytes\":5120,\"statement_bytes\":0,\"cache_hits\":1,\"cache_misses\":6,\"cache_writes\":0},{\"cache_bytes\":5120,\"statement_bytes\":0,\"cache_hits\":1,\"cache_misses\":6,\"cache_writes\":0},{\"cache_bytes\":5120,\"statement_bytes\":0,\"cache_hits\":1,\"cache_misses\":6,\"cache_writes\":0},{\"cache_bytes\":5120,\"statement_bytes\":0,\"cache_hits\":1,\"cache_misses\":6,\"cache_writes\":0},{\"cache_bytes\":5120,\"statement_bytes\":0,\"cache_hits\":1,\"cache_misses\":6,\"cache_writes\":0},{\"cache_bytes\":5120,\"statement_bytes\":0,\"cache_hits\":1,\"cache_misses\":6,\"cache_writes\":0},{\"cache_bytes\":5120,\"statement_bytes\":0,\"cache_hits\":1,\"cache_misses\":6,\"cache_writes\":0},{\"cache_bytes\":5120,\"statement_bytes\":0,\"cache_hits\":1,\"cache_misses\":6,\"cache_writes\":0},{\"cache_bytes\":13824,\"statement_bytes\":351744,\"cache_hits\":25501,\"cache_misses\":2315,\"cache_writes\":0}]},\"sqlite_busy_errors\":0,\"blocking_threads\":0,\"blocking_threads_peak\":1,\"blocking_active\":0,\"blocking_queued\":0,\"scrypt_active\":0,\"scrypt_peak\":1}"},"target":"snowtime_axum"}
{"timestamp":"2026-10-08T10:34:49.034210Z","level":"INFO","fields":{"message":"bench counters","renderers":1,"render_queued":0,"render_busy_answers":0,"database":"{\"read_admission\":{\"active\":0,\"queued\":0,\"limit\":10},\"write_admission\":{\"active\":0,\"queued\":0,\"limit\":1},\"hash_admission\":{\"active\":0,\"queued\":0,\"limit\":10},\"report_admission\":{\"active\":0,\"queued\":0,\"limit\":2},\"writer\":{\"cache_bytes\":105216,\"statement_bytes\":39424,\"cache_hits\":55,\"cache_misses\":28,\"cache_writes\":21},\"readers\":{\"idle\":10,\"connections\":[{\"cache_bytes\":26880,\"statement_bytes\":0,\"cache_hits\":1,\"cache_misses\":6,\"cache_writes\":0},{\"cache_bytes\":26880,\"statement_bytes\":0,\"cache_hits\":1,\"cache_misses\":6,\"cache_writes\":0},{\"cache_bytes\":26880,\"statement_bytes\":0,\"cache_hits\":1,\"cache_misses\":6,\"cache_writes\":0},{\"cache_bytes\":26880,\"statement_bytes\":0,\"cache_hits\":1,\"cache_misses\":6,\"cache_writes\":0},{\"cache_bytes\":26880,\"statement_bytes\":0,\"cache_hits\":1,\"cache_misses\":6,\"cache_writes\":0},{\"cache_bytes\":26880,\"statement_bytes\":0,\"cache_hits\":1,\"cache_misses\":6,\"cache_writes\":0},{\"cache_bytes\":26880,\"statement_bytes\":0,\"cache_hits\":1,\"cache_misses\":6,\"cache_writes\":0},{\"cache_bytes\":26880,\"statement_bytes\":0,\"cache_hits\":1,\"cache_misses\":6,\"cache_writes\":0},{\"cache_bytes\":26880,\"statement_bytes\":0,\"cache_hits\":1,\"cache_misses\":6,\"cache_writes\":0},{\"cache_bytes\":148736,\"statement_bytes\":58656,\"cache_hits\":44,\"cache_misses\":39,\"cache_writes\":0}]},\"sqlite_busy_errors\":0,\"blocking_threads\":1,\"blocking_threads_peak\":1,\"blocking_active\":0,\"blocking_queued\":0,\"scrypt_active\":0,\"scrypt_peak\":1}"},"target":"snowtime_axum"}
{"timestamp":"2026-10-08T10:34:49.893794Z","level":"INFO","fields":{"message":"bench counters","renderers":1,"render_queued":0,"render_busy_answers":0,"database":"{\"read_admission\":{\"active\":0,\"queued\":0,\"limit\":10},\"write_admission\":{\"active\":0,\"queued\":0,\"limit\":1},\"hash_admission\":{\"active\":0,\"queued\":0,\"limit\":10},\"report_admission\":{\"active\":0,\"queued\":0,\"limit\":2},\"writer\":{\"cache_bytes\":96512,\"statement_bytes\":542048,\"cache_hits\":1936,\"cache_misses\":49,\"cache_writes\":81},\"readers\":{\"idle\":10,\"connections\":[{\"cache_bytes\":5120,\"statement_bytes\":0,\"cache_hits\":1,\"cache_misses\":6,\"cache_writes\":0},{\"cache_bytes\":5120,\"statement_bytes\":0,\"cache_hits\":1,\"cache_misses\":6,\"cache_writes\":0},{\"cache_bytes\":5120,\"statement_bytes\":0,\"cache_hits\":1,\"cache_misses\":6,\"cache_writes\":0},{\"cache_bytes\":5120,\"statement_bytes\":0,\"cache_hits\":1,\"cache_misses\":6,\"cache_writes\":0},{\"cache_bytes\":5120,\"statement_bytes\":0,\"cache_hits\":1,\"cache_misses\":6,\"cache_writes\":0},{\"cache_bytes\":5120,\"statement_bytes\":0,\"cache_hits\":1,\"cache_misses\":6,\"cache_writes\":0},{\"cache_bytes\":5120,\"statement_bytes\":0,\"cache_hits\":1,\"cache_misses\":6,\"cache_writes\":0},{\"cache_bytes\":5120,\"statement_bytes\":0,\"cache_hits\":1,\"cache_misses\":6,\"cache_writes\":0},{\"cache_bytes\":5120,\"statement_bytes\":0,\"cache_hits\":1,\"cache_misses\":6,\"cache_writes\":0},{\"cache_bytes\":13824,\"statement_bytes\":351744,\"cache_hits\":25501,\"cache_misses\":2315,\"cache_writes\":0}]},\"sqlite_busy_errors\":0,\"blocking_threads\":0,\"blocking_threads_peak\":1,\"blocking_active\":0,\"blocking_queued\":0,\"scrypt_active\":0,\"scrypt_peak\":1}"},"target":"snowtime_axum"}
{"timestamp":"2026-10-08T10:34:50.036645Z","level":"INFO","fields":{"message":"bench counters","renderers":1,"render_queued":0,"render_busy_answers":0,"database":"{\"read_admission\":{\"active\":0,\"queued\":0,\"limit\":10},\"write_admission\":{\"active\":0,\"queued\":0,\"limit\":1},\"hash_admission\":{\"active\":0,\"queued\":0,\"limit\":10},\"report_admission\":{\"active\":0,\"queued\":0,\"limit\":2},\"writer\":{\"cache_bytes\":105216,\"statement_bytes\":39424,\"cache_hits\":55,\"cache_misses\":28,\"cache_writes\":21},\"readers\":{\"idle\":10,\"connections\":[{\"cache_bytes\":26880,\"statement_bytes\":0,\"cache_hits\":1,\"cache_misses\":6,\"cache_writes\":0},{\"cache_bytes\":26880,\"statement_bytes\":0,\"cache_hits\":1,\"cache_misses\":6,\"cache_writes\":0},{\"cache_bytes\":26880,\"statement_bytes\":0,\"cache_hits\":1,\"cache_misses\":6,\"cache_writes\":0},{\"cache_bytes\":26880,\"statement_bytes\":0,\"cache_hits\":1,\"cache_misses\":6,\"cache_writes\":0},{\"cache_bytes\":26880,\"statement_bytes\":0,\"cache_hits\":1,\"cache_misses\":6,\"cache_writes\":0},{\"cache_bytes\":26880,\"statement_bytes\":0,\"cache_hits\":1,\"cache_misses\":6,\"cache_writes\":0},{\"cache_bytes\":26880,\"statement_bytes\":0,\"cache_hits\":1,\"cache_misses\":6,\"cache_writes\":0},{\"cache_bytes\":26880,\"statement_bytes\":0,\"cache_hits\":1,\"cache_misses\":6,\"cache_writes\":0},{\"cache_bytes\":26880,\"statement_bytes\":0,\"cache_hits\":1,\"cache_misses\":6,\"cache_writes\":0},{\"cache_bytes\":148736,\"statement_bytes\":58656,\"cache_hits\":44,\"cache_misses\":39,\"cache_writes\":0}]},\"sqlite_busy_errors\":0,\"blocking_threads\":1,\"blocking_threads_peak\":1,\"blocking_active\":0,\"blocking_queued\":0,\"scrypt_active\":0,\"scrypt_peak\":1}"},"target":"snowtime_axum"}
{"timestamp":"2026-10-08T10:34:50.896828Z","level":"INFO","fields":{"message":"bench counters","renderers":1,"render_queued":0,"render_busy_answers":0,"database":"{\"read_admission\":{\"active\":0,\"queued\":0,\"limit\":10},\"write_admission\":{\"active\":0,\"queued\":0,\"limit\":1},\"hash_admission\":{\"active\":0,\"queued\":0,\"limit\":10},\"report_admission\":{\"active\":0,\"queued\":0,\"limit\":2},\"writer\":{\"cache_bytes\":96512,\"statement_bytes\":542048,\"cache_hits\":1936,\"cache_misses\":49,\"cache_writes\":81},\"readers\":{\"idle\":10,\"connections\":[{\"cache_bytes\":5120,\"statement_bytes\":0,\"cache_hits\":1,\"cache_misses\":6,\"cache_writes\":0},{\"cache_bytes\":5120,\"statement_bytes\":0,\"cache_hits\":1,\"cache_misses\":6,\"cache_writes\":0},{\"cache_bytes\":5120,\"statement_bytes\":0,\"cache_hits\":1,\"cache_misses\":6,\"cache_writes\":0},{\"cache_bytes\":5120,\"statement_bytes\":0,\"cache_hits\":1,\"cache_misses\":6,\"cache_writes\":0},{\"cache_bytes\":5120,\"statement_bytes\":0,\"cache_hits\":1,\"cache_misses\":6,\"cache_writes\":0},{\"cache_bytes\":5120,\"statement_bytes\":0,\"cache_hits\":1,\"cache_misses\":6,\"cache_writes\":0},{\"cache_bytes\":5120,\"statement_bytes\":0,\"cache_hits\":1,\"cache_misses\":6,\"cache_writes\":0},{\"cache_bytes\":5120,\"statement_bytes\":0,\"cache_hits\":1,\"cache_misses\":6,\"cache_writes\":0},{\"cache_bytes\":5120,\"statement_bytes\":0,\"cache_hits\":1,\"cache_misses\":6,\"cache_writes\":0},{\"cache_bytes\":13824,\"statement_bytes\":351744,\"cache_hits\":25501,\"cache_misses\":2315,\"cache_writes\":0}]},\"sqlite_busy_errors\":0,\"blocking_threads\":0,\"blocking_threads_peak\":1,\"blocking_active\":0,\"blocking_queued\":0,\"scrypt_active\":0,\"scrypt_peak\":1}"},"target":"snowtime_axum"}
{"timestamp":"2026-10-08T10:34:51.287576Z","level":"INFO","fields":{"message":"sized the renderers","limit_mib":32768,"source":"physical memory","cpus":10,"renderers":10,"heap_mib":128,"semi_space_mib":32},"target":"snowtime_axum"}
{"timestamp":"2026-10-08T10:34:51.288194Z","level":"INFO","fields":{"message":"listening","address":"127.0.0.1:64795","tls":false},"target":"snowtime_axum"}
{"timestamp":"2026-10-08T10:34:51.899654Z","level":"INFO","fields":{"message":"bench counters","renderers":1,"render_queued":0,"render_busy_answers":0,"database":"{\"read_admission\":{\"active\":0,\"queued\":0,\"limit\":10},\"write_admission\":{\"active\":0,\"queued\":0,\"limit\":1},\"hash_admission\":{\"active\":0,\"queued\":0,\"limit\":10},\"report_admission\":{\"active\":0,\"queued\":0,\"limit\":2},\"writer\":{\"cache_bytes\":96512,\"statement_bytes\":542048,\"cache_hits\":1936,\"cache_misses\":49,\"cache_writes\":81},\"readers\":{\"idle\":10,\"connections\":[{\"cache_bytes\":5120,\"statement_bytes\":0,\"cache_hits\":1,\"cache_misses\":6,\"cache_writes\":0},{\"cache_bytes\":5120,\"statement_bytes\":0,\"cache_hits\":1,\"cache_misses\":6,\"cache_writes\":0},{\"cache_bytes\":5120,\"statement_bytes\":0,\"cache_hits\":1,\"cache_misses\":6,\"cache_writes\":0},{\"cache_bytes\":5120,\"statement_bytes\":0,\"cache_hits\":1,\"cache_misses\":6,\"cache_writes\":0},{\"cache_bytes\":5120,\"statement_bytes\":0,\"cache_hits\":1,\"cache_misses\":6,\"cache_writes\":0},{\"cache_bytes\":5120,\"statement_bytes\":0,\"cache_hits\":1,\"cache_misses\":6,\"cache_writes\":0},{\"cache_bytes\":5120,\"statement_bytes\":0,\"cache_hits\":1,\"cache_misses\":6,\"cache_writes\":0},{\"cache_bytes\":5120,\"statement_bytes\":0,\"cache_hits\":1,\"cache_misses\":6,\"cache_writes\":0},{\"cache_bytes\":5120,\"statement_bytes\":0,\"cache_hits\":1,\"cache_misses\":6,\"cache_writes\":0},{\"cache_bytes\":13824,\"statement_bytes\":351744,\"cache_hits\":25501,\"cache_misses\":2315,\"cache_writes\":0}]},\"sqlite_busy_errors\":0,\"blocking_threads\":0,\"blocking_threads_peak\":1,\"blocking_active\":0,\"blocking_queued\":0,\"scrypt_active\":0,\"scrypt_peak\":1}"},"target":"snowtime_axum"}
{"timestamp":"2026-10-08T10:34:52.290239Z","level":"INFO","fields":{"message":"bench counters","renderers":1,"render_queued":0,"render_busy_answers":0,"database":"{\"read_admission\":{\"active\":0,\"queued\":0,\"limit\":10},\"write_admission\":{\"active\":0,\"queued\":0,\"limit\":1},\"hash_admission\":{\"active\":1,\"queued\":0,\"limit\":10},\"report_admission\":{\"active\":0,\"queued\":0,\"limit\":2},\"writer\":{\"cache_bytes\":52992,\"statement_bytes\":6688,\"cache_hits\":23,\"cache_misses\":16,\"cache_writes\":9},\"readers\":{\"idle\":10,\"connections\":[{\"cache_bytes\":26880,\"statement_bytes\":0,\"cache_hits\":1,\"cache_misses\":6,\"cache_writes\":0},{\"cache_bytes\":26880,\"statement_bytes\":0,\"cache_hits\":1,\"cache_misses\":6,\"cache_writes\":0},{\"cache_bytes\":26880,\"statement_bytes\":0,\"cache_hits\":1,\"cache_misses\":6,\"cache_writes\":0},{\"cache_bytes\":26880,\"statement_bytes\":0,\"cache_hits\":1,\"cache_misses\":6,\"cache_writes\":0},{\"cache_bytes\":26880,\"statement_bytes\":0,\"cache_hits\":1,\"cache_misses\":6,\"cache_writes\":0},{\"cache_bytes\":26880,\"statement_bytes\":0,\"cache_hits\":1,\"cache_misses\":6,\"cache_writes\":0},{\"cache_bytes\":26880,\"statement_bytes\":0,\"cache_hits\":1,\"cache_misses\":6,\"cache_writes\":0},{\"cache_bytes\":26880,\"statement_bytes\":0,\"cache_hits\":1,\"cache_misses\":6,\"cache_writes\":0},{\"cache_bytes\":26880,\"statement_bytes\":0,\"cache_hits\":1,\"cache_misses\":6,\"cache_writes\":0},{\"cache_bytes\":26880,\"statement_bytes\":0,\"cache_hits\":1,\"cache_misses\":6,\"cache_writes\":0}]},\"sqlite_busy_errors\":0,\"blocking_threads\":1,\"blocking_threads_peak\":1,\"blocking_active\":0,\"blocking_queued\":0,\"scrypt_active\":1,\"scrypt_peak\":1}"},"target":"snowtime_axum"}
same bytes                 authAcceptInvitation new member: accept adds member (200, 459 bytes)
same bytes                 authAcceptInvitation new member: closed preview (200, 62 bytes)
same bytes                 authAcceptInvitation new member: member role (200, 5107 bytes)
same bytes                 authAcceptInvitation new member: team assignment (200, 1604 bytes)
same bytes                 authAcceptInvitation new member: repeat refuses (400, 64 bytes)
same bytes                 authAcceptInvitation new member: active organization (200, 1136 bytes)
{"timestamp":"2026-10-08T10:34:52.902074Z","level":"INFO","fields":{"message":"bench counters","renderers":1,"render_queued":0,"render_busy_answers":0,"database":"{\"read_admission\":{\"active\":0,\"queued\":0,\"limit\":10},\"write_admission\":{\"active\":0,\"queued\":0,\"limit\":1},\"hash_admission\":{\"active\":0,\"queued\":0,\"limit\":10},\"report_admission\":{\"active\":0,\"queued\":0,\"limit\":2},\"writer\":{\"cache_bytes\":96512,\"statement_bytes\":542048,\"cache_hits\":1936,\"cache_misses\":49,\"cache_writes\":81},\"readers\":{\"idle\":10,\"connections\":[{\"cache_bytes\":5120,\"statement_bytes\":0,\"cache_hits\":1,\"cache_misses\":6,\"cache_writes\":0},{\"cache_bytes\":5120,\"statement_bytes\":0,\"cache_hits\":1,\"cache_misses\":6,\"cache_writes\":0},{\"cache_bytes\":5120,\"statement_bytes\":0,\"cache_hits\":1,\"cache_misses\":6,\"cache_writes\":0},{\"cache_bytes\":5120,\"statement_bytes\":0,\"cache_hits\":1,\"cache_misses\":6,\"cache_writes\":0},{\"cache_bytes\":5120,\"statement_bytes\":0,\"cache_hits\":1,\"cache_misses\":6,\"cache_writes\":0},{\"cache_bytes\":5120,\"statement_bytes\":0,\"cache_hits\":1,\"cache_misses\":6,\"cache_writes\":0},{\"cache_bytes\":5120,\"statement_bytes\":0,\"cache_hits\":1,\"cache_misses\":6,\"cache_writes\":0},{\"cache_bytes\":5120,\"statement_bytes\":0,\"cache_hits\":1,\"cache_misses\":6,\"cache_writes\":0},{\"cache_bytes\":5120,\"statement_bytes\":0,\"cache_hits\":1,\"cache_misses\":6,\"cache_writes\":0},{\"cache_bytes\":13824,\"statement_bytes\":351744,\"cache_hits\":25501,\"cache_misses\":2315,\"cache_writes\":0}]},\"sqlite_busy_errors\":0,\"blocking_threads\":0,\"blocking_threads_peak\":1,\"blocking_active\":0,\"blocking_queued\":0,\"scrypt_active\":0,\"scrypt_peak\":1}"},"target":"snowtime_axum"}
{"timestamp":"2026-10-08T10:34:53.293293Z","level":"INFO","fields":{"message":"bench counters","renderers":1,"render_queued":0,"render_busy_answers":0,"database":"{\"read_admission\":{\"active\":0,\"queued\":0,\"limit\":10},\"write_admission\":{\"active\":0,\"queued\":0,\"limit\":1},\"hash_admission\":{\"active\":0,\"queued\":0,\"limit\":10},\"report_admission\":{\"active\":0,\"queued\":0,\"limit\":2},\"writer\":{\"cache_bytes\":113920,\"statement_bytes\":45568,\"cache_hits\":61,\"cache_misses\":30,\"cache_writes\":25},\"readers\":{\"idle\":10,\"connections\":[{\"cache_bytes\":26880,\"statement_bytes\":0,\"cache_hits\":1,\"cache_misses\":6,\"cache_writes\":0},{\"cache_bytes\":26880,\"statement_bytes\":0,\"cache_hits\":1,\"cache_misses\":6,\"cache_writes\":0},{\"cache_bytes\":26880,\"statement_bytes\":0,\"cache_hits\":1,\"cache_misses\":6,\"cache_writes\":0},{\"cache_bytes\":26880,\"statement_bytes\":0,\"cache_hits\":1,\"cache_misses\":6,\"cache_writes\":0},{\"cache_bytes\":26880,\"statement_bytes\":0,\"cache_hits\":1,\"cache_misses\":6,\"cache_writes\":0},{\"cache_bytes\":26880,\"statement_bytes\":0,\"cache_hits\":1,\"cache_misses\":6,\"cache_writes\":0},{\"cache_bytes\":26880,\"statement_bytes\":0,\"cache_hits\":1,\"cache_misses\":6,\"cache_writes\":0},{\"cache_bytes\":26880,\"statement_bytes\":0,\"cache_hits\":1,\"cache_misses\":6,\"cache_writes\":0},{\"cache_bytes\":26880,\"statement_bytes\":0,\"cache_hits\":1,\"cache_misses\":6,\"cache_writes\":0},{\"cache_bytes\":140032,\"statement_bytes\":58656,\"cache_hits\":44,\"cache_misses\":37,\"cache_writes\":0}]},\"sqlite_busy_errors\":0,\"blocking_threads\":1,\"blocking_threads_peak\":1,\"blocking_active\":0,\"blocking_queued\":0,\"scrypt_active\":0,\"scrypt_peak\":1}"},"target":"snowtime_axum"}
{"timestamp":"2026-10-08T10:34:53.905062Z","level":"INFO","fields":{"message":"bench counters","renderers":1,"render_queued":0,"render_busy_answers":0,"database":"{\"read_admission\":{\"active\":0,\"queued\":0,\"limit\":10},\"write_admission\":{\"active\":0,\"queued\":0,\"limit\":1},\"hash_admission\":{\"active\":0,\"queued\":0,\"limit\":10},\"report_admission\":{\"active\":0,\"queued\":0,\"limit\":2},\"writer\":{\"cache_bytes\":96512,\"statement_bytes\":542048,\"cache_hits\":1936,\"cache_misses\":49,\"cache_writes\":81},\"readers\":{\"idle\":10,\"connections\":[{\"cache_bytes\":5120,\"statement_bytes\":0,\"cache_hits\":1,\"cache_misses\":6,\"cache_writes\":0},{\"cache_bytes\":5120,\"statement_bytes\":0,\"cache_hits\":1,\"cache_misses\":6,\"cache_writes\":0},{\"cache_bytes\":5120,\"statement_bytes\":0,\"cache_hits\":1,\"cache_misses\":6,\"cache_writes\":0},{\"cache_bytes\":5120,\"statement_bytes\":0,\"cache_hits\":1,\"cache_misses\":6,\"cache_writes\":0},{\"cache_bytes\":5120,\"statement_bytes\":0,\"cache_hits\":1,\"cache_misses\":6,\"cache_writes\":0},{\"cache_bytes\":5120,\"statement_bytes\":0,\"cache_hits\":1,\"cache_misses\":6,\"cache_writes\":0},{\"cache_bytes\":5120,\"statement_bytes\":0,\"cache_hits\":1,\"cache_misses\":6,\"cache_writes\":0},{\"cache_bytes\":5120,\"statement_bytes\":0,\"cache_hits\":1,\"cache_misses\":6,\"cache_writes\":0},{\"cache_bytes\":5120,\"statement_bytes\":0,\"cache_hits\":1,\"cache_misses\":6,\"cache_writes\":0},{\"cache_bytes\":13824,\"statement_bytes\":351744,\"cache_hits\":25501,\"cache_misses\":2315,\"cache_writes\":0}]},\"sqlite_busy_errors\":0,\"blocking_threads\":0,\"blocking_threads_peak\":1,\"blocking_active\":0,\"blocking_queued\":0,\"scrypt_active\":0,\"scrypt_peak\":1}"},"target":"snowtime_axum"}
{"timestamp":"2026-10-08T10:34:54.296002Z","level":"INFO","fields":{"message":"bench counters","renderers":1,"render_queued":0,"render_busy_answers":0,"database":"{\"read_admission\":{\"active\":0,\"queued\":0,\"limit\":10},\"write_admission\":{\"active\":0,\"queued\":0,\"limit\":1},\"hash_admission\":{\"active\":0,\"queued\":0,\"limit\":10},\"report_admission\":{\"active\":0,\"queued\":0,\"limit\":2},\"writer\":{\"cache_bytes\":113920,\"statement_bytes\":45568,\"cache_hits\":61,\"cache_misses\":30,\"cache_writes\":25},\"readers\":{\"idle\":10,\"connections\":[{\"cache_bytes\":26880,\"statement_bytes\":0,\"cache_hits\":1,\"cache_misses\":6,\"cache_writes\":0},{\"cache_bytes\":26880,\"statement_bytes\":0,\"cache_hits\":1,\"cache_misses\":6,\"cache_writes\":0},{\"cache_bytes\":26880,\"statement_bytes\":0,\"cache_hits\":1,\"cache_misses\":6,\"cache_writes\":0},{\"cache_bytes\":26880,\"statement_bytes\":0,\"cache_hits\":1,\"cache_misses\":6,\"cache_writes\":0},{\"cache_bytes\":26880,\"statement_bytes\":0,\"cache_hits\":1,\"cache_misses\":6,\"cache_writes\":0},{\"cache_bytes\":26880,\"statement_bytes\":0,\"cache_hits\":1,\"cache_misses\":6,\"cache_writes\":0},{\"cache_bytes\":26880,\"statement_bytes\":0,\"cache_hits\":1,\"cache_misses\":6,\"cache_writes\":0},{\"cache_bytes\":26880,\"statement_bytes\":0,\"cache_hits\":1,\"cache_misses\":6,\"cache_writes\":0},{\"cache_bytes\":26880,\"statement_bytes\":0,\"cache_hits\":1,\"cache_misses\":6,\"cache_writes\":0},{\"cache_bytes\":140032,\"statement_bytes\":58656,\"cache_hits\":44,\"cache_misses\":37,\"cache_writes\":0}]},\"sqlite_busy_errors\":0,\"blocking_threads\":1,\"blocking_threads_peak\":1,\"blocking_active\":0,\"blocking_queued\":0,\"scrypt_active\":0,\"scrypt_peak\":1}"},"target":"snowtime_axum"}
{"timestamp":"2026-10-08T10:34:54.907082Z","level":"INFO","fields":{"message":"bench counters","renderers":1,"render_queued":0,"render_busy_answers":0,"database":"{\"read_admission\":{\"active\":0,\"queued\":0,\"limit\":10},\"write_admission\":{\"active\":0,\"queued\":0,\"limit\":1},\"hash_admission\":{\"active\":0,\"queued\":0,\"limit\":10},\"report_admission\":{\"active\":0,\"queued\":0,\"limit\":2},\"writer\":{\"cache_bytes\":96512,\"statement_bytes\":542048,\"cache_hits\":1936,\"cache_misses\":49,\"cache_writes\":81},\"readers\":{\"idle\":10,\"connections\":[{\"cache_bytes\":5120,\"statement_bytes\":0,\"cache_hits\":1,\"cache_misses\":6,\"cache_writes\":0},{\"cache_bytes\":5120,\"statement_bytes\":0,\"cache_hits\":1,\"cache_misses\":6,\"cache_writes\":0},{\"cache_bytes\":5120,\"statement_bytes\":0,\"cache_hits\":1,\"cache_misses\":6,\"cache_writes\":0},{\"cache_bytes\":5120,\"statement_bytes\":0,\"cache_hits\":1,\"cache_misses\":6,\"cache_writes\":0},{\"cache_bytes\":5120,\"statement_bytes\":0,\"cache_hits\":1,\"cache_misses\":6,\"cache_writes\":0},{\"cache_bytes\":5120,\"statement_bytes\":0,\"cache_hits\":1,\"cache_misses\":6,\"cache_writes\":0},{\"cache_bytes\":5120,\"statement_bytes\":0,\"cache_hits\":1,\"cache_misses\":6,\"cache_writes\":0},{\"cache_bytes\":5120,\"statement_bytes\":0,\"cache_hits\":1,\"cache_misses\":6,\"cache_writes\":0},{\"cache_bytes\":5120,\"statement_bytes\":0,\"cache_hits\":1,\"cache_misses\":6,\"cache_writes\":0},{\"cache_bytes\":13824,\"statement_bytes\":351744,\"cache_hits\":25501,\"cache_misses\":2315,\"cache_writes\":0}]},\"sqlite_busy_errors\":0,\"blocking_threads\":0,\"blocking_threads_peak\":1,\"blocking_active\":0,\"blocking_queued\":0,\"scrypt_active\":0,\"scrypt_peak\":1}"},"target":"snowtime_axum"}
{"timestamp":"2026-10-08T10:34:55.298277Z","level":"INFO","fields":{"message":"bench counters","renderers":1,"render_queued":0,"render_busy_answers":0,"database":"{\"read_admission\":{\"active\":0,\"queued\":0,\"limit\":10},\"write_admission\":{\"active\":0,\"queued\":0,\"limit\":1},\"hash_admission\":{\"active\":0,\"queued\":0,\"limit\":10},\"report_admission\":{\"active\":0,\"queued\":0,\"limit\":2},\"writer\":{\"cache_bytes\":113920,\"statement_bytes\":45568,\"cache_hits\":61,\"cache_misses\":30,\"cache_writes\":25},\"readers\":{\"idle\":10,\"connections\":[{\"cache_bytes\":26880,\"statement_bytes\":0,\"cache_hits\":1,\"cache_misses\":6,\"cache_writes\":0},{\"cache_bytes\":26880,\"statement_bytes\":0,\"cache_hits\":1,\"cache_misses\":6,\"cache_writes\":0},{\"cache_bytes\":26880,\"statement_bytes\":0,\"cache_hits\":1,\"cache_misses\":6,\"cache_writes\":0},{\"cache_bytes\":26880,\"statement_bytes\":0,\"cache_hits\":1,\"cache_misses\":6,\"cache_writes\":0},{\"cache_bytes\":26880,\"statement_bytes\":0,\"cache_hits\":1,\"cache_misses\":6,\"cache_writes\":0},{\"cache_bytes\":26880,\"statement_bytes\":0,\"cache_hits\":1,\"cache_misses\":6,\"cache_writes\":0},{\"cache_bytes\":26880,\"statement_bytes\":0,\"cache_hits\":1,\"cache_misses\":6,\"cache_writes\":0},{\"cache_bytes\":26880,\"statement_bytes\":0,\"cache_hits\":1,\"cache_misses\":6,\"cache_writes\":0},{\"cache_bytes\":26880,\"statement_bytes\":0,\"cache_hits\":1,\"cache_misses\":6,\"cache_writes\":0},{\"cache_bytes\":140032,\"statement_bytes\":58656,\"cache_hits\":44,\"cache_misses\":37,\"cache_writes\":0}]},\"sqlite_busy_errors\":0,\"blocking_threads\":1,\"blocking_threads_peak\":1,\"blocking_active\":0,\"blocking_queued\":0,\"scrypt_active\":0,\"scrypt_peak\":1}"},"target":"snowtime_axum"}
{"timestamp":"2026-10-08T10:34:55.909082Z","level":"INFO","fields":{"message":"bench counters","renderers":1,"render_queued":0,"render_busy_answers":0,"database":"{\"read_admission\":{\"active\":0,\"queued\":0,\"limit\":10},\"write_admission\":{\"active\":0,\"queued\":0,\"limit\":1},\"hash_admission\":{\"active\":0,\"queued\":0,\"limit\":10},\"report_admission\":{\"active\":0,\"queued\":0,\"limit\":2},\"writer\":{\"cache_bytes\":96512,\"statement_bytes\":542048,\"cache_hits\":1936,\"cache_misses\":49,\"cache_writes\":81},\"readers\":{\"idle\":10,\"connections\":[{\"cache_bytes\":5120,\"statement_bytes\":0,\"cache_hits\":1,\"cache_misses\":6,\"cache_writes\":0},{\"cache_bytes\":5120,\"statement_bytes\":0,\"cache_hits\":1,\"cache_misses\":6,\"cache_writes\":0},{\"cache_bytes\":5120,\"statement_bytes\":0,\"cache_hits\":1,\"cache_misses\":6,\"cache_writes\":0},{\"cache_bytes\":5120,\"statement_bytes\":0,\"cache_hits\":1,\"cache_misses\":6,\"cache_writes\":0},{\"cache_bytes\":5120,\"statement_bytes\":0,\"cache_hits\":1,\"cache_misses\":6,\"cache_writes\":0},{\"cache_bytes\":5120,\"statement_bytes\":0,\"cache_hits\":1,\"cache_misses\":6,\"cache_writes\":0},{\"cache_bytes\":5120,\"statement_bytes\":0,\"cache_hits\":1,\"cache_misses\":6,\"cache_writes\":0},{\"cache_bytes\":5120,\"statement_bytes\":0,\"cache_hits\":1,\"cache_misses\":6,\"cache_writes\":0},{\"cache_bytes\":5120,\"statement_bytes\":0,\"cache_hits\":1,\"cache_misses\":6,\"cache_writes\":0},{\"cache_bytes\":13824,\"statement_bytes\":351744,\"cache_hits\":25501,\"cache_misses\":2315,\"cache_writes\":0}]},\"sqlite_busy_errors\":0,\"blocking_threads\":0,\"blocking_threads_peak\":1,\"blocking_active\":0,\"blocking_queued\":0,\"scrypt_active\":0,\"scrypt_peak\":1}"},"target":"snowtime_axum"}
{"timestamp":"2026-10-08T10:34:56.560317Z","level":"INFO","fields":{"message":"sized the renderers","limit_mib":32768,"source":"physical memory","cpus":10,"renderers":10,"heap_mib":128,"semi_space_mib":32},"target":"snowtime_axum"}
{"timestamp":"2026-10-08T10:34:56.560939Z","level":"INFO","fields":{"message":"listening","address":"127.0.0.1:64801","tls":false},"target":"snowtime_axum"}
{"timestamp":"2026-10-08T10:34:56.910884Z","level":"INFO","fields":{"message":"bench counters","renderers":1,"render_queued":0,"render_busy_answers":0,"database":"{\"read_admission\":{\"active\":0,\"queued\":0,\"limit\":10},\"write_admission\":{\"active\":0,\"queued\":0,\"limit\":1},\"hash_admission\":{\"active\":0,\"queued\":0,\"limit\":10},\"report_admission\":{\"active\":0,\"queued\":0,\"limit\":2},\"writer\":{\"cache_bytes\":96512,\"statement_bytes\":542048,\"cache_hits\":1936,\"cache_misses\":49,\"cache_writes\":81},\"readers\":{\"idle\":10,\"connections\":[{\"cache_bytes\":5120,\"statement_bytes\":0,\"cache_hits\":1,\"cache_misses\":6,\"cache_writes\":0},{\"cache_bytes\":5120,\"statement_bytes\":0,\"cache_hits\":1,\"cache_misses\":6,\"cache_writes\":0},{\"cache_bytes\":5120,\"statement_bytes\":0,\"cache_hits\":1,\"cache_misses\":6,\"cache_writes\":0},{\"cache_bytes\":5120,\"statement_bytes\":0,\"cache_hits\":1,\"cache_misses\":6,\"cache_writes\":0},{\"cache_bytes\":5120,\"statement_bytes\":0,\"cache_hits\":1,\"cache_misses\":6,\"cache_writes\":0},{\"cache_bytes\":5120,\"statement_bytes\":0,\"cache_hits\":1,\"cache_misses\":6,\"cache_writes\":0},{\"cache_bytes\":5120,\"statement_bytes\":0,\"cache_hits\":1,\"cache_misses\":6,\"cache_writes\":0},{\"cache_bytes\":5120,\"statement_bytes\":0,\"cache_hits\":1,\"cache_misses\":6,\"cache_writes\":0},{\"cache_bytes\":5120,\"statement_bytes\":0,\"cache_hits\":1,\"cache_misses\":6,\"cache_writes\":0},{\"cache_bytes\":13824,\"statement_bytes\":351744,\"cache_hits\":25501,\"cache_misses\":2315,\"cache_writes\":0}]},\"sqlite_busy_errors\":0,\"blocking_threads\":0,\"blocking_threads_peak\":1,\"blocking_active\":0,\"blocking_queued\":0,\"scrypt_active\":0,\"scrypt_peak\":1}"},"target":"snowtime_axum"}
{"timestamp":"2026-10-08T10:34:57.563626Z","level":"INFO","fields":{"message":"bench counters","renderers":1,"render_queued":0,"render_busy_answers":0,"database":"{\"read_admission\":{\"active\":0,\"queued\":0,\"limit\":10},\"write_admission\":{\"active\":0,\"queued\":0,\"limit\":1},\"hash_admission\":{\"active\":1,\"queued\":0,\"limit\":10},\"report_admission\":{\"active\":0,\"queued\":0,\"limit\":2},\"writer\":{\"cache_bytes\":52992,\"statement_bytes\":6688,\"cache_hits\":23,\"cache_misses\":16,\"cache_writes\":9},\"readers\":{\"idle\":10,\"connections\":[{\"cache_bytes\":26880,\"statement_bytes\":0,\"cache_hits\":1,\"cache_misses\":6,\"cache_writes\":0},{\"cache_bytes\":26880,\"statement_bytes\":0,\"cache_hits\":1,\"cache_misses\":6,\"cache_writes\":0},{\"cache_bytes\":26880,\"statement_bytes\":0,\"cache_hits\":1,\"cache_misses\":6,\"cache_writes\":0},{\"cache_bytes\":26880,\"statement_bytes\":0,\"cache_hits\":1,\"cache_misses\":6,\"cache_writes\":0},{\"cache_bytes\":26880,\"statement_bytes\":0,\"cache_hits\":1,\"cache_misses\":6,\"cache_writes\":0},{\"cache_bytes\":26880,\"statement_bytes\":0,\"cache_hits\":1,\"cache_misses\":6,\"cache_writes\":0},{\"cache_bytes\":26880,\"statement_bytes\":0,\"cache_hits\":1,\"cache_misses\":6,\"cache_writes\":0},{\"cache_bytes\":26880,\"statement_bytes\":0,\"cache_hits\":1,\"cache_misses\":6,\"cache_writes\":0},{\"cache_bytes\":26880,\"statement_bytes\":0,\"cache_hits\":1,\"cache_misses\":6,\"cache_writes\":0},{\"cache_bytes\":26880,\"statement_bytes\":0,\"cache_hits\":1,\"cache_misses\":6,\"cache_writes\":0}]},\"sqlite_busy_errors\":0,\"blocking_threads\":1,\"blocking_threads_peak\":1,\"blocking_active\":0,\"blocking_queued\":0,\"scrypt_active\":1,\"scrypt_peak\":1}"},"target":"snowtime_axum"}
same bytes                 auth acceptance schema undefined: Zod string (400, 97 bytes)
{"timestamp":"2026-10-08T10:34:57.913196Z","level":"INFO","fields":{"message":"bench counters","renderers":1,"render_queued":0,"render_busy_answers":0,"database":"{\"read_admission\":{\"active\":0,\"queued\":0,\"limit\":10},\"write_admission\":{\"active\":0,\"queued\":0,\"limit\":1},\"hash_admission\":{\"active\":0,\"queued\":0,\"limit\":10},\"report_admission\":{\"active\":0,\"queued\":0,\"limit\":2},\"writer\":{\"cache_bytes\":96512,\"statement_bytes\":542048,\"cache_hits\":1936,\"cache_misses\":49,\"cache_writes\":81},\"readers\":{\"idle\":10,\"connections\":[{\"cache_bytes\":5120,\"statement_bytes\":0,\"cache_hits\":1,\"cache_misses\":6,\"cache_writes\":0},{\"cache_bytes\":5120,\"statement_bytes\":0,\"cache_hits\":1,\"cache_misses\":6,\"cache_writes\":0},{\"cache_bytes\":5120,\"statement_bytes\":0,\"cache_hits\":1,\"cache_misses\":6,\"cache_writes\":0},{\"cache_bytes\":5120,\"statement_bytes\":0,\"cache_hits\":1,\"cache_misses\":6,\"cache_writes\":0},{\"cache_bytes\":5120,\"statement_bytes\":0,\"cache_hits\":1,\"cache_misses\":6,\"cache_writes\":0},{\"cache_bytes\":5120,\"statement_bytes\":0,\"cache_hits\":1,\"cache_misses\":6,\"cache_writes\":0},{\"cache_bytes\":5120,\"statement_bytes\":0,\"cache_hits\":1,\"cache_misses\":6,\"cache_writes\":0},{\"cache_bytes\":5120,\"statement_bytes\":0,\"cache_hits\":1,\"cache_misses\":6,\"cache_writes\":0},{\"cache_bytes\":5120,\"statement_bytes\":0,\"cache_hits\":1,\"cache_misses\":6,\"cache_writes\":0},{\"cache_bytes\":13824,\"statement_bytes\":351744,\"cache_hits\":25501,\"cache_misses\":2315,\"cache_writes\":0}]},\"sqlite_busy_errors\":0,\"blocking_threads\":0,\"blocking_threads_peak\":1,\"blocking_active\":0,\"blocking_queued\":0,\"scrypt_active\":0,\"scrypt_peak\":1}"},"target":"snowtime_axum"}
{"timestamp":"2026-10-08T10:34:58.565995Z","level":"INFO","fields":{"message":"bench counters","renderers":1,"render_queued":0,"render_busy_answers":0,"database":"{\"read_admission\":{\"active\":0,\"queued\":0,\"limit\":10},\"write_admission\":{\"active\":0,\"queued\":0,\"limit\":1},\"hash_admission\":{\"active\":0,\"queued\":0,\"limit\":10},\"report_admission\":{\"active\":0,\"queued\":0,\"limit\":2},\"writer\":{\"cache_bytes\":52992,\"statement_bytes\":6688,\"cache_hits\":29,\"cache_misses\":16,\"cache_writes\":13},\"readers\":{\"idle\":10,\"connections\":[{\"cache_bytes\":26880,\"statement_bytes\":0,\"cache_hits\":1,\"cache_misses\":6,\"cache_writes\":0},{\"cache_bytes\":26880,\"statement_bytes\":0,\"cache_hits\":1,\"cache_misses\":6,\"cache_writes\":0},{\"cache_bytes\":26880,\"statement_bytes\":0,\"cache_hits\":1,\"cache_misses\":6,\"cache_writes\":0},{\"cache_bytes\":26880,\"statement_bytes\":0,\"cache_hits\":1,\"cache_misses\":6,\"cache_writes\":0},{\"cache_bytes\":26880,\"statement_bytes\":0,\"cache_hits\":1,\"cache_misses\":6,\"cache_writes\":0},{\"cache_bytes\":26880,\"statement_bytes\":0,\"cache_hits\":1,\"cache_misses\":6,\"cache_writes\":0},{\"cache_bytes\":26880,\"statement_bytes\":0,\"cache_hits\":1,\"cache_misses\":6,\"cache_writes\":0},{\"cache_bytes\":26880,\"statement_bytes\":0,\"cache_hits\":1,\"cache_misses\":6,\"cache_writes\":0},{\"cache_bytes\":26880,\"statement_bytes\":0,\"cache_hits\":1,\"cache_misses\":6,\"cache_writes\":0},{\"cache_bytes\":26880,\"statement_bytes\":0,\"cache_hits\":1,\"cache_misses\":6,\"cache_writes\":0}]},\"sqlite_busy_errors\":0,\"blocking_threads\":1,\"blocking_threads_peak\":1,\"blocking_active\":0,\"blocking_queued\":0,\"scrypt_active\":0,\"scrypt_peak\":1}"},"target":"snowtime_axum"}
{"timestamp":"2026-10-08T10:34:58.916156Z","level":"INFO","fields":{"message":"bench counters","renderers":1,"render_queued":0,"render_busy_answers":0,"database":"{\"read_admission\":{\"active\":0,\"queued\":0,\"limit\":10},\"write_admission\":{\"active\":0,\"queued\":0,\"limit\":1},\"hash_admission\":{\"active\":0,\"queued\":0,\"limit\":10},\"report_admission\":{\"active\":0,\"queued\":0,\"limit\":2},\"writer\":{\"cache_bytes\":96512,\"statement_bytes\":542048,\"cache_hits\":1936,\"cache_misses\":49,\"cache_writes\":81},\"readers\":{\"idle\":10,\"connections\":[{\"cache_bytes\":5120,\"statement_bytes\":0,\"cache_hits\":1,\"cache_misses\":6,\"cache_writes\":0},{\"cache_bytes\":5120,\"statement_bytes\":0,\"cache_hits\":1,\"cache_misses\":6,\"cache_writes\":0},{\"cache_bytes\":5120,\"statement_bytes\":0,\"cache_hits\":1,\"cache_misses\":6,\"cache_writes\":0},{\"cache_bytes\":5120,\"statement_bytes\":0,\"cache_hits\":1,\"cache_misses\":6,\"cache_writes\":0},{\"cache_bytes\":5120,\"statement_bytes\":0,\"cache_hits\":1,\"cache_misses\":6,\"cache_writes\":0},{\"cache_bytes\":5120,\"statement_bytes\":0,\"cache_hits\":1,\"cache_misses\":6,\"cache_writes\":0},{\"cache_bytes\":5120,\"statement_bytes\":0,\"cache_hits\":1,\"cache_misses\":6,\"cache_writes\":0},{\"cache_bytes\":5120,\"statement_bytes\":0,\"cache_hits\":1,\"cache_misses\":6,\"cache_writes\":0},{\"cache_bytes\":5120,\"statement_bytes\":0,\"cache_hits\":1,\"cache_misses\":6,\"cache_writes\":0},{\"cache_bytes\":13824,\"statement_bytes\":351744,\"cache_hits\":25501,\"cache_misses\":2315,\"cache_writes\":0}]},\"sqlite_busy_errors\":0,\"blocking_threads\":0,\"blocking_threads_peak\":1,\"blocking_active\":0,\"blocking_queued\":0,\"scrypt_active\":0,\"scrypt_peak\":1}"},"target":"snowtime_axum"}
{"timestamp":"2026-10-08T10:34:59.568398Z","level":"INFO","fields":{"message":"bench counters","renderers":1,"render_queued":0,"render_busy_answers":0,"database":"{\"read_admission\":{\"active\":0,\"queued\":0,\"limit\":10},\"write_admission\":{\"active\":0,\"queued\":0,\"limit\":1},\"hash_admission\":{\"active\":0,\"queued\":0,\"limit\":10},\"report_admission\":{\"active\":0,\"queued\":0,\"limit\":2},\"writer\":{\"cache_bytes\":52992,\"statement_bytes\":6688,\"cache_hits\":29,\"cache_misses\":16,\"cache_writes\":13},\"readers\":{\"idle\":10,\"connections\":[{\"cache_bytes\":26880,\"statement_bytes\":0,\"cache_hits\":1,\"cache_misses\":6,\"cache_writes\":0},{\"cache_bytes\":26880,\"statement_bytes\":0,\"cache_hits\":1,\"cache_misses\":6,\"cache_writes\":0},{\"cache_bytes\":26880,\"statement_bytes\":0,\"cache_hits\":1,\"cache_misses\":6,\"cache_writes\":0},{\"cache_bytes\":26880,\"statement_bytes\":0,\"cache_hits\":1,\"cache_misses\":6,\"cache_writes\":0},{\"cache_bytes\":26880,\"statement_bytes\":0,\"cache_hits\":1,\"cache_misses\":6,\"cache_writes\":0},{\"cache_bytes\":26880,\"statement_bytes\":0,\"cache_hits\":1,\"cache_misses\":6,\"cache_writes\":0},{\"cache_bytes\":26880,\"statement_bytes\":0,\"cache_hits\":1,\"cache_misses\":6,\"cache_writes\":0},{\"cache_bytes\":26880,\"statement_bytes\":0,\"cache_hits\":1,\"cache_misses\":6,\"cache_writes\":0},{\"cache_bytes\":26880,\"statement_bytes\":0,\"cache_hits\":1,\"cache_misses\":6,\"cache_writes\":0},{\"cache_bytes\":26880,\"statement_bytes\":0,\"cache_hits\":1,\"cache_misses\":6,\"cache_writes\":0}]},\"sqlite_busy_errors\":0,\"blocking_threads\":1,\"blocking_threads_peak\":1,\"blocking_active\":0,\"blocking_queued\":0,\"scrypt_active\":0,\"scrypt_peak\":1}"},"target":"snowtime_axum"}
{"timestamp":"2026-10-08T10:34:59.919046Z","level":"INFO","fields":{"message":"bench counters","renderers":1,"render_queued":0,"render_busy_answers":0,"database":"{\"read_admission\":{\"active\":0,\"queued\":0,\"limit\":10},\"write_admission\":{\"active\":0,\"queued\":0,\"limit\":1},\"hash_admission\":{\"active\":0,\"queued\":0,\"limit\":10},\"report_admission\":{\"active\":0,\"queued\":0,\"limit\":2},\"writer\":{\"cache_bytes\":96512,\"statement_bytes\":542048,\"cache_hits\":1936,\"cache_misses\":49,\"cache_writes\":81},\"readers\":{\"idle\":10,\"connections\":[{\"cache_bytes\":5120,\"statement_bytes\":0,\"cache_hits\":1,\"cache_misses\":6,\"cache_writes\":0},{\"cache_bytes\":5120,\"statement_bytes\":0,\"cache_hits\":1,\"cache_misses\":6,\"cache_writes\":0},{\"cache_bytes\":5120,\"statement_bytes\":0,\"cache_hits\":1,\"cache_misses\":6,\"cache_writes\":0},{\"cache_bytes\":5120,\"statement_bytes\":0,\"cache_hits\":1,\"cache_misses\":6,\"cache_writes\":0},{\"cache_bytes\":5120,\"statement_bytes\":0,\"cache_hits\":1,\"cache_misses\":6,\"cache_writes\":0},{\"cache_bytes\":5120,\"statement_bytes\":0,\"cache_hits\":1,\"cache_misses\":6,\"cache_writes\":0},{\"cache_bytes\":5120,\"statement_bytes\":0,\"cache_hits\":1,\"cache_misses\":6,\"cache_writes\":0},{\"cache_bytes\":5120,\"statement_bytes\":0,\"cache_hits\":1,\"cache_misses\":6,\"cache_writes\":0},{\"cache_bytes\":5120,\"statement_bytes\":0,\"cache_hits\":1,\"cache_misses\":6,\"cache_writes\":0},{\"cache_bytes\":13824,\"statement_bytes\":351744,\"cache_hits\":25501,\"cache_misses\":2315,\"cache_writes\":0}]},\"sqlite_busy_errors\":0,\"blocking_threads\":0,\"blocking_threads_peak\":1,\"blocking_active\":0,\"blocking_queued\":0,\"scrypt_active\":0,\"scrypt_peak\":1}"},"target":"snowtime_axum"}
{"timestamp":"2026-10-08T10:35:00.570137Z","level":"INFO","fields":{"message":"bench counters","renderers":1,"render_queued":0,"render_busy_answers":0,"database":"{\"read_admission\":{\"active\":0,\"queued\":0,\"limit\":10},\"write_admission\":{\"active\":0,\"queued\":0,\"limit\":1},\"hash_admission\":{\"active\":0,\"queued\":0,\"limit\":10},\"report_admission\":{\"active\":0,\"queued\":0,\"limit\":2},\"writer\":{\"cache_bytes\":52992,\"statement_bytes\":6688,\"cache_hits\":29,\"cache_misses\":16,\"cache_writes\":13},\"readers\":{\"idle\":10,\"connections\":[{\"cache_bytes\":26880,\"statement_bytes\":0,\"cache_hits\":1,\"cache_misses\":6,\"cache_writes\":0},{\"cache_bytes\":26880,\"statement_bytes\":0,\"cache_hits\":1,\"cache_misses\":6,\"cache_writes\":0},{\"cache_bytes\":26880,\"statement_bytes\":0,\"cache_hits\":1,\"cache_misses\":6,\"cache_writes\":0},{\"cache_bytes\":26880,\"statement_bytes\":0,\"cache_hits\":1,\"cache_misses\":6,\"cache_writes\":0},{\"cache_bytes\":26880,\"statement_bytes\":0,\"cache_hits\":1,\"cache_misses\":6,\"cache_writes\":0},{\"cache_bytes\":26880,\"statement_bytes\":0,\"cache_hits\":1,\"cache_misses\":6,\"cache_writes\":0},{\"cache_bytes\":26880,\"statement_bytes\":0,\"cache_hits\":1,\"cache_misses\":6,\"cache_writes\":0},{\"cache_bytes\":26880,\"statement_bytes\":0,\"cache_hits\":1,\"cache_misses\":6,\"cache_writes\":0},{\"cache_bytes\":26880,\"statement_bytes\":0,\"cache_hits\":1,\"cache_misses\":6,\"cache_writes\":0},{\"cache_bytes\":26880,\"statement_bytes\":0,\"cache_hits\":1,\"cache_misses\":6,\"cache_writes\":0}]},\"sqlite_busy_errors\":0,\"blocking_threads\":1,\"blocking_threads_peak\":1,\"blocking_active\":0,\"blocking_queued\":0,\"scrypt_active\":0,\"scrypt_peak\":1}"},"target":"snowtime_axum"}
{"timestamp":"2026-10-08T10:35:00.920902Z","level":"INFO","fields":{"message":"bench counters","renderers":1,"render_queued":0,"render_busy_answers":0,"database":"{\"read_admission\":{\"active\":0,\"queued\":0,\"limit\":10},\"write_admission\":{\"active\":0,\"queued\":0,\"limit\":1},\"hash_admission\":{\"active\":0,\"queued\":0,\"limit\":10},\"report_admission\":{\"active\":0,\"queued\":0,\"limit\":2},\"writer\":{\"cache_bytes\":96512,\"statement_bytes\":542048,\"cache_hits\":1936,\"cache_misses\":49,\"cache_writes\":81},\"readers\":{\"idle\":10,\"connections\":[{\"cache_bytes\":5120,\"statement_bytes\":0,\"cache_hits\":1,\"cache_misses\":6,\"cache_writes\":0},{\"cache_bytes\":5120,\"statement_bytes\":0,\"cache_hits\":1,\"cache_misses\":6,\"cache_writes\":0},{\"cache_bytes\":5120,\"statement_bytes\":0,\"cache_hits\":1,\"cache_misses\":6,\"cache_writes\":0},{\"cache_bytes\":5120,\"statement_bytes\":0,\"cache_hits\":1,\"cache_misses\":6,\"cache_writes\":0},{\"cache_bytes\":5120,\"statement_bytes\":0,\"cache_hits\":1,\"cache_misses\":6,\"cache_writes\":0},{\"cache_bytes\":5120,\"statement_bytes\":0,\"cache_hits\":1,\"cache_misses\":6,\"cache_writes\":0},{\"cache_bytes\":5120,\"statement_bytes\":0,\"cache_hits\":1,\"cache_misses\":6,\"cache_writes\":0},{\"cache_bytes\":5120,\"statement_bytes\":0,\"cache_hits\":1,\"cache_misses\":6,\"cache_writes\":0},{\"cache_bytes\":5120,\"statement_bytes\":0,\"cache_hits\":1,\"cache_misses\":6,\"cache_writes\":0},{\"cache_bytes\":13824,\"statement_bytes\":351744,\"cache_hits\":25501,\"cache_misses\":2315,\"cache_writes\":0}]},\"sqlite_busy_errors\":0,\"blocking_threads\":0,\"blocking_threads_peak\":1,\"blocking_active\":0,\"blocking_queued\":0,\"scrypt_active\":0,\"scrypt_peak\":1}"},"target":"snowtime_axum"}
{"timestamp":"2026-10-08T10:35:01.832736Z","level":"INFO","fields":{"message":"sized the renderers","limit_mib":32768,"source":"physical memory","cpus":10,"renderers":10,"heap_mib":128,"semi_space_mib":32},"target":"snowtime_axum"}
{"timestamp":"2026-10-08T10:35:01.833380Z","level":"INFO","fields":{"message":"listening","address":"127.0.0.1:64808","tls":false},"target":"snowtime_axum"}
{"timestamp":"2026-10-08T10:35:01.922736Z","level":"INFO","fields":{"message":"bench counters","renderers":1,"render_queued":0,"render_busy_answers":0,"database":"{\"read_admission\":{\"active\":0,\"queued\":0,\"limit\":10},\"write_admission\":{\"active\":0,\"queued\":0,\"limit\":1},\"hash_admission\":{\"active\":0,\"queued\":0,\"limit\":10},\"report_admission\":{\"active\":0,\"queued\":0,\"limit\":2},\"writer\":{\"cache_bytes\":96512,\"statement_bytes\":542048,\"cache_hits\":1936,\"cache_misses\":49,\"cache_writes\":81},\"readers\":{\"idle\":10,\"connections\":[{\"cache_bytes\":5120,\"statement_bytes\":0,\"cache_hits\":1,\"cache_misses\":6,\"cache_writes\":0},{\"cache_bytes\":5120,\"statement_bytes\":0,\"cache_hits\":1,\"cache_misses\":6,\"cache_writes\":0},{\"cache_bytes\":5120,\"statement_bytes\":0,\"cache_hits\":1,\"cache_misses\":6,\"cache_writes\":0},{\"cache_bytes\":5120,\"statement_bytes\":0,\"cache_hits\":1,\"cache_misses\":6,\"cache_writes\":0},{\"cache_bytes\":5120,\"statement_bytes\":0,\"cache_hits\":1,\"cache_misses\":6,\"cache_writes\":0},{\"cache_bytes\":5120,\"statement_bytes\":0,\"cache_hits\":1,\"cache_misses\":6,\"cache_writes\":0},{\"cache_bytes\":5120,\"statement_bytes\":0,\"cache_hits\":1,\"cache_misses\":6,\"cache_writes\":0},{\"cache_bytes\":5120,\"statement_bytes\":0,\"cache_hits\":1,\"cache_misses\":6,\"cache_writes\":0},{\"cache_bytes\":5120,\"statement_bytes\":0,\"cache_hits\":1,\"cache_misses\":6,\"cache_writes\":0},{\"cache_bytes\":13824,\"statement_bytes\":351744,\"cache_hits\":25501,\"cache_misses\":2315,\"cache_writes\":0}]},\"sqlite_busy_errors\":0,\"blocking_threads\":0,\"blocking_threads_peak\":1,\"blocking_active\":0,\"blocking_queued\":0,\"scrypt_active\":0,\"scrypt_peak\":1}"},"target":"snowtime_axum"}
{"timestamp":"2026-10-08T10:35:02.835663Z","level":"INFO","fields":{"message":"bench counters","renderers":1,"render_queued":0,"render_busy_answers":0,"database":"{\"read_admission\":{\"active\":0,\"queued\":0,\"limit\":10},\"write_admission\":{\"active\":0,\"queued\":0,\"limit\":1},\"hash_admission\":{\"active\":1,\"queued\":0,\"limit\":10},\"report_admission\":{\"active\":0,\"queued\":0,\"limit\":2},\"writer\":{\"cache_bytes\":52992,\"statement_bytes\":6688,\"cache_hits\":23,\"cache_misses\":16,\"cache_writes\":9},\"readers\":{\"idle\":10,\"connections\":[{\"cache_bytes\":26880,\"statement_bytes\":0,\"cache_hits\":1,\"cache_misses\":6,\"cache_writes\":0},{\"cache_bytes\":26880,\"statement_bytes\":0,\"cache_hits\":1,\"cache_misses\":6,\"cache_writes\":0},{\"cache_bytes\":26880,\"statement_bytes\":0,\"cache_hits\":1,\"cache_misses\":6,\"cache_writes\":0},{\"cache_bytes\":26880,\"statement_bytes\":0,\"cache_hits\":1,\"cache_misses\":6,\"cache_writes\":0},{\"cache_bytes\":26880,\"statement_bytes\":0,\"cache_hits\":1,\"cache_misses\":6,\"cache_writes\":0},{\"cache_bytes\":26880,\"statement_bytes\":0,\"cache_hits\":1,\"cache_misses\":6,\"cache_writes\":0},{\"cache_bytes\":26880,\"statement_bytes\":0,\"cache_hits\":1,\"cache_misses\":6,\"cache_writes\":0},{\"cache_bytes\":26880,\"statement_bytes\":0,\"cache_hits\":1,\"cache_misses\":6,\"cache_writes\":0},{\"cache_bytes\":26880,\"statement_bytes\":0,\"cache_hits\":1,\"cache_misses\":6,\"cache_writes\":0},{\"cache_bytes\":26880,\"statement_bytes\":0,\"cache_hits\":1,\"cache_misses\":6,\"cache_writes\":0}]},\"sqlite_busy_errors\":0,\"blocking_threads\":1,\"blocking_threads_peak\":1,\"blocking_active\":0,\"blocking_queued\":0,\"scrypt_active\":1,\"scrypt_peak\":1}"},"target":"snowtime_axum"}
{"timestamp":"2026-10-08T10:35:02.925388Z","level":"INFO","fields":{"message":"bench counters","renderers":1,"render_queued":0,"render_busy_answers":0,"database":"{\"read_admission\":{\"active\":0,\"queued\":0,\"limit\":10},\"write_admission\":{\"active\":0,\"queued\":0,\"limit\":1},\"hash_admission\":{\"active\":0,\"queued\":0,\"limit\":10},\"report_admission\":{\"active\":0,\"queued\":0,\"limit\":2},\"writer\":{\"cache_bytes\":96512,\"statement_bytes\":542048,\"cache_hits\":1936,\"cache_misses\":49,\"cache_writes\":81},\"readers\":{\"idle\":10,\"connections\":[{\"cache_bytes\":5120,\"statement_bytes\":0,\"cache_hits\":1,\"cache_misses\":6,\"cache_writes\":0},{\"cache_bytes\":5120,\"statement_bytes\":0,\"cache_hits\":1,\"cache_misses\":6,\"cache_writes\":0},{\"cache_bytes\":5120,\"statement_bytes\":0,\"cache_hits\":1,\"cache_misses\":6,\"cache_writes\":0},{\"cache_bytes\":5120,\"statement_bytes\":0,\"cache_hits\":1,\"cache_misses\":6,\"cache_writes\":0},{\"cache_bytes\":5120,\"statement_bytes\":0,\"cache_hits\":1,\"cache_misses\":6,\"cache_writes\":0},{\"cache_bytes\":5120,\"statement_bytes\":0,\"cache_hits\":1,\"cache_misses\":6,\"cache_writes\":0},{\"cache_bytes\":5120,\"statement_bytes\":0,\"cache_hits\":1,\"cache_misses\":6,\"cache_writes\":0},{\"cache_bytes\":5120,\"statement_bytes\":0,\"cache_hits\":1,\"cache_misses\":6,\"cache_writes\":0},{\"cache_bytes\":5120,\"statement_bytes\":0,\"cache_hits\":1,\"cache_misses\":6,\"cache_writes\":0},{\"cache_bytes\":13824,\"statement_bytes\":351744,\"cache_hits\":25501,\"cache_misses\":2315,\"cache_writes\":0}]},\"sqlite_busy_errors\":0,\"blocking_threads\":0,\"blocking_threads_peak\":1,\"blocking_active\":0,\"blocking_queued\":0,\"scrypt_active\":0,\"scrypt_peak\":1}"},"target":"snowtime_axum"}
same bytes                 auth acceptance schema null: Zod string (400, 105 bytes)
{"timestamp":"2026-10-08T10:35:03.837807Z","level":"INFO","fields":{"message":"bench counters","renderers":1,"render_queued":0,"render_busy_answers":0,"database":"{\"read_admission\":{\"active\":0,\"queued\":0,\"limit\":10},\"write_admission\":{\"active\":0,\"queued\":0,\"limit\":1},\"hash_admission\":{\"active\":0,\"queued\":0,\"limit\":10},\"report_admission\":{\"active\":0,\"queued\":0,\"limit\":2},\"writer\":{\"cache_bytes\":52992,\"statement_bytes\":6688,\"cache_hits\":29,\"cache_misses\":16,\"cache_writes\":13},\"readers\":{\"idle\":10,\"connections\":[{\"cache_bytes\":26880,\"statement_bytes\":0,\"cache_hits\":1,\"cache_misses\":6,\"cache_writes\":0},{\"cache_bytes\":26880,\"statement_bytes\":0,\"cache_hits\":1,\"cache_misses\":6,\"cache_writes\":0},{\"cache_bytes\":26880,\"statement_bytes\":0,\"cache_hits\":1,\"cache_misses\":6,\"cache_writes\":0},{\"cache_bytes\":26880,\"statement_bytes\":0,\"cache_hits\":1,\"cache_misses\":6,\"cache_writes\":0},{\"cache_bytes\":26880,\"statement_bytes\":0,\"cache_hits\":1,\"cache_misses\":6,\"cache_writes\":0},{\"cache_bytes\":26880,\"statement_bytes\":0,\"cache_hits\":1,\"cache_misses\":6,\"cache_writes\":0},{\"cache_bytes\":26880,\"statement_bytes\":0,\"cache_hits\":1,\"cache_misses\":6,\"cache_writes\":0},{\"cache_bytes\":26880,\"statement_bytes\":0,\"cache_hits\":1,\"cache_misses\":6,\"cache_writes\":0},{\"cache_bytes\":26880,\"statement_bytes\":0,\"cache_hits\":1,\"cache_misses\":6,\"cache_writes\":0},{\"cache_bytes\":26880,\"statement_bytes\":0,\"cache_hits\":1,\"cache_misses\":6,\"cache_writes\":0}]},\"sqlite_busy_errors\":0,\"blocking_threads\":1,\"blocking_threads_peak\":1,\"blocking_active\":0,\"blocking_queued\":0,\"scrypt_active\":0,\"scrypt_peak\":1}"},"target":"snowtime_axum"}
{"timestamp":"2026-10-08T10:35:03.928051Z","level":"INFO","fields":{"message":"bench counters","renderers":1,"render_queued":0,"render_busy_answers":0,"database":"{\"read_admission\":{\"active\":0,\"queued\":0,\"limit\":10},\"write_admission\":{\"active\":0,\"queued\":0,\"limit\":1},\"hash_admission\":{\"active\":0,\"queued\":0,\"limit\":10},\"report_admission\":{\"active\":0,\"queued\":0,\"limit\":2},\"writer\":{\"cache_bytes\":96512,\"statement_bytes\":542048,\"cache_hits\":1936,\"cache_misses\":49,\"cache_writes\":81},\"readers\":{\"idle\":10,\"connections\":[{\"cache_bytes\":5120,\"statement_bytes\":0,\"cache_hits\":1,\"cache_misses\":6,\"cache_writes\":0},{\"cache_bytes\":5120,\"statement_bytes\":0,\"cache_hits\":1,\"cache_misses\":6,\"cache_writes\":0},{\"cache_bytes\":5120,\"statement_bytes\":0,\"cache_hits\":1,\"cache_misses\":6,\"cache_writes\":0},{\"cache_bytes\":5120,\"statement_bytes\":0,\"cache_hits\":1,\"cache_misses\":6,\"cache_writes\":0},{\"cache_bytes\":5120,\"statement_bytes\":0,\"cache_hits\":1,\"cache_misses\":6,\"cache_writes\":0},{\"cache_bytes\":5120,\"statement_bytes\":0,\"cache_hits\":1,\"cache_misses\":6,\"cache_writes\":0},{\"cache_bytes\":5120,\"statement_bytes\":0,\"cache_hits\":1,\"cache_misses\":6,\"cache_writes\":0},{\"cache_bytes\":5120,\"statement_bytes\":0,\"cache_hits\":1,\"cache_misses\":6,\"cache_writes\":0},{\"cache_bytes\":5120,\"statement_bytes\":0,\"cache_hits\":1,\"cache_misses\":6,\"cache_writes\":0},{\"cache_bytes\":13824,\"statement_bytes\":351744,\"cache_hits\":25501,\"cache_misses\":2315,\"cache_writes\":0}]},\"sqlite_busy_errors\":0,\"blocking_threads\":0,\"blocking_threads_peak\":1,\"blocking_active\":0,\"blocking_queued\":0,\"scrypt_active\":0,\"scrypt_peak\":1}"},"target":"snowtime_axum"}
{"timestamp":"2026-10-08T10:35:04.840207Z","level":"INFO","fields":{"message":"bench counters","renderers":1,"render_queued":0,"render_busy_answers":0,"database":"{\"read_admission\":{\"active\":0,\"queued\":0,\"limit\":10},\"write_admission\":{\"active\":0,\"queued\":0,\"limit\":1},\"hash_admission\":{\"active\":0,\"queued\":0,\"limit\":10},\"report_admission\":{\"active\":0,\"queued\":0,\"limit\":2},\"writer\":{\"cache_bytes\":52992,\"statement_bytes\":6688,\"cache_hits\":29,\"cache_misses\":16,\"cache_writes\":13},\"readers\":{\"idle\":10,\"connections\":[{\"cache_bytes\":26880,\"statement_bytes\":0,\"cache_hits\":1,\"cache_misses\":6,\"cache_writes\":0},{\"cache_bytes\":26880,\"statement_bytes\":0,\"cache_hits\":1,\"cache_misses\":6,\"cache_writes\":0},{\"cache_bytes\":26880,\"statement_bytes\":0,\"cache_hits\":1,\"cache_misses\":6,\"cache_writes\":0},{\"cache_bytes\":26880,\"statement_bytes\":0,\"cache_hits\":1,\"cache_misses\":6,\"cache_writes\":0},{\"cache_bytes\":26880,\"statement_bytes\":0,\"cache_hits\":1,\"cache_misses\":6,\"cache_writes\":0},{\"cache_bytes\":26880,\"statement_bytes\":0,\"cache_hits\":1,\"cache_misses\":6,\"cache_writes\":0},{\"cache_bytes\":26880,\"statement_bytes\":0,\"cache_hits\":1,\"cache_misses\":6,\"cache_writes\":0},{\"cache_bytes\":26880,\"statement_bytes\":0,\"cache_hits\":1,\"cache_misses\":6,\"cache_writes\":0},{\"cache_bytes\":26880,\"statement_bytes\":0,\"cache_hits\":1,\"cache_misses\":6,\"cache_writes\":0},{\"cache_bytes\":26880,\"statement_bytes\":0,\"cache_hits\":1,\"cache_misses\":6,\"cache_writes\":0}]},\"sqlite_busy_errors\":0,\"blocking_threads\":1,\"blocking_threads_peak\":1,\"blocking_active\":0,\"blocking_queued\":0,\"scrypt_active\":0,\"scrypt_peak\":1}"},"target":"snowtime_axum"}
{"timestamp":"2026-10-08T10:35:04.930531Z","level":"INFO","fields":{"message":"bench counters","renderers":1,"render_queued":0,"render_busy_answers":0,"database":"{\"read_admission\":{\"active\":0,\"queued\":0,\"limit\":10},\"write_admission\":{\"active\":0,\"queued\":0,\"limit\":1},\"hash_admission\":{\"active\":0,\"queued\":0,\"limit\":10},\"report_admission\":{\"active\":0,\"queued\":0,\"limit\":2},\"writer\":{\"cache_bytes\":96512,\"statement_bytes\":542048,\"cache_hits\":1936,\"cache_misses\":49,\"cache_writes\":81},\"readers\":{\"idle\":10,\"connections\":[{\"cache_bytes\":5120,\"statement_bytes\":0,\"cache_hits\":1,\"cache_misses\":6,\"cache_writes\":0},{\"cache_bytes\":5120,\"statement_bytes\":0,\"cache_hits\":1,\"cache_misses\":6,\"cache_writes\":0},{\"cache_bytes\":5120,\"statement_bytes\":0,\"cache_hits\":1,\"cache_misses\":6,\"cache_writes\":0},{\"cache_bytes\":5120,\"statement_bytes\":0,\"cache_hits\":1,\"cache_misses\":6,\"cache_writes\":0},{\"cache_bytes\":5120,\"statement_bytes\":0,\"cache_hits\":1,\"cache_misses\":6,\"cache_writes\":0},{\"cache_bytes\":5120,\"statement_bytes\":0,\"cache_hits\":1,\"cache_misses\":6,\"cache_writes\":0},{\"cache_bytes\":5120,\"statement_bytes\":0,\"cache_hits\":1,\"cache_misses\":6,\"cache_writes\":0},{\"cache_bytes\":5120,\"statement_bytes\":0,\"cache_hits\":1,\"cache_misses\":6,\"cache_writes\":0},{\"cache_bytes\":5120,\"statement_bytes\":0,\"cache_hits\":1,\"cache_misses\":6,\"cache_writes\":0},{\"cache_bytes\":13824,\"statement_bytes\":351744,\"cache_hits\":25501,\"cache_misses\":2315,\"cache_writes\":0}]},\"sqlite_busy_errors\":0,\"blocking_threads\":0,\"blocking_threads_peak\":1,\"blocking_active\":0,\"blocking_queued\":0,\"scrypt_active\":0,\"scrypt_peak\":1}"},"target":"snowtime_axum"}
{"timestamp":"2026-10-08T10:35:05.841851Z","level":"INFO","fields":{"message":"bench counters","renderers":1,"render_queued":0,"render_busy_answers":0,"database":"{\"read_admission\":{\"active\":0,\"queued\":0,\"limit\":10},\"write_admission\":{\"active\":0,\"queued\":0,\"limit\":1},\"hash_admission\":{\"active\":0,\"queued\":0,\"limit\":10},\"report_admission\":{\"active\":0,\"queued\":0,\"limit\":2},\"writer\":{\"cache_bytes\":52992,\"statement_bytes\":6688,\"cache_hits\":29,\"cache_misses\":16,\"cache_writes\":13},\"readers\":{\"idle\":10,\"connections\":[{\"cache_bytes\":26880,\"statement_bytes\":0,\"cache_hits\":1,\"cache_misses\":6,\"cache_writes\":0},{\"cache_bytes\":26880,\"statement_bytes\":0,\"cache_hits\":1,\"cache_misses\":6,\"cache_writes\":0},{\"cache_bytes\":26880,\"statement_bytes\":0,\"cache_hits\":1,\"cache_misses\":6,\"cache_writes\":0},{\"cache_bytes\":26880,\"statement_bytes\":0,\"cache_hits\":1,\"cache_misses\":6,\"cache_writes\":0},{\"cache_bytes\":26880,\"statement_bytes\":0,\"cache_hits\":1,\"cache_misses\":6,\"cache_writes\":0},{\"cache_bytes\":26880,\"statement_bytes\":0,\"cache_hits\":1,\"cache_misses\":6,\"cache_writes\":0},{\"cache_bytes\":26880,\"statement_bytes\":0,\"cache_hits\":1,\"cache_misses\":6,\"cache_writes\":0},{\"cache_bytes\":26880,\"statement_bytes\":0,\"cache_hits\":1,\"cache_misses\":6,\"cache_writes\":0},{\"cache_bytes\":26880,\"statement_bytes\":0,\"cache_hits\":1,\"cache_misses\":6,\"cache_writes\":0},{\"cache_bytes\":26880,\"statement_bytes\":0,\"cache_hits\":1,\"cache_misses\":6,\"cache_writes\":0}]},\"sqlite_busy_errors\":0,\"blocking_threads\":1,\"blocking_threads_peak\":1,\"blocking_active\":0,\"blocking_queued\":0,\"scrypt_active\":0,\"scrypt_peak\":1}"},"target":"snowtime_axum"}
{"timestamp":"2026-10-08T10:35:05.933292Z","level":"INFO","fields":{"message":"bench counters","renderers":1,"render_queued":0,"render_busy_answers":0,"database":"{\"read_admission\":{\"active\":0,\"queued\":0,\"limit\":10},\"write_admission\":{\"active\":0,\"queued\":0,\"limit\":1},\"hash_admission\":{\"active\":0,\"queued\":0,\"limit\":10},\"report_admission\":{\"active\":0,\"queued\":0,\"limit\":2},\"writer\":{\"cache_bytes\":96512,\"statement_bytes\":542048,\"cache_hits\":1936,\"cache_misses\":49,\"cache_writes\":81},\"readers\":{\"idle\":10,\"connections\":[{\"cache_bytes\":5120,\"statement_bytes\":0,\"cache_hits\":1,\"cache_misses\":6,\"cache_writes\":0},{\"cache_bytes\":5120,\"statement_bytes\":0,\"cache_hits\":1,\"cache_misses\":6,\"cache_writes\":0},{\"cache_bytes\":5120,\"statement_bytes\":0,\"cache_hits\":1,\"cache_misses\":6,\"cache_writes\":0},{\"cache_bytes\":5120,\"statement_bytes\":0,\"cache_hits\":1,\"cache_misses\":6,\"cache_writes\":0},{\"cache_bytes\":5120,\"statement_bytes\":0,\"cache_hits\":1,\"cache_misses\":6,\"cache_writes\":0},{\"cache_bytes\":5120,\"statement_bytes\":0,\"cache_hits\":1,\"cache_misses\":6,\"cache_writes\":0},{\"cache_bytes\":5120,\"statement_bytes\":0,\"cache_hits\":1,\"cache_misses\":6,\"cache_writes\":0},{\"cache_bytes\":5120,\"statement_bytes\":0,\"cache_hits\":1,\"cache_misses\":6,\"cache_writes\":0},{\"cache_bytes\":5120,\"statement_bytes\":0,\"cache_hits\":1,\"cache_misses\":6,\"cache_writes\":0},{\"cache_bytes\":13824,\"statement_bytes\":351744,\"cache_hits\":25501,\"cache_misses\":2315,\"cache_writes\":0}]},\"sqlite_busy_errors\":0,\"blocking_threads\":0,\"blocking_threads_peak\":1,\"blocking_active\":0,\"blocking_queued\":0,\"scrypt_active\":0,\"scrypt_peak\":1}"},"target":"snowtime_axum"}
{"timestamp":"2026-10-08T10:35:06.936096Z","level":"INFO","fields":{"message":"bench counters","renderers":1,"render_queued":0,"render_busy_answers":0,"database":"{\"read_admission\":{\"active\":0,\"queued\":0,\"limit\":10},\"write_admission\":{\"active\":0,\"queued\":0,\"limit\":1},\"hash_admission\":{\"active\":0,\"queued\":0,\"limit\":10},\"report_admission\":{\"active\":0,\"queued\":0,\"limit\":2},\"writer\":{\"cache_bytes\":96512,\"statement_bytes\":542048,\"cache_hits\":1936,\"cache_misses\":49,\"cache_writes\":81},\"readers\":{\"idle\":10,\"connections\":[{\"cache_bytes\":5120,\"statement_bytes\":0,\"cache_hits\":1,\"cache_misses\":6,\"cache_writes\":0},{\"cache_bytes\":5120,\"statement_bytes\":0,\"cache_hits\":1,\"cache_misses\":6,\"cache_writes\":0},{\"cache_bytes\":5120,\"statement_bytes\":0,\"cache_hits\":1,\"cache_misses\":6,\"cache_writes\":0},{\"cache_bytes\":5120,\"statement_bytes\":0,\"cache_hits\":1,\"cache_misses\":6,\"cache_writes\":0},{\"cache_bytes\":5120,\"statement_bytes\":0,\"cache_hits\":1,\"cache_misses\":6,\"cache_writes\":0},{\"cache_bytes\":5120,\"statement_bytes\":0,\"cache_hits\":1,\"cache_misses\":6,\"cache_writes\":0},{\"cache_bytes\":5120,\"statement_bytes\":0,\"cache_hits\":1,\"cache_misses\":6,\"cache_writes\":0},{\"cache_bytes\":5120,\"statement_bytes\":0,\"cache_hits\":1,\"cache_misses\":6,\"cache_writes\":0},{\"cache_bytes\":5120,\"statement_bytes\":0,\"cache_hits\":1,\"cache_misses\":6,\"cache_writes\":0},{\"cache_bytes\":13824,\"statement_bytes\":351744,\"cache_hits\":25501,\"cache_misses\":2315,\"cache_writes\":0}]},\"sqlite_busy_errors\":0,\"blocking_threads\":0,\"blocking_threads_peak\":1,\"blocking_active\":0,\"blocking_queued\":0,\"scrypt_active\":0,\"scrypt_peak\":1}"},"target":"snowtime_axum"}
{"timestamp":"2026-10-08T10:35:07.109559Z","level":"INFO","fields":{"message":"sized the renderers","limit_mib":32768,"source":"physical memory","cpus":10,"renderers":10,"heap_mib":128,"semi_space_mib":32},"target":"snowtime_axum"}
{"timestamp":"2026-10-08T10:35:07.110148Z","level":"INFO","fields":{"message":"listening","address":"127.0.0.1:64815","tls":false},"target":"snowtime_axum"}
{"timestamp":"2026-10-08T10:35:07.938744Z","level":"INFO","fields":{"message":"bench counters","renderers":1,"render_queued":0,"render_busy_answers":0,"database":"{\"read_admission\":{\"active\":0,\"queued\":0,\"limit\":10},\"write_admission\":{\"active\":0,\"queued\":0,\"limit\":1},\"hash_admission\":{\"active\":0,\"queued\":0,\"limit\":10},\"report_admission\":{\"active\":0,\"queued\":0,\"limit\":2},\"writer\":{\"cache_bytes\":96512,\"statement_bytes\":542048,\"cache_hits\":1936,\"cache_misses\":49,\"cache_writes\":81},\"readers\":{\"idle\":10,\"connections\":[{\"cache_bytes\":5120,\"statement_bytes\":0,\"cache_hits\":1,\"cache_misses\":6,\"cache_writes\":0},{\"cache_bytes\":5120,\"statement_bytes\":0,\"cache_hits\":1,\"cache_misses\":6,\"cache_writes\":0},{\"cache_bytes\":5120,\"statement_bytes\":0,\"cache_hits\":1,\"cache_misses\":6,\"cache_writes\":0},{\"cache_bytes\":5120,\"statement_bytes\":0,\"cache_hits\":1,\"cache_misses\":6,\"cache_writes\":0},{\"cache_bytes\":5120,\"statement_bytes\":0,\"cache_hits\":1,\"cache_misses\":6,\"cache_writes\":0},{\"cache_bytes\":5120,\"statement_bytes\":0,\"cache_hits\":1,\"cache_misses\":6,\"cache_writes\":0},{\"cache_bytes\":5120,\"statement_bytes\":0,\"cache_hits\":1,\"cache_misses\":6,\"cache_writes\":0},{\"cache_bytes\":5120,\"statement_bytes\":0,\"cache_hits\":1,\"cache_misses\":6,\"cache_writes\":0},{\"cache_bytes\":5120,\"statement_bytes\":0,\"cache_hits\":1,\"cache_misses\":6,\"cache_writes\":0},{\"cache_bytes\":13824,\"statement_bytes\":351744,\"cache_hits\":25501,\"cache_misses\":2315,\"cache_writes\":0}]},\"sqlite_busy_errors\":0,\"blocking_threads\":0,\"blocking_threads_peak\":1,\"blocking_active\":0,\"blocking_queued\":0,\"scrypt_active\":0,\"scrypt_peak\":1}"},"target":"snowtime_axum"}
{"timestamp":"2026-10-08T10:35:08.112848Z","level":"INFO","fields":{"message":"bench counters","renderers":1,"render_queued":0,"render_busy_answers":0,"database":"{\"read_admission\":{\"active\":0,\"queued\":0,\"limit\":10},\"write_admission\":{\"active\":0,\"queued\":0,\"limit\":1},\"hash_admission\":{\"active\":1,\"queued\":0,\"limit\":10},\"report_admission\":{\"active\":0,\"queued\":0,\"limit\":2},\"writer\":{\"cache_bytes\":52992,\"statement_bytes\":6688,\"cache_hits\":23,\"cache_misses\":16,\"cache_writes\":9},\"readers\":{\"idle\":10,\"connections\":[{\"cache_bytes\":26880,\"statement_bytes\":0,\"cache_hits\":1,\"cache_misses\":6,\"cache_writes\":0},{\"cache_bytes\":26880,\"statement_bytes\":0,\"cache_hits\":1,\"cache_misses\":6,\"cache_writes\":0},{\"cache_bytes\":26880,\"statement_bytes\":0,\"cache_hits\":1,\"cache_misses\":6,\"cache_writes\":0},{\"cache_bytes\":26880,\"statement_bytes\":0,\"cache_hits\":1,\"cache_misses\":6,\"cache_writes\":0},{\"cache_bytes\":26880,\"statement_bytes\":0,\"cache_hits\":1,\"cache_misses\":6,\"cache_writes\":0},{\"cache_bytes\":26880,\"statement_bytes\":0,\"cache_hits\":1,\"cache_misses\":6,\"cache_writes\":0},{\"cache_bytes\":26880,\"statement_bytes\":0,\"cache_hits\":1,\"cache_misses\":6,\"cache_writes\":0},{\"cache_bytes\":26880,\"statement_bytes\":0,\"cache_hits\":1,\"cache_misses\":6,\"cache_writes\":0},{\"cache_bytes\":26880,\"statement_bytes\":0,\"cache_hits\":1,\"cache_misses\":6,\"cache_writes\":0},{\"cache_bytes\":26880,\"statement_bytes\":0,\"cache_hits\":1,\"cache_misses\":6,\"cache_writes\":0}]},\"sqlite_busy_errors\":0,\"blocking_threads\":1,\"blocking_threads_peak\":1,\"blocking_active\":0,\"blocking_queued\":0,\"scrypt_active\":1,\"scrypt_peak\":1}"},"target":"snowtime_axum"}
same bytes                 auth acceptance schema 3: Zod string (400, 107 bytes)
{"timestamp":"2026-10-08T10:35:08.941594Z","level":"INFO","fields":{"message":"bench counters","renderers":1,"render_queued":0,"render_busy_answers":0,"database":"{\"read_admission\":{\"active\":0,\"queued\":0,\"limit\":10},\"write_admission\":{\"active\":0,\"queued\":0,\"limit\":1},\"hash_admission\":{\"active\":0,\"queued\":0,\"limit\":10},\"report_admission\":{\"active\":0,\"queued\":0,\"limit\":2},\"writer\":{\"cache_bytes\":96512,\"statement_bytes\":542048,\"cache_hits\":1936,\"cache_misses\":49,\"cache_writes\":81},\"readers\":{\"idle\":10,\"connections\":[{\"cache_bytes\":5120,\"statement_bytes\":0,\"cache_hits\":1,\"cache_misses\":6,\"cache_writes\":0},{\"cache_bytes\":5120,\"statement_bytes\":0,\"cache_hits\":1,\"cache_misses\":6,\"cache_writes\":0},{\"cache_bytes\":5120,\"statement_bytes\":0,\"cache_hits\":1,\"cache_misses\":6,\"cache_writes\":0},{\"cache_bytes\":5120,\"statement_bytes\":0,\"cache_hits\":1,\"cache_misses\":6,\"cache_writes\":0},{\"cache_bytes\":5120,\"statement_bytes\":0,\"cache_hits\":1,\"cache_misses\":6,\"cache_writes\":0},{\"cache_bytes\":5120,\"statement_bytes\":0,\"cache_hits\":1,\"cache_misses\":6,\"cache_writes\":0},{\"cache_bytes\":5120,\"statement_bytes\":0,\"cache_hits\":1,\"cache_misses\":6,\"cache_writes\":0},{\"cache_bytes\":5120,\"statement_bytes\":0,\"cache_hits\":1,\"cache_misses\":6,\"cache_writes\":0},{\"cache_bytes\":5120,\"statement_bytes\":0,\"cache_hits\":1,\"cache_misses\":6,\"cache_writes\":0},{\"cache_bytes\":13824,\"statement_bytes\":351744,\"cache_hits\":25501,\"cache_misses\":2315,\"cache_writes\":0}]},\"sqlite_busy_errors\":0,\"blocking_threads\":0,\"blocking_threads_peak\":1,\"blocking_active\":0,\"blocking_queued\":0,\"scrypt_active\":0,\"scrypt_peak\":1}"},"target":"snowtime_axum"}
{"timestamp":"2026-10-08T10:35:09.114678Z","level":"INFO","fields":{"message":"bench counters","renderers":1,"render_queued":0,"render_busy_answers":0,"database":"{\"read_admission\":{\"active\":0,\"queued\":0,\"limit\":10},\"write_admission\":{\"active\":0,\"queued\":0,\"limit\":1},\"hash_admission\":{\"active\":0,\"queued\":0,\"limit\":10},\"report_admission\":{\"active\":0,\"queued\":0,\"limit\":2},\"writer\":{\"cache_bytes\":52992,\"statement_bytes\":6688,\"cache_hits\":29,\"cache_misses\":16,\"cache_writes\":13},\"readers\":{\"idle\":10,\"connections\":[{\"cache_bytes\":26880,\"statement_bytes\":0,\"cache_hits\":1,\"cache_misses\":6,\"cache_writes\":0},{\"cache_bytes\":26880,\"statement_bytes\":0,\"cache_hits\":1,\"cache_misses\":6,\"cache_writes\":0},{\"cache_bytes\":26880,\"statement_bytes\":0,\"cache_hits\":1,\"cache_misses\":6,\"cache_writes\":0},{\"cache_bytes\":26880,\"statement_bytes\":0,\"cache_hits\":1,\"cache_misses\":6,\"cache_writes\":0},{\"cache_bytes\":26880,\"statement_bytes\":0,\"cache_hits\":1,\"cache_misses\":6,\"cache_writes\":0},{\"cache_bytes\":26880,\"statement_bytes\":0,\"cache_hits\":1,\"cache_misses\":6,\"cache_writes\":0},{\"cache_bytes\":26880,\"statement_bytes\":0,\"cache_hits\":1,\"cache_misses\":6,\"cache_writes\":0},{\"cache_bytes\":26880,\"statement_bytes\":0,\"cache_hits\":1,\"cache_misses\":6,\"cache_writes\":0},{\"cache_bytes\":26880,\"statement_bytes\":0,\"cache_hits\":1,\"cache_misses\":6,\"cache_writes\":0},{\"cache_bytes\":26880,\"statement_bytes\":0,\"cache_hits\":1,\"cache_misses\":6,\"cache_writes\":0}]},\"sqlite_busy_errors\":0,\"blocking_threads\":1,\"blocking_threads_peak\":1,\"blocking_active\":0,\"blocking_queued\":0,\"scrypt_active\":0,\"scrypt_peak\":1}"},"target":"snowtime_axum"}
{"timestamp":"2026-10-08T10:35:09.943831Z","level":"INFO","fields":{"message":"bench counters","renderers":1,"render_queued":0,"render_busy_answers":0,"database":"{\"read_admission\":{\"active\":0,\"queued\":0,\"limit\":10},\"write_admission\":{\"active\":0,\"queued\":0,\"limit\":1},\"hash_admission\":{\"active\":0,\"queued\":0,\"limit\":10},\"report_admission\":{\"active\":0,\"queued\":0,\"limit\":2},\"writer\":{\"cache_bytes\":96512,\"statement_bytes\":542048,\"cache_hits\":1936,\"cache_misses\":49,\"cache_writes\":81},\"readers\":{\"idle\":10,\"connections\":[{\"cache_bytes\":5120,\"statement_bytes\":0,\"cache_hits\":1,\"cache_misses\":6,\"cache_writes\":0},{\"cache_bytes\":5120,\"statement_bytes\":0,\"cache_hits\":1,\"cache_misses\":6,\"cache_writes\":0},{\"cache_bytes\":5120,\"statement_bytes\":0,\"cache_hits\":1,\"cache_misses\":6,\"cache_writes\":0},{\"cache_bytes\":5120,\"statement_bytes\":0,\"cache_hits\":1,\"cache_misses\":6,\"cache_writes\":0},{\"cache_bytes\":5120,\"statement_bytes\":0,\"cache_hits\":1,\"cache_misses\":6,\"cache_writes\":0},{\"cache_bytes\":5120,\"statement_bytes\":0,\"cache_hits\":1,\"cache_misses\":6,\"cache_writes\":0},{\"cache_bytes\":5120,\"statement_bytes\":0,\"cache_hits\":1,\"cache_misses\":6,\"cache_writes\":0},{\"cache_bytes\":5120,\"statement_bytes\":0,\"cache_hits\":1,\"cache_misses\":6,\"cache_writes\":0},{\"cache_bytes\":5120,\"statement_bytes\":0,\"cache_hits\":1,\"cache_misses\":6,\"cache_writes\":0},{\"cache_bytes\":13824,\"statement_bytes\":351744,\"cache_hits\":25501,\"cache_misses\":2315,\"cache_writes\":0}]},\"sqlite_busy_errors\":0,\"blocking_threads\":0,\"blocking_threads_peak\":1,\"blocking_active\":0,\"blocking_queued\":0,\"scrypt_active\":0,\"scrypt_peak\":1}"},"target":"snowtime_axum"}
{"timestamp":"2026-10-08T10:35:10.117078Z","level":"INFO","fields":{"message":"bench counters","renderers":1,"render_queued":0,"render_busy_answers":0,"database":"{\"read_admission\":{\"active\":0,\"queued\":0,\"limit\":10},\"write_admission\":{\"active\":0,\"queued\":0,\"limit\":1},\"hash_admission\":{\"active\":0,\"queued\":0,\"limit\":10},\"report_admission\":{\"active\":0,\"queued\":0,\"limit\":2},\"writer\":{\"cache_bytes\":52992,\"statement_bytes\":6688,\"cache_hits\":29,\"cache_misses\":16,\"cache_writes\":13},\"readers\":{\"idle\":10,\"connections\":[{\"cache_bytes\":26880,\"statement_bytes\":0,\"cache_hits\":1,\"cache_misses\":6,\"cache_writes\":0},{\"cache_bytes\":26880,\"statement_bytes\":0,\"cache_hits\":1,\"cache_misses\":6,\"cache_writes\":0},{\"cache_bytes\":26880,\"statement_bytes\":0,\"cache_hits\":1,\"cache_misses\":6,\"cache_writes\":0},{\"cache_bytes\":26880,\"statement_bytes\":0,\"cache_hits\":1,\"cache_misses\":6,\"cache_writes\":0},{\"cache_bytes\":26880,\"statement_bytes\":0,\"cache_hits\":1,\"cache_misses\":6,\"cache_writes\":0},{\"cache_bytes\":26880,\"statement_bytes\":0,\"cache_hits\":1,\"cache_misses\":6,\"cache_writes\":0},{\"cache_bytes\":26880,\"statement_bytes\":0,\"cache_hits\":1,\"cache_misses\":6,\"cache_writes\":0},{\"cache_bytes\":26880,\"statement_bytes\":0,\"cache_hits\":1,\"cache_misses\":6,\"cache_writes\":0},{\"cache_bytes\":26880,\"statement_bytes\":0,\"cache_hits\":1,\"cache_misses\":6,\"cache_writes\":0},{\"cache_bytes\":26880,\"statement_bytes\":0,\"cache_hits\":1,\"cache_misses\":6,\"cache_writes\":0}]},\"sqlite_busy_errors\":0,\"blocking_threads\":1,\"blocking_threads_peak\":1,\"blocking_active\":0,\"blocking_queued\":0,\"scrypt_active\":0,\"scrypt_peak\":1}"},"target":"snowtime_axum"}
{"timestamp":"2026-10-08T10:35:10.946595Z","level":"INFO","fields":{"message":"bench counters","renderers":1,"render_queued":0,"render_busy_answers":0,"database":"{\"read_admission\":{\"active\":0,\"queued\":0,\"limit\":10},\"write_admission\":{\"active\":0,\"queued\":0,\"limit\":1},\"hash_admission\":{\"active\":0,\"queued\":0,\"limit\":10},\"report_admission\":{\"active\":0,\"queued\":0,\"limit\":2},\"writer\":{\"cache_bytes\":96512,\"statement_bytes\":542048,\"cache_hits\":1936,\"cache_misses\":49,\"cache_writes\":81},\"readers\":{\"idle\":10,\"connections\":[{\"cache_bytes\":5120,\"statement_bytes\":0,\"cache_hits\":1,\"cache_misses\":6,\"cache_writes\":0},{\"cache_bytes\":5120,\"statement_bytes\":0,\"cache_hits\":1,\"cache_misses\":6,\"cache_writes\":0},{\"cache_bytes\":5120,\"statement_bytes\":0,\"cache_hits\":1,\"cache_misses\":6,\"cache_writes\":0},{\"cache_bytes\":5120,\"statement_bytes\":0,\"cache_hits\":1,\"cache_misses\":6,\"cache_writes\":0},{\"cache_bytes\":5120,\"statement_bytes\":0,\"cache_hits\":1,\"cache_misses\":6,\"cache_writes\":0},{\"cache_bytes\":5120,\"statement_bytes\":0,\"cache_hits\":1,\"cache_misses\":6,\"cache_writes\":0},{\"cache_bytes\":5120,\"statement_bytes\":0,\"cache_hits\":1,\"cache_misses\":6,\"cache_writes\":0},{\"cache_bytes\":5120,\"statement_bytes\":0,\"cache_hits\":1,\"cache_misses\":6,\"cache_writes\":0},{\"cache_bytes\":5120,\"statement_bytes\":0,\"cache_hits\":1,\"cache_misses\":6,\"cache_writes\":0},{\"cache_bytes\":13824,\"statement_bytes\":351744,\"cache_hits\":25501,\"cache_misses\":2315,\"cache_writes\":0}]},\"sqlite_busy_errors\":0,\"blocking_threads\":0,\"blocking_threads_peak\":1,\"blocking_active\":0,\"blocking_queued\":0,\"scrypt_active\":0,\"scrypt_peak\":1}"},"target":"snowtime_axum"}
{"timestamp":"2026-10-08T10:35:11.119714Z","level":"INFO","fields":{"message":"bench counters","renderers":1,"render_queued":0,"render_busy_answers":0,"database":"{\"read_admission\":{\"active\":0,\"queued\":0,\"limit\":10},\"write_admission\":{\"active\":0,\"queued\":0,\"limit\":1},\"hash_admission\":{\"active\":0,\"queued\":0,\"limit\":10},\"report_admission\":{\"active\":0,\"queued\":0,\"limit\":2},\"writer\":{\"cache_bytes\":52992,\"statement_bytes\":6688,\"cache_hits\":29,\"cache_misses\":16,\"cache_writes\":13},\"readers\":{\"idle\":10,\"connections\":[{\"cache_bytes\":26880,\"statement_bytes\":0,\"cache_hits\":1,\"cache_misses\":6,\"cache_writes\":0},{\"cache_bytes\":26880,\"statement_bytes\":0,\"cache_hits\":1,\"cache_misses\":6,\"cache_writes\":0},{\"cache_bytes\":26880,\"statement_bytes\":0,\"cache_hits\":1,\"cache_misses\":6,\"cache_writes\":0},{\"cache_bytes\":26880,\"statement_bytes\":0,\"cache_hits\":1,\"cache_misses\":6,\"cache_writes\":0},{\"cache_bytes\":26880,\"statement_bytes\":0,\"cache_hits\":1,\"cache_misses\":6,\"cache_writes\":0},{\"cache_bytes\":26880,\"statement_bytes\":0,\"cache_hits\":1,\"cache_misses\":6,\"cache_writes\":0},{\"cache_bytes\":26880,\"statement_bytes\":0,\"cache_hits\":1,\"cache_misses\":6,\"cache_writes\":0},{\"cache_bytes\":26880,\"statement_bytes\":0,\"cache_hits\":1,\"cache_misses\":6,\"cache_writes\":0},{\"cache_bytes\":26880,\"statement_bytes\":0,\"cache_hits\":1,\"cache_misses\":6,\"cache_writes\":0},{\"cache_bytes\":26880,\"statement_bytes\":0,\"cache_hits\":1,\"cache_misses\":6,\"cache_writes\":0}]},\"sqlite_busy_errors\":0,\"blocking_threads\":1,\"blocking_threads_peak\":1,\"blocking_active\":0,\"blocking_queued\":0,\"scrypt_active\":0,\"scrypt_peak\":1}"},"target":"snowtime_axum"}
{"timestamp":"2026-10-08T10:35:11.949540Z","level":"INFO","fields":{"message":"bench counters","renderers":1,"render_queued":0,"render_busy_answers":0,"database":"{\"read_admission\":{\"active\":0,\"queued\":0,\"limit\":10},\"write_admission\":{\"active\":0,\"queued\":0,\"limit\":1},\"hash_admission\":{\"active\":0,\"queued\":0,\"limit\":10},\"report_admission\":{\"active\":0,\"queued\":0,\"limit\":2},\"writer\":{\"cache_bytes\":96512,\"statement_bytes\":542048,\"cache_hits\":1936,\"cache_misses\":49,\"cache_writes\":81},\"readers\":{\"idle\":10,\"connections\":[{\"cache_bytes\":5120,\"statement_bytes\":0,\"cache_hits\":1,\"cache_misses\":6,\"cache_writes\":0},{\"cache_bytes\":5120,\"statement_bytes\":0,\"cache_hits\":1,\"cache_misses\":6,\"cache_writes\":0},{\"cache_bytes\":5120,\"statement_bytes\":0,\"cache_hits\":1,\"cache_misses\":6,\"cache_writes\":0},{\"cache_bytes\":5120,\"statement_bytes\":0,\"cache_hits\":1,\"cache_misses\":6,\"cache_writes\":0},{\"cache_bytes\":5120,\"statement_bytes\":0,\"cache_hits\":1,\"cache_misses\":6,\"cache_writes\":0},{\"cache_bytes\":5120,\"statement_bytes\":0,\"cache_hits\":1,\"cache_misses\":6,\"cache_writes\":0},{\"cache_bytes\":5120,\"statement_bytes\":0,\"cache_hits\":1,\"cache_misses\":6,\"cache_writes\":0},{\"cache_bytes\":5120,\"statement_bytes\":0,\"cache_hits\":1,\"cache_misses\":6,\"cache_writes\":0},{\"cache_bytes\":5120,\"statement_bytes\":0,\"cache_hits\":1,\"cache_misses\":6,\"cache_writes\":0},{\"cache_bytes\":13824,\"statement_bytes\":351744,\"cache_hits\":25501,\"cache_misses\":2315,\"cache_writes\":0}]},\"sqlite_busy_errors\":0,\"blocking_threads\":0,\"blocking_threads_peak\":1,\"blocking_active\":0,\"blocking_queued\":0,\"scrypt_active\":0,\"scrypt_peak\":1}"},"target":"snowtime_axum"}
{"timestamp":"2026-10-08T10:35:12.380952Z","level":"INFO","fields":{"message":"sized the renderers","limit_mib":32768,"source":"physical memory","cpus":10,"renderers":10,"heap_mib":128,"semi_space_mib":32},"target":"snowtime_axum"}
{"timestamp":"2026-10-08T10:35:12.381601Z","level":"INFO","fields":{"message":"listening","address":"127.0.0.1:64822","tls":false},"target":"snowtime_axum"}
{"timestamp":"2026-10-08T10:35:12.951751Z","level":"INFO","fields":{"message":"bench counters","renderers":1,"render_queued":0,"render_busy_answers":0,"database":"{\"read_admission\":{\"active\":0,\"queued\":0,\"limit\":10},\"write_admission\":{\"active\":0,\"queued\":0,\"limit\":1},\"hash_admission\":{\"active\":0,\"queued\":0,\"limit\":10},\"report_admission\":{\"active\":0,\"queued\":0,\"limit\":2},\"writer\":{\"cache_bytes\":96512,\"statement_bytes\":542048,\"cache_hits\":1936,\"cache_misses\":49,\"cache_writes\":81},\"readers\":{\"idle\":10,\"connections\":[{\"cache_bytes\":5120,\"statement_bytes\":0,\"cache_hits\":1,\"cache_misses\":6,\"cache_writes\":0},{\"cache_bytes\":5120,\"statement_bytes\":0,\"cache_hits\":1,\"cache_misses\":6,\"cache_writes\":0},{\"cache_bytes\":5120,\"statement_bytes\":0,\"cache_hits\":1,\"cache_misses\":6,\"cache_writes\":0},{\"cache_bytes\":5120,\"statement_bytes\":0,\"cache_hits\":1,\"cache_misses\":6,\"cache_writes\":0},{\"cache_bytes\":5120,\"statement_bytes\":0,\"cache_hits\":1,\"cache_misses\":6,\"cache_writes\":0},{\"cache_bytes\":5120,\"statement_bytes\":0,\"cache_hits\":1,\"cache_misses\":6,\"cache_writes\":0},{\"cache_bytes\":5120,\"statement_bytes\":0,\"cache_hits\":1,\"cache_misses\":6,\"cache_writes\":0},{\"cache_bytes\":5120,\"statement_bytes\":0,\"cache_hits\":1,\"cache_misses\":6,\"cache_writes\":0},{\"cache_bytes\":5120,\"statement_bytes\":0,\"cache_hits\":1,\"cache_misses\":6,\"cache_writes\":0},{\"cache_bytes\":13824,\"statement_bytes\":351744,\"cache_hits\":25501,\"cache_misses\":2315,\"cache_writes\":0}]},\"sqlite_busy_errors\":0,\"blocking_threads\":0,\"blocking_threads_peak\":1,\"blocking_active\":0,\"blocking_queued\":0,\"scrypt_active\":0,\"scrypt_peak\":1}"},"target":"snowtime_axum"}
{"timestamp":"2026-10-08T10:35:13.384059Z","level":"INFO","fields":{"message":"bench counters","renderers":1,"render_queued":0,"render_busy_answers":0,"database":"{\"read_admission\":{\"active\":0,\"queued\":0,\"limit\":10},\"write_admission\":{\"active\":0,\"queued\":0,\"limit\":1},\"hash_admission\":{\"active\":1,\"queued\":0,\"limit\":10},\"report_admission\":{\"active\":0,\"queued\":0,\"limit\":2},\"writer\":{\"cache_bytes\":52992,\"statement_bytes\":6688,\"cache_hits\":23,\"cache_misses\":16,\"cache_writes\":9},\"readers\":{\"idle\":10,\"connections\":[{\"cache_bytes\":26880,\"statement_bytes\":0,\"cache_hits\":1,\"cache_misses\":6,\"cache_writes\":0},{\"cache_bytes\":26880,\"statement_bytes\":0,\"cache_hits\":1,\"cache_misses\":6,\"cache_writes\":0},{\"cache_bytes\":26880,\"statement_bytes\":0,\"cache_hits\":1,\"cache_misses\":6,\"cache_writes\":0},{\"cache_bytes\":26880,\"statement_bytes\":0,\"cache_hits\":1,\"cache_misses\":6,\"cache_writes\":0},{\"cache_bytes\":26880,\"statement_bytes\":0,\"cache_hits\":1,\"cache_misses\":6,\"cache_writes\":0},{\"cache_bytes\":26880,\"statement_bytes\":0,\"cache_hits\":1,\"cache_misses\":6,\"cache_writes\":0},{\"cache_bytes\":26880,\"statement_bytes\":0,\"cache_hits\":1,\"cache_misses\":6,\"cache_writes\":0},{\"cache_bytes\":26880,\"statement_bytes\":0,\"cache_hits\":1,\"cache_misses\":6,\"cache_writes\":0},{\"cache_bytes\":26880,\"statement_bytes\":0,\"cache_hits\":1,\"cache_misses\":6,\"cache_writes\":0},{\"cache_bytes\":26880,\"statement_bytes\":0,\"cache_hits\":1,\"cache_misses\":6,\"cache_writes\":0}]},\"sqlite_busy_errors\":0,\"blocking_threads\":1,\"blocking_threads_peak\":1,\"blocking_active\":0,\"blocking_queued\":0,\"scrypt_active\":1,\"scrypt_peak\":1}"},"target":"snowtime_axum"}
same bytes                 auth acceptance schema []: Zod string (400, 106 bytes)
{"timestamp":"2026-10-08T10:35:13.954197Z","level":"INFO","fields":{"message":"bench counters","renderers":1,"render_queued":0,"render_busy_answers":0,"database":"{\"read_admission\":{\"active\":0,\"queued\":0,\"limit\":10},\"write_admission\":{\"active\":0,\"queued\":0,\"limit\":1},\"hash_admission\":{\"active\":0,\"queued\":0,\"limit\":10},\"report_admission\":{\"active\":0,\"queued\":0,\"limit\":2},\"writer\":{\"cache_bytes\":96512,\"statement_bytes\":542048,\"cache_hits\":1936,\"cache_misses\":49,\"cache_writes\":81},\"readers\":{\"idle\":10,\"connections\":[{\"cache_bytes\":5120,\"statement_bytes\":0,\"cache_hits\":1,\"cache_misses\":6,\"cache_writes\":0},{\"cache_bytes\":5120,\"statement_bytes\":0,\"cache_hits\":1,\"cache_misses\":6,\"cache_writes\":0},{\"cache_bytes\":5120,\"statement_bytes\":0,\"cache_hits\":1,\"cache_misses\":6,\"cache_writes\":0},{\"cache_bytes\":5120,\"statement_bytes\":0,\"cache_hits\":1,\"cache_misses\":6,\"cache_writes\":0},{\"cache_bytes\":5120,\"statement_bytes\":0,\"cache_hits\":1,\"cache_misses\":6,\"cache_writes\":0},{\"cache_bytes\":5120,\"statement_bytes\":0,\"cache_hits\":1,\"cache_misses\":6,\"cache_writes\":0},{\"cache_bytes\":5120,\"statement_bytes\":0,\"cache_hits\":1,\"cache_misses\":6,\"cache_writes\":0},{\"cache_bytes\":5120,\"statement_bytes\":0,\"cache_hits\":1,\"cache_misses\":6,\"cache_writes\":0},{\"cache_bytes\":5120,\"statement_bytes\":0,\"cache_hits\":1,\"cache_misses\":6,\"cache_writes\":0},{\"cache_bytes\":13824,\"statement_bytes\":351744,\"cache_hits\":25501,\"cache_misses\":2315,\"cache_writes\":0}]},\"sqlite_busy_errors\":0,\"blocking_threads\":0,\"blocking_threads_peak\":1,\"blocking_active\":0,\"blocking_queued\":0,\"scrypt_active\":0,\"scrypt_peak\":1}"},"target":"snowtime_axum"}
{"timestamp":"2026-10-08T10:35:14.387201Z","level":"INFO","fields":{"message":"bench counters","renderers":1,"render_queued":0,"render_busy_answers":0,"database":"{\"read_admission\":{\"active\":0,\"queued\":0,\"limit\":10},\"write_admission\":{\"active\":0,\"queued\":0,\"limit\":1},\"hash_admission\":{\"active\":0,\"queued\":0,\"limit\":10},\"report_admission\":{\"active\":0,\"queued\":0,\"limit\":2},\"writer\":{\"cache_bytes\":52992,\"statement_bytes\":6688,\"cache_hits\":29,\"cache_misses\":16,\"cache_writes\":13},\"readers\":{\"idle\":10,\"connections\":[{\"cache_bytes\":26880,\"statement_bytes\":0,\"cache_hits\":1,\"cache_misses\":6,\"cache_writes\":0},{\"cache_bytes\":26880,\"statement_bytes\":0,\"cache_hits\":1,\"cache_misses\":6,\"cache_writes\":0},{\"cache_bytes\":26880,\"statement_bytes\":0,\"cache_hits\":1,\"cache_misses\":6,\"cache_writes\":0},{\"cache_bytes\":26880,\"statement_bytes\":0,\"cache_hits\":1,\"cache_misses\":6,\"cache_writes\":0},{\"cache_bytes\":26880,\"statement_bytes\":0,\"cache_hits\":1,\"cache_misses\":6,\"cache_writes\":0},{\"cache_bytes\":26880,\"statement_bytes\":0,\"cache_hits\":1,\"cache_misses\":6,\"cache_writes\":0},{\"cache_bytes\":26880,\"statement_bytes\":0,\"cache_hits\":1,\"cache_misses\":6,\"cache_writes\":0},{\"cache_bytes\":26880,\"statement_bytes\":0,\"cache_hits\":1,\"cache_misses\":6,\"cache_writes\":0},{\"cache_bytes\":26880,\"statement_bytes\":0,\"cache_hits\":1,\"cache_misses\":6,\"cache_writes\":0},{\"cache_bytes\":26880,\"statement_bytes\":0,\"cache_hits\":1,\"cache_misses\":6,\"cache_writes\":0}]},\"sqlite_busy_errors\":0,\"blocking_threads\":1,\"blocking_threads_peak\":1,\"blocking_active\":0,\"blocking_queued\":0,\"scrypt_active\":0,\"scrypt_peak\":1}"},"target":"snowtime_axum"}
{"timestamp":"2026-10-08T10:35:14.955532Z","level":"INFO","fields":{"message":"bench counters","renderers":1,"render_queued":0,"render_busy_answers":0,"database":"{\"read_admission\":{\"active\":0,\"queued\":0,\"limit\":10},\"write_admission\":{\"active\":0,\"queued\":0,\"limit\":1},\"hash_admission\":{\"active\":0,\"queued\":0,\"limit\":10},\"report_admission\":{\"active\":0,\"queued\":0,\"limit\":2},\"writer\":{\"cache_bytes\":96512,\"statement_bytes\":542048,\"cache_hits\":1936,\"cache_misses\":49,\"cache_writes\":81},\"readers\":{\"idle\":10,\"connections\":[{\"cache_bytes\":5120,\"statement_bytes\":0,\"cache_hits\":1,\"cache_misses\":6,\"cache_writes\":0},{\"cache_bytes\":5120,\"statement_bytes\":0,\"cache_hits\":1,\"cache_misses\":6,\"cache_writes\":0},{\"cache_bytes\":5120,\"statement_bytes\":0,\"cache_hits\":1,\"cache_misses\":6,\"cache_writes\":0},{\"cache_bytes\":5120,\"statement_bytes\":0,\"cache_hits\":1,\"cache_misses\":6,\"cache_writes\":0},{\"cache_bytes\":5120,\"statement_bytes\":0,\"cache_hits\":1,\"cache_misses\":6,\"cache_writes\":0},{\"cache_bytes\":5120,\"statement_bytes\":0,\"cache_hits\":1,\"cache_misses\":6,\"cache_writes\":0},{\"cache_bytes\":5120,\"statement_bytes\":0,\"cache_hits\":1,\"cache_misses\":6,\"cache_writes\":0},{\"cache_bytes\":5120,\"statement_bytes\":0,\"cache_hits\":1,\"cache_misses\":6,\"cache_writes\":0},{\"cache_bytes\":5120,\"statement_bytes\":0,\"cache_hits\":1,\"cache_misses\":6,\"cache_writes\":0},{\"cache_bytes\":13824,\"statement_bytes\":351744,\"cache_hits\":25501,\"cache_misses\":2315,\"cache_writes\":0}]},\"sqlite_busy_errors\":0,\"blocking_threads\":0,\"blocking_threads_peak\":1,\"blocking_active\":0,\"blocking_queued\":0,\"scrypt_active\":0,\"scrypt_peak\":1}"},"target":"snowtime_axum"}
{"timestamp":"2026-10-08T10:35:15.389820Z","level":"INFO","fields":{"message":"bench counters","renderers":1,"render_queued":0,"render_busy_answers":0,"database":"{\"read_admission\":{\"active\":0,\"queued\":0,\"limit\":10},\"write_admission\":{\"active\":0,\"queued\":0,\"limit\":1},\"hash_admission\":{\"active\":0,\"queued\":0,\"limit\":10},\"report_admission\":{\"active\":0,\"queued\":0,\"limit\":2},\"writer\":{\"cache_bytes\":52992,\"statement_bytes\":6688,\"cache_hits\":29,\"cache_misses\":16,\"cache_writes\":13},\"readers\":{\"idle\":10,\"connections\":[{\"cache_bytes\":26880,\"statement_bytes\":0,\"cache_hits\":1,\"cache_misses\":6,\"cache_writes\":0},{\"cache_bytes\":26880,\"statement_bytes\":0,\"cache_hits\":1,\"cache_misses\":6,\"cache_writes\":0},{\"cache_bytes\":26880,\"statement_bytes\":0,\"cache_hits\":1,\"cache_misses\":6,\"cache_writes\":0},{\"cache_bytes\":26880,\"statement_bytes\":0,\"cache_hits\":1,\"cache_misses\":6,\"cache_writes\":0},{\"cache_bytes\":26880,\"statement_bytes\":0,\"cache_hits\":1,\"cache_misses\":6,\"cache_writes\":0},{\"cache_bytes\":26880,\"statement_bytes\":0,\"cache_hits\":1,\"cache_misses\":6,\"cache_writes\":0},{\"cache_bytes\":26880,\"statement_bytes\":0,\"cache_hits\":1,\"cache_misses\":6,\"cache_writes\":0},{\"cache_bytes\":26880,\"statement_bytes\":0,\"cache_hits\":1,\"cache_misses\":6,\"cache_writes\":0},{\"cache_bytes\":26880,\"statement_bytes\":0,\"cache_hits\":1,\"cache_misses\":6,\"cache_writes\":0},{\"cache_bytes\":26880,\"statement_bytes\":0,\"cache_hits\":1,\"cache_misses\":6,\"cache_writes\":0}]},\"sqlite_busy_errors\":0,\"blocking_threads\":1,\"blocking_threads_peak\":1,\"blocking_active\":0,\"blocking_queued\":0,\"scrypt_active\":0,\"scrypt_peak\":1}"},"target":"snowtime_axum"}
{"timestamp":"2026-10-08T10:35:15.957469Z","level":"INFO","fields":{"message":"bench counters","renderers":1,"render_queued":0,"render_busy_answers":0,"database":"{\"read_admission\":{\"active\":0,\"queued\":0,\"limit\":10},\"write_admission\":{\"active\":0,\"queued\":0,\"limit\":1},\"hash_admission\":{\"active\":0,\"queued\":0,\"limit\":10},\"report_admission\":{\"active\":0,\"queued\":0,\"limit\":2},\"writer\":{\"cache_bytes\":96512,\"statement_bytes\":542048,\"cache_hits\":1936,\"cache_misses\":49,\"cache_writes\":81},\"readers\":{\"idle\":10,\"connections\":[{\"cache_bytes\":5120,\"statement_bytes\":0,\"cache_hits\":1,\"cache_misses\":6,\"cache_writes\":0},{\"cache_bytes\":5120,\"statement_bytes\":0,\"cache_hits\":1,\"cache_misses\":6,\"cache_writes\":0},{\"cache_bytes\":5120,\"statement_bytes\":0,\"cache_hits\":1,\"cache_misses\":6,\"cache_writes\":0},{\"cache_bytes\":5120,\"statement_bytes\":0,\"cache_hits\":1,\"cache_misses\":6,\"cache_writes\":0},{\"cache_bytes\":5120,\"statement_bytes\":0,\"cache_hits\":1,\"cache_misses\":6,\"cache_writes\":0},{\"cache_bytes\":5120,\"statement_bytes\":0,\"cache_hits\":1,\"cache_misses\":6,\"cache_writes\":0},{\"cache_bytes\":5120,\"statement_bytes\":0,\"cache_hits\":1,\"cache_misses\":6,\"cache_writes\":0},{\"cache_bytes\":5120,\"statement_bytes\":0,\"cache_hits\":1,\"cache_misses\":6,\"cache_writes\":0},{\"cache_bytes\":5120,\"statement_bytes\":0,\"cache_hits\":1,\"cache_misses\":6,\"cache_writes\":0},{\"cache_bytes\":13824,\"statement_bytes\":351744,\"cache_hits\":25501,\"cache_misses\":2315,\"cache_writes\":0}]},\"sqlite_busy_errors\":0,\"blocking_threads\":0,\"blocking_threads_peak\":1,\"blocking_active\":0,\"blocking_queued\":0,\"scrypt_active\":0,\"scrypt_peak\":1}"},"target":"snowtime_axum"}
{"timestamp":"2026-10-08T10:35:16.392440Z","level":"INFO","fields":{"message":"bench counters","renderers":1,"render_queued":0,"render_busy_answers":0,"database":"{\"read_admission\":{\"active\":0,\"queued\":0,\"limit\":10},\"write_admission\":{\"active\":0,\"queued\":0,\"limit\":1},\"hash_admission\":{\"active\":0,\"queued\":0,\"limit\":10},\"report_admission\":{\"active\":0,\"queued\":0,\"limit\":2},\"writer\":{\"cache_bytes\":52992,\"statement_bytes\":6688,\"cache_hits\":29,\"cache_misses\":16,\"cache_writes\":13},\"readers\":{\"idle\":10,\"connections\":[{\"cache_bytes\":26880,\"statement_bytes\":0,\"cache_hits\":1,\"cache_misses\":6,\"cache_writes\":0},{\"cache_bytes\":26880,\"statement_bytes\":0,\"cache_hits\":1,\"cache_misses\":6,\"cache_writes\":0},{\"cache_bytes\":26880,\"statement_bytes\":0,\"cache_hits\":1,\"cache_misses\":6,\"cache_writes\":0},{\"cache_bytes\":26880,\"statement_bytes\":0,\"cache_hits\":1,\"cache_misses\":6,\"cache_writes\":0},{\"cache_bytes\":26880,\"statement_bytes\":0,\"cache_hits\":1,\"cache_misses\":6,\"cache_writes\":0},{\"cache_bytes\":26880,\"statement_bytes\":0,\"cache_hits\":1,\"cache_misses\":6,\"cache_writes\":0},{\"cache_bytes\":26880,\"statement_bytes\":0,\"cache_hits\":1,\"cache_misses\":6,\"cache_writes\":0},{\"cache_bytes\":26880,\"statement_bytes\":0,\"cache_hits\":1,\"cache_misses\":6,\"cache_writes\":0},{\"cache_bytes\":26880,\"statement_bytes\":0,\"cache_hits\":1,\"cache_misses\":6,\"cache_writes\":0},{\"cache_bytes\":26880,\"statement_bytes\":0,\"cache_hits\":1,\"cache_misses\":6,\"cache_writes\":0}]},\"sqlite_busy_errors\":0,\"blocking_threads\":1,\"blocking_threads_peak\":1,\"blocking_active\":0,\"blocking_queued\":0,\"scrypt_active\":0,\"scrypt_peak\":1}"},"target":"snowtime_axum"}
{"timestamp":"2026-10-08T10:35:16.960197Z","level":"INFO","fields":{"message":"bench counters","renderers":1,"render_queued":0,"render_busy_answers":0,"database":"{\"read_admission\":{\"active\":0,\"queued\":0,\"limit\":10},\"write_admission\":{\"active\":0,\"queued\":0,\"limit\":1},\"hash_admission\":{\"active\":0,\"queued\":0,\"limit\":10},\"report_admission\":{\"active\":0,\"queued\":0,\"limit\":2},\"writer\":{\"cache_bytes\":96512,\"statement_bytes\":542048,\"cache_hits\":1936,\"cache_misses\":49,\"cache_writes\":81},\"readers\":{\"idle\":10,\"connections\":[{\"cache_bytes\":5120,\"statement_bytes\":0,\"cache_hits\":1,\"cache_misses\":6,\"cache_writes\":0},{\"cache_bytes\":5120,\"statement_bytes\":0,\"cache_hits\":1,\"cache_misses\":6,\"cache_writes\":0},{\"cache_bytes\":5120,\"statement_bytes\":0,\"cache_hits\":1,\"cache_misses\":6,\"cache_writes\":0},{\"cache_bytes\":5120,\"statement_bytes\":0,\"cache_hits\":1,\"cache_misses\":6,\"cache_writes\":0},{\"cache_bytes\":5120,\"statement_bytes\":0,\"cache_hits\":1,\"cache_misses\":6,\"cache_writes\":0},{\"cache_bytes\":5120,\"statement_bytes\":0,\"cache_hits\":1,\"cache_misses\":6,\"cache_writes\":0},{\"cache_bytes\":5120,\"statement_bytes\":0,\"cache_hits\":1,\"cache_misses\":6,\"cache_writes\":0},{\"cache_bytes\":5120,\"statement_bytes\":0,\"cache_hits\":1,\"cache_misses\":6,\"cache_writes\":0},{\"cache_bytes\":5120,\"statement_bytes\":0,\"cache_hits\":1,\"cache_misses\":6,\"cache_writes\":0},{\"cache_bytes\":13824,\"statement_bytes\":351744,\"cache_hits\":25501,\"cache_misses\":2315,\"cache_writes\":0}]},\"sqlite_busy_errors\":0,\"blocking_threads\":0,\"blocking_threads_peak\":1,\"blocking_active\":0,\"blocking_queued\":0,\"scrypt_active\":0,\"scrypt_peak\":1}"},"target":"snowtime_axum"}
{"timestamp":"2026-10-08T10:35:17.646297Z","level":"INFO","fields":{"message":"sized the renderers","limit_mib":32768,"source":"physical memory","cpus":10,"renderers":10,"heap_mib":128,"semi_space_mib":32},"target":"snowtime_axum"}
{"timestamp":"2026-10-08T10:35:17.647055Z","level":"INFO","fields":{"message":"listening","address":"127.0.0.1:64828","tls":false},"target":"snowtime_axum"}
{"timestamp":"2026-10-08T10:35:17.962860Z","level":"INFO","fields":{"message":"bench counters","renderers":1,"render_queued":0,"render_busy_answers":0,"database":"{\"read_admission\":{\"active\":0,\"queued\":0,\"limit\":10},\"write_admission\":{\"active\":0,\"queued\":0,\"limit\":1},\"hash_admission\":{\"active\":0,\"queued\":0,\"limit\":10},\"report_admission\":{\"active\":0,\"queued\":0,\"limit\":2},\"writer\":{\"cache_bytes\":96512,\"statement_bytes\":542048,\"cache_hits\":1936,\"cache_misses\":49,\"cache_writes\":81},\"readers\":{\"idle\":10,\"connections\":[{\"cache_bytes\":5120,\"statement_bytes\":0,\"cache_hits\":1,\"cache_misses\":6,\"cache_writes\":0},{\"cache_bytes\":5120,\"statement_bytes\":0,\"cache_hits\":1,\"cache_misses\":6,\"cache_writes\":0},{\"cache_bytes\":5120,\"statement_bytes\":0,\"cache_hits\":1,\"cache_misses\":6,\"cache_writes\":0},{\"cache_bytes\":5120,\"statement_bytes\":0,\"cache_hits\":1,\"cache_misses\":6,\"cache_writes\":0},{\"cache_bytes\":5120,\"statement_bytes\":0,\"cache_hits\":1,\"cache_misses\":6,\"cache_writes\":0},{\"cache_bytes\":5120,\"statement_bytes\":0,\"cache_hits\":1,\"cache_misses\":6,\"cache_writes\":0},{\"cache_bytes\":5120,\"statement_bytes\":0,\"cache_hits\":1,\"cache_misses\":6,\"cache_writes\":0},{\"cache_bytes\":5120,\"statement_bytes\":0,\"cache_hits\":1,\"cache_misses\":6,\"cache_writes\":0},{\"cache_bytes\":5120,\"statement_bytes\":0,\"cache_hits\":1,\"cache_misses\":6,\"cache_writes\":0},{\"cache_bytes\":13824,\"statement_bytes\":351744,\"cache_hits\":25501,\"cache_misses\":2315,\"cache_writes\":0}]},\"sqlite_busy_errors\":0,\"blocking_threads\":0,\"blocking_threads_peak\":1,\"blocking_active\":0,\"blocking_queued\":0,\"scrypt_active\":0,\"scrypt_peak\":1}"},"target":"snowtime_axum"}
{"timestamp":"2026-10-08T10:35:18.648850Z","level":"INFO","fields":{"message":"bench counters","renderers":1,"render_queued":0,"render_busy_answers":0,"database":"{\"read_admission\":{\"active\":0,\"queued\":0,\"limit\":10},\"write_admission\":{\"active\":0,\"queued\":0,\"limit\":1},\"hash_admission\":{\"active\":1,\"queued\":0,\"limit\":10},\"report_admission\":{\"active\":0,\"queued\":0,\"limit\":2},\"writer\":{\"cache_bytes\":52992,\"statement_bytes\":6688,\"cache_hits\":23,\"cache_misses\":16,\"cache_writes\":9},\"readers\":{\"idle\":10,\"connections\":[{\"cache_bytes\":26880,\"statement_bytes\":0,\"cache_hits\":1,\"cache_misses\":6,\"cache_writes\":0},{\"cache_bytes\":26880,\"statement_bytes\":0,\"cache_hits\":1,\"cache_misses\":6,\"cache_writes\":0},{\"cache_bytes\":26880,\"statement_bytes\":0,\"cache_hits\":1,\"cache_misses\":6,\"cache_writes\":0},{\"cache_bytes\":26880,\"statement_bytes\":0,\"cache_hits\":1,\"cache_misses\":6,\"cache_writes\":0},{\"cache_bytes\":26880,\"statement_bytes\":0,\"cache_hits\":1,\"cache_misses\":6,\"cache_writes\":0},{\"cache_bytes\":26880,\"statement_bytes\":0,\"cache_hits\":1,\"cache_misses\":6,\"cache_writes\":0},{\"cache_bytes\":26880,\"statement_bytes\":0,\"cache_hits\":1,\"cache_misses\":6,\"cache_writes\":0},{\"cache_bytes\":26880,\"statement_bytes\":0,\"cache_hits\":1,\"cache_misses\":6,\"cache_writes\":0},{\"cache_bytes\":26880,\"statement_bytes\":0,\"cache_hits\":1,\"cache_misses\":6,\"cache_writes\":0},{\"cache_bytes\":26880,\"statement_bytes\":0,\"cache_hits\":1,\"cache_misses\":6,\"cache_writes\":0}]},\"sqlite_busy_errors\":0,\"blocking_threads\":1,\"blocking_threads_peak\":1,\"blocking_active\":0,\"blocking_queued\":0,\"scrypt_active\":1,\"scrypt_peak\":1}"},"target":"snowtime_axum"}
same bytes                 auth acceptance schema {}: Zod string (400, 107 bytes)
{"timestamp":"2026-10-08T10:35:18.965031Z","level":"INFO","fields":{"message":"bench counters","renderers":1,"render_queued":0,"render_busy_answers":0,"database":"{\"read_admission\":{\"active\":0,\"queued\":0,\"limit\":10},\"write_admission\":{\"active\":0,\"queued\":0,\"limit\":1},\"hash_admission\":{\"active\":0,\"queued\":0,\"limit\":10},\"report_admission\":{\"active\":0,\"queued\":0,\"limit\":2},\"writer\":{\"cache_bytes\":96512,\"statement_bytes\":542048,\"cache_hits\":1936,\"cache_misses\":49,\"cache_writes\":81},\"readers\":{\"idle\":10,\"connections\":[{\"cache_bytes\":5120,\"statement_bytes\":0,\"cache_hits\":1,\"cache_misses\":6,\"cache_writes\":0},{\"cache_bytes\":5120,\"statement_bytes\":0,\"cache_hits\":1,\"cache_misses\":6,\"cache_writes\":0},{\"cache_bytes\":5120,\"statement_bytes\":0,\"cache_hits\":1,\"cache_misses\":6,\"cache_writes\":0},{\"cache_bytes\":5120,\"statement_bytes\":0,\"cache_hits\":1,\"cache_misses\":6,\"cache_writes\":0},{\"cache_bytes\":5120,\"statement_bytes\":0,\"cache_hits\":1,\"cache_misses\":6,\"cache_writes\":0},{\"cache_bytes\":5120,\"statement_bytes\":0,\"cache_hits\":1,\"cache_misses\":6,\"cache_writes\":0},{\"cache_bytes\":5120,\"statement_bytes\":0,\"cache_hits\":1,\"cache_misses\":6,\"cache_writes\":0},{\"cache_bytes\":5120,\"statement_bytes\":0,\"cache_hits\":1,\"cache_misses\":6,\"cache_writes\":0},{\"cache_bytes\":5120,\"statement_bytes\":0,\"cache_hits\":1,\"cache_misses\":6,\"cache_writes\":0},{\"cache_bytes\":13824,\"statement_bytes\":351744,\"cache_hits\":25501,\"cache_misses\":2315,\"cache_writes\":0}]},\"sqlite_busy_errors\":0,\"blocking_threads\":0,\"blocking_threads_peak\":1,\"blocking_active\":0,\"blocking_queued\":0,\"scrypt_active\":0,\"scrypt_peak\":1}"},"target":"snowtime_axum"}
{"timestamp":"2026-10-08T10:35:19.651221Z","level":"INFO","fields":{"message":"bench counters","renderers":1,"render_queued":0,"render_busy_answers":0,"database":"{\"read_admission\":{\"active\":0,\"queued\":0,\"limit\":10},\"write_admission\":{\"active\":0,\"queued\":0,\"limit\":1},\"hash_admission\":{\"active\":0,\"queued\":0,\"limit\":10},\"report_admission\":{\"active\":0,\"queued\":0,\"limit\":2},\"writer\":{\"cache_bytes\":52992,\"statement_bytes\":6688,\"cache_hits\":29,\"cache_misses\":16,\"cache_writes\":13},\"readers\":{\"idle\":10,\"connections\":[{\"cache_bytes\":26880,\"statement_bytes\":0,\"cache_hits\":1,\"cache_misses\":6,\"cache_writes\":0},{\"cache_bytes\":26880,\"statement_bytes\":0,\"cache_hits\":1,\"cache_misses\":6,\"cache_writes\":0},{\"cache_bytes\":26880,\"statement_bytes\":0,\"cache_hits\":1,\"cache_misses\":6,\"cache_writes\":0},{\"cache_bytes\":26880,\"statement_bytes\":0,\"cache_hits\":1,\"cache_misses\":6,\"cache_writes\":0},{\"cache_bytes\":26880,\"statement_bytes\":0,\"cache_hits\":1,\"cache_misses\":6,\"cache_writes\":0},{\"cache_bytes\":26880,\"statement_bytes\":0,\"cache_hits\":1,\"cache_misses\":6,\"cache_writes\":0},{\"cache_bytes\":26880,\"statement_bytes\":0,\"cache_hits\":1,\"cache_misses\":6,\"cache_writes\":0},{\"cache_bytes\":26880,\"statement_bytes\":0,\"cache_hits\":1,\"cache_misses\":6,\"cache_writes\":0},{\"cache_bytes\":26880,\"statement_bytes\":0,\"cache_hits\":1,\"cache_misses\":6,\"cache_writes\":0},{\"cache_bytes\":26880,\"statement_bytes\":0,\"cache_hits\":1,\"cache_misses\":6,\"cache_writes\":0}]},\"sqlite_busy_errors\":0,\"blocking_threads\":1,\"blocking_threads_peak\":1,\"blocking_active\":0,\"blocking_queued\":0,\"scrypt_active\":0,\"scrypt_peak\":1}"},"target":"snowtime_axum"}
{"timestamp":"2026-10-08T10:35:19.967647Z","level":"INFO","fields":{"message":"bench counters","renderers":1,"render_queued":0,"render_busy_answers":0,"database":"{\"read_admission\":{\"active\":0,\"queued\":0,\"limit\":10},\"write_admission\":{\"active\":0,\"queued\":0,\"limit\":1},\"hash_admission\":{\"active\":0,\"queued\":0,\"limit\":10},\"report_admission\":{\"active\":0,\"queued\":0,\"limit\":2},\"writer\":{\"cache_bytes\":96512,\"statement_bytes\":542048,\"cache_hits\":1936,\"cache_misses\":49,\"cache_writes\":81},\"readers\":{\"idle\":10,\"connections\":[{\"cache_bytes\":5120,\"statement_bytes\":0,\"cache_hits\":1,\"cache_misses\":6,\"cache_writes\":0},{\"cache_bytes\":5120,\"statement_bytes\":0,\"cache_hits\":1,\"cache_misses\":6,\"cache_writes\":0},{\"cache_bytes\":5120,\"statement_bytes\":0,\"cache_hits\":1,\"cache_misses\":6,\"cache_writes\":0},{\"cache_bytes\":5120,\"statement_bytes\":0,\"cache_hits\":1,\"cache_misses\":6,\"cache_writes\":0},{\"cache_bytes\":5120,\"statement_bytes\":0,\"cache_hits\":1,\"cache_misses\":6,\"cache_writes\":0},{\"cache_bytes\":5120,\"statement_bytes\":0,\"cache_hits\":1,\"cache_misses\":6,\"cache_writes\":0},{\"cache_bytes\":5120,\"statement_bytes\":0,\"cache_hits\":1,\"cache_misses\":6,\"cache_writes\":0},{\"cache_bytes\":5120,\"statement_bytes\":0,\"cache_hits\":1,\"cache_misses\":6,\"cache_writes\":0},{\"cache_bytes\":5120,\"statement_bytes\":0,\"cache_hits\":1,\"cache_misses\":6,\"cache_writes\":0},{\"cache_bytes\":13824,\"statement_bytes\":351744,\"cache_hits\":25501,\"cache_misses\":2315,\"cache_writes\":0}]},\"sqlite_busy_errors\":0,\"blocking_threads\":0,\"blocking_threads_peak\":1,\"blocking_active\":0,\"blocking_queued\":0,\"scrypt_active\":0,\"scrypt_peak\":1}"},"target":"snowtime_axum"}
{"timestamp":"2026-10-08T10:35:20.653599Z","level":"INFO","fields":{"message":"bench counters","renderers":1,"render_queued":0,"render_busy_answers":0,"database":"{\"read_admission\":{\"active\":0,\"queued\":0,\"limit\":10},\"write_admission\":{\"active\":0,\"queued\":0,\"limit\":1},\"hash_admission\":{\"active\":0,\"queued\":0,\"limit\":10},\"report_admission\":{\"active\":0,\"queued\":0,\"limit\":2},\"writer\":{\"cache_bytes\":52992,\"statement_bytes\":6688,\"cache_hits\":29,\"cache_misses\":16,\"cache_writes\":13},\"readers\":{\"idle\":10,\"connections\":[{\"cache_bytes\":26880,\"statement_bytes\":0,\"cache_hits\":1,\"cache_misses\":6,\"cache_writes\":0},{\"cache_bytes\":26880,\"statement_bytes\":0,\"cache_hits\":1,\"cache_misses\":6,\"cache_writes\":0},{\"cache_bytes\":26880,\"statement_bytes\":0,\"cache_hits\":1,\"cache_misses\":6,\"cache_writes\":0},{\"cache_bytes\":26880,\"statement_bytes\":0,\"cache_hits\":1,\"cache_misses\":6,\"cache_writes\":0},{\"cache_bytes\":26880,\"statement_bytes\":0,\"cache_hits\":1,\"cache_misses\":6,\"cache_writes\":0},{\"cache_bytes\":26880,\"statement_bytes\":0,\"cache_hits\":1,\"cache_misses\":6,\"cache_writes\":0},{\"cache_bytes\":26880,\"statement_bytes\":0,\"cache_hits\":1,\"cache_misses\":6,\"cache_writes\":0},{\"cache_bytes\":26880,\"statement_bytes\":0,\"cache_hits\":1,\"cache_misses\":6,\"cache_writes\":0},{\"cache_bytes\":26880,\"statement_bytes\":0,\"cache_hits\":1,\"cache_misses\":6,\"cache_writes\":0},{\"cache_bytes\":26880,\"statement_bytes\":0,\"cache_hits\":1,\"cache_misses\":6,\"cache_writes\":0}]},\"sqlite_busy_errors\":0,\"blocking_threads\":1,\"blocking_threads_peak\":1,\"blocking_active\":0,\"blocking_queued\":0,\"scrypt_active\":0,\"scrypt_peak\":1}"},"target":"snowtime_axum"}
{"timestamp":"2026-10-08T10:35:20.970112Z","level":"INFO","fields":{"message":"bench counters","renderers":1,"render_queued":0,"render_busy_answers":0,"database":"{\"read_admission\":{\"active\":0,\"queued\":0,\"limit\":10},\"write_admission\":{\"active\":0,\"queued\":0,\"limit\":1},\"hash_admission\":{\"active\":0,\"queued\":0,\"limit\":10},\"report_admission\":{\"active\":0,\"queued\":0,\"limit\":2},\"writer\":{\"cache_bytes\":96512,\"statement_bytes\":542048,\"cache_hits\":1936,\"cache_misses\":49,\"cache_writes\":81},\"readers\":{\"idle\":10,\"connections\":[{\"cache_bytes\":5120,\"statement_bytes\":0,\"cache_hits\":1,\"cache_misses\":6,\"cache_writes\":0},{\"cache_bytes\":5120,\"statement_bytes\":0,\"cache_hits\":1,\"cache_misses\":6,\"cache_writes\":0},{\"cache_bytes\":5120,\"statement_bytes\":0,\"cache_hits\":1,\"cache_misses\":6,\"cache_writes\":0},{\"cache_bytes\":5120,\"statement_bytes\":0,\"cache_hits\":1,\"cache_misses\":6,\"cache_writes\":0},{\"cache_bytes\":5120,\"statement_bytes\":0,\"cache_hits\":1,\"cache_misses\":6,\"cache_writes\":0},{\"cache_bytes\":5120,\"statement_bytes\":0,\"cache_hits\":1,\"cache_misses\":6,\"cache_writes\":0},{\"cache_bytes\":5120,\"statement_bytes\":0,\"cache_hits\":1,\"cache_misses\":6,\"cache_writes\":0},{\"cache_bytes\":5120,\"statement_bytes\":0,\"cache_hits\":1,\"cache_misses\":6,\"cache_writes\":0},{\"cache_bytes\":5120,\"statement_bytes\":0,\"cache_hits\":1,\"cache_misses\":6,\"cache_writes\":0},{\"cache_bytes\":13824,\"statement_bytes\":351744,\"cache_hits\":25501,\"cache_misses\":2315,\"cache_writes\":0}]},\"sqlite_busy_errors\":0,\"blocking_threads\":0,\"blocking_threads_peak\":1,\"blocking_active\":0,\"blocking_queued\":0,\"scrypt_active\":0,\"scrypt_peak\":1}"},"target":"snowtime_axum"}
{"timestamp":"2026-10-08T10:35:21.655346Z","level":"INFO","fields":{"message":"bench counters","renderers":1,"render_queued":0,"render_busy_answers":0,"database":"{\"read_admission\":{\"active\":0,\"queued\":0,\"limit\":10},\"write_admission\":{\"active\":0,\"queued\":0,\"limit\":1},\"hash_admission\":{\"active\":0,\"queued\":0,\"limit\":10},\"report_admission\":{\"active\":0,\"queued\":0,\"limit\":2},\"writer\":{\"cache_bytes\":52992,\"statement_bytes\":6688,\"cache_hits\":29,\"cache_misses\":16,\"cache_writes\":13},\"readers\":{\"idle\":10,\"connections\":[{\"cache_bytes\":26880,\"statement_bytes\":0,\"cache_hits\":1,\"cache_misses\":6,\"cache_writes\":0},{\"cache_bytes\":26880,\"statement_bytes\":0,\"cache_hits\":1,\"cache_misses\":6,\"cache_writes\":0},{\"cache_bytes\":26880,\"statement_bytes\":0,\"cache_hits\":1,\"cache_misses\":6,\"cache_writes\":0},{\"cache_bytes\":26880,\"statement_bytes\":0,\"cache_hits\":1,\"cache_misses\":6,\"cache_writes\":0},{\"cache_bytes\":26880,\"statement_bytes\":0,\"cache_hits\":1,\"cache_misses\":6,\"cache_writes\":0},{\"cache_bytes\":26880,\"statement_bytes\":0,\"cache_hits\":1,\"cache_misses\":6,\"cache_writes\":0},{\"cache_bytes\":26880,\"statement_bytes\":0,\"cache_hits\":1,\"cache_misses\":6,\"cache_writes\":0},{\"cache_bytes\":26880,\"statement_bytes\":0,\"cache_hits\":1,\"cache_misses\":6,\"cache_writes\":0},{\"cache_bytes\":26880,\"statement_bytes\":0,\"cache_hits\":1,\"cache_misses\":6,\"cache_writes\":0},{\"cache_bytes\":26880,\"statement_bytes\":0,\"cache_hits\":1,\"cache_misses\":6,\"cache_writes\":0}]},\"sqlite_busy_errors\":0,\"blocking_threads\":1,\"blocking_threads_peak\":1,\"blocking_active\":0,\"blocking_queued\":0,\"scrypt_active\":0,\"scrypt_peak\":1}"},"target":"snowtime_axum"}
{"timestamp":"2026-10-08T10:35:21.972011Z","level":"INFO","fields":{"message":"bench counters","renderers":1,"render_queued":0,"render_busy_answers":0,"database":"{\"read_admission\":{\"active\":0,\"queued\":0,\"limit\":10},\"write_admission\":{\"active\":0,\"queued\":0,\"limit\":1},\"hash_admission\":{\"active\":0,\"queued\":0,\"limit\":10},\"report_admission\":{\"active\":0,\"queued\":0,\"limit\":2},\"writer\":{\"cache_bytes\":96512,\"statement_bytes\":542048,\"cache_hits\":1936,\"cache_misses\":49,\"cache_writes\":81},\"readers\":{\"idle\":10,\"connections\":[{\"cache_bytes\":5120,\"statement_bytes\":0,\"cache_hits\":1,\"cache_misses\":6,\"cache_writes\":0},{\"cache_bytes\":5120,\"statement_bytes\":0,\"cache_hits\":1,\"cache_misses\":6,\"cache_writes\":0},{\"cache_bytes\":5120,\"statement_bytes\":0,\"cache_hits\":1,\"cache_misses\":6,\"cache_writes\":0},{\"cache_bytes\":5120,\"statement_bytes\":0,\"cache_hits\":1,\"cache_misses\":6,\"cache_writes\":0},{\"cache_bytes\":5120,\"statement_bytes\":0,\"cache_hits\":1,\"cache_misses\":6,\"cache_writes\":0},{\"cache_bytes\":5120,\"statement_bytes\":0,\"cache_hits\":1,\"cache_misses\":6,\"cache_writes\":0},{\"cache_bytes\":5120,\"statement_bytes\":0,\"cache_hits\":1,\"cache_misses\":6,\"cache_writes\":0},{\"cache_bytes\":5120,\"statement_bytes\":0,\"cache_hits\":1,\"cache_misses\":6,\"cache_writes\":0},{\"cache_bytes\":5120,\"statement_bytes\":0,\"cache_hits\":1,\"cache_misses\":6,\"cache_writes\":0},{\"cache_bytes\":13824,\"statement_bytes\":351744,\"cache_hits\":25501,\"cache_misses\":2315,\"cache_writes\":0}]},\"sqlite_busy_errors\":0,\"blocking_threads\":0,\"blocking_threads_peak\":1,\"blocking_active\":0,\"blocking_queued\":0,\"scrypt_active\":0,\"scrypt_peak\":1}"},"target":"snowtime_axum"}
{"timestamp":"2026-10-08T10:35:22.910957Z","level":"INFO","fields":{"message":"sized the renderers","limit_mib":32768,"source":"physical memory","cpus":10,"renderers":10,"heap_mib":128,"semi_space_mib":32},"target":"snowtime_axum"}
{"timestamp":"2026-10-08T10:35:22.911571Z","level":"INFO","fields":{"message":"listening","address":"127.0.0.1:64834","tls":false},"target":"snowtime_axum"}
{"timestamp":"2026-10-08T10:35:22.974629Z","level":"INFO","fields":{"message":"bench counters","renderers":1,"render_queued":0,"render_busy_answers":0,"database":"{\"read_admission\":{\"active\":0,\"queued\":0,\"limit\":10},\"write_admission\":{\"active\":0,\"queued\":0,\"limit\":1},\"hash_admission\":{\"active\":0,\"queued\":0,\"limit\":10},\"report_admission\":{\"active\":0,\"queued\":0,\"limit\":2},\"writer\":{\"cache_bytes\":96512,\"statement_bytes\":542048,\"cache_hits\":1936,\"cache_misses\":49,\"cache_writes\":81},\"readers\":{\"idle\":10,\"connections\":[{\"cache_bytes\":5120,\"statement_bytes\":0,\"cache_hits\":1,\"cache_misses\":6,\"cache_writes\":0},{\"cache_bytes\":5120,\"statement_bytes\":0,\"cache_hits\":1,\"cache_misses\":6,\"cache_writes\":0},{\"cache_bytes\":5120,\"statement_bytes\":0,\"cache_hits\":1,\"cache_misses\":6,\"cache_writes\":0},{\"cache_bytes\":5120,\"statement_bytes\":0,\"cache_hits\":1,\"cache_misses\":6,\"cache_writes\":0},{\"cache_bytes\":5120,\"statement_bytes\":0,\"cache_hits\":1,\"cache_misses\":6,\"cache_writes\":0},{\"cache_bytes\":5120,\"statement_bytes\":0,\"cache_hits\":1,\"cache_misses\":6,\"cache_writes\":0},{\"cache_bytes\":5120,\"statement_bytes\":0,\"cache_hits\":1,\"cache_misses\":6,\"cache_writes\":0},{\"cache_bytes\":5120,\"statement_bytes\":0,\"cache_hits\":1,\"cache_misses\":6,\"cache_writes\":0},{\"cache_bytes\":5120,\"statement_bytes\":0,\"cache_hits\":1,\"cache_misses\":6,\"cache_writes\":0},{\"cache_bytes\":13824,\"statement_bytes\":351744,\"cache_hits\":25501,\"cache_misses\":2315,\"cache_writes\":0}]},\"sqlite_busy_errors\":0,\"blocking_threads\":0,\"blocking_threads_peak\":1,\"blocking_active\":0,\"blocking_queued\":0,\"scrypt_active\":0,\"scrypt_peak\":1}"},"target":"snowtime_axum"}
{"timestamp":"2026-10-08T10:35:23.912183Z","level":"INFO","fields":{"message":"bench counters","renderers":1,"render_queued":0,"render_busy_answers":0,"database":"{\"read_admission\":{\"active\":0,\"queued\":0,\"limit\":10},\"write_admission\":{\"active\":0,\"queued\":0,\"limit\":1},\"hash_admission\":{\"active\":1,\"queued\":0,\"limit\":10},\"report_admission\":{\"active\":0,\"queued\":0,\"limit\":2},\"writer\":{\"cache_bytes\":52992,\"statement_bytes\":6688,\"cache_hits\":23,\"cache_misses\":16,\"cache_writes\":9},\"readers\":{\"idle\":10,\"connections\":[{\"cache_bytes\":26880,\"statement_bytes\":0,\"cache_hits\":1,\"cache_misses\":6,\"cache_writes\":0},{\"cache_bytes\":26880,\"statement_bytes\":0,\"cache_hits\":1,\"cache_misses\":6,\"cache_writes\":0},{\"cache_bytes\":26880,\"statement_bytes\":0,\"cache_hits\":1,\"cache_misses\":6,\"cache_writes\":0},{\"cache_bytes\":26880,\"statement_bytes\":0,\"cache_hits\":1,\"cache_misses\":6,\"cache_writes\":0},{\"cache_bytes\":26880,\"statement_bytes\":0,\"cache_hits\":1,\"cache_misses\":6,\"cache_writes\":0},{\"cache_bytes\":26880,\"statement_bytes\":0,\"cache_hits\":1,\"cache_misses\":6,\"cache_writes\":0},{\"cache_bytes\":26880,\"statement_bytes\":0,\"cache_hits\":1,\"cache_misses\":6,\"cache_writes\":0},{\"cache_bytes\":26880,\"statement_bytes\":0,\"cache_hits\":1,\"cache_misses\":6,\"cache_writes\":0},{\"cache_bytes\":26880,\"statement_bytes\":0,\"cache_hits\":1,\"cache_misses\":6,\"cache_writes\":0},{\"cache_bytes\":26880,\"statement_bytes\":0,\"cache_hits\":1,\"cache_misses\":6,\"cache_writes\":0}]},\"sqlite_busy_errors\":0,\"blocking_threads\":1,\"blocking_threads_peak\":1,\"blocking_active\":0,\"blocking_queued\":0,\"scrypt_active\":1,\"scrypt_peak\":1}"},"target":"snowtime_axum"}
{"timestamp":"2026-10-08T10:35:23.977266Z","level":"INFO","fields":{"message":"bench counters","renderers":1,"render_queued":0,"render_busy_answers":0,"database":"{\"read_admission\":{\"active\":0,\"queued\":0,\"limit\":10},\"write_admission\":{\"active\":0,\"queued\":0,\"limit\":1},\"hash_admission\":{\"active\":0,\"queued\":0,\"limit\":10},\"report_admission\":{\"active\":0,\"queued\":0,\"limit\":2},\"writer\":{\"cache_bytes\":96512,\"statement_bytes\":542048,\"cache_hits\":1936,\"cache_misses\":49,\"cache_writes\":81},\"readers\":{\"idle\":10,\"connections\":[{\"cache_bytes\":5120,\"statement_bytes\":0,\"cache_hits\":1,\"cache_misses\":6,\"cache_writes\":0},{\"cache_bytes\":5120,\"statement_bytes\":0,\"cache_hits\":1,\"cache_misses\":6,\"cache_writes\":0},{\"cache_bytes\":5120,\"statement_bytes\":0,\"cache_hits\":1,\"cache_misses\":6,\"cache_writes\":0},{\"cache_bytes\":5120,\"statement_bytes\":0,\"cache_hits\":1,\"cache_misses\":6,\"cache_writes\":0},{\"cache_bytes\":5120,\"statement_bytes\":0,\"cache_hits\":1,\"cache_misses\":6,\"cache_writes\":0},{\"cache_bytes\":5120,\"statement_bytes\":0,\"cache_hits\":1,\"cache_misses\":6,\"cache_writes\":0},{\"cache_bytes\":5120,\"statement_bytes\":0,\"cache_hits\":1,\"cache_misses\":6,\"cache_writes\":0},{\"cache_bytes\":5120,\"statement_bytes\":0,\"cache_hits\":1,\"cache_misses\":6,\"cache_writes\":0},{\"cache_bytes\":5120,\"statement_bytes\":0,\"cache_hits\":1,\"cache_misses\":6,\"cache_writes\":0},{\"cache_bytes\":13824,\"statement_bytes\":351744,\"cache_hits\":25501,\"cache_misses\":2315,\"cache_writes\":0}]},\"sqlite_busy_errors\":0,\"blocking_threads\":0,\"blocking_threads_peak\":1,\"blocking_active\":0,\"blocking_queued\":0,\"scrypt_active\":0,\"scrypt_peak\":1}"},"target":"snowtime_axum"}
same bytes                 auth acceptance schema true: Zod string (400, 108 bytes)
{"timestamp":"2026-10-08T10:35:24.914413Z","level":"INFO","fields":{"message":"bench counters","renderers":1,"render_queued":0,"render_busy_answers":0,"database":"{\"read_admission\":{\"active\":0,\"queued\":0,\"limit\":10},\"write_admission\":{\"active\":0,\"queued\":0,\"limit\":1},\"hash_admission\":{\"active\":0,\"queued\":0,\"limit\":10},\"report_admission\":{\"active\":0,\"queued\":0,\"limit\":2},\"writer\":{\"cache_bytes\":52992,\"statement_bytes\":6688,\"cache_hits\":29,\"cache_misses\":16,\"cache_writes\":13},\"readers\":{\"idle\":10,\"connections\":[{\"cache_bytes\":26880,\"statement_bytes\":0,\"cache_hits\":1,\"cache_misses\":6,\"cache_writes\":0},{\"cache_bytes\":26880,\"statement_bytes\":0,\"cache_hits\":1,\"cache_misses\":6,\"cache_writes\":0},{\"cache_bytes\":26880,\"statement_bytes\":0,\"cache_hits\":1,\"cache_misses\":6,\"cache_writes\":0},{\"cache_bytes\":26880,\"statement_bytes\":0,\"cache_hits\":1,\"cache_misses\":6,\"cache_writes\":0},{\"cache_bytes\":26880,\"statement_bytes\":0,\"cache_hits\":1,\"cache_misses\":6,\"cache_writes\":0},{\"cache_bytes\":26880,\"statement_bytes\":0,\"cache_hits\":1,\"cache_misses\":6,\"cache_writes\":0},{\"cache_bytes\":26880,\"statement_bytes\":0,\"cache_hits\":1,\"cache_misses\":6,\"cache_writes\":0},{\"cache_bytes\":26880,\"statement_bytes\":0,\"cache_hits\":1,\"cache_misses\":6,\"cache_writes\":0},{\"cache_bytes\":26880,\"statement_bytes\":0,\"cache_hits\":1,\"cache_misses\":6,\"cache_writes\":0},{\"cache_bytes\":26880,\"statement_bytes\":0,\"cache_hits\":1,\"cache_misses\":6,\"cache_writes\":0}]},\"sqlite_busy_errors\":0,\"blocking_threads\":1,\"blocking_threads_peak\":1,\"blocking_active\":0,\"blocking_queued\":0,\"scrypt_active\":0,\"scrypt_peak\":1}"},"target":"snowtime_axum"}
{"timestamp":"2026-10-08T10:35:24.978504Z","level":"INFO","fields":{"message":"bench counters","renderers":1,"render_queued":0,"render_busy_answers":0,"database":"{\"read_admission\":{\"active\":0,\"queued\":0,\"limit\":10},\"write_admission\":{\"active\":0,\"queued\":0,\"limit\":1},\"hash_admission\":{\"active\":0,\"queued\":0,\"limit\":10},\"report_admission\":{\"active\":0,\"queued\":0,\"limit\":2},\"writer\":{\"cache_bytes\":96512,\"statement_bytes\":542048,\"cache_hits\":1936,\"cache_misses\":49,\"cache_writes\":81},\"readers\":{\"idle\":10,\"connections\":[{\"cache_bytes\":5120,\"statement_bytes\":0,\"cache_hits\":1,\"cache_misses\":6,\"cache_writes\":0},{\"cache_bytes\":5120,\"statement_bytes\":0,\"cache_hits\":1,\"cache_misses\":6,\"cache_writes\":0},{\"cache_bytes\":5120,\"statement_bytes\":0,\"cache_hits\":1,\"cache_misses\":6,\"cache_writes\":0},{\"cache_bytes\":5120,\"statement_bytes\":0,\"cache_hits\":1,\"cache_misses\":6,\"cache_writes\":0},{\"cache_bytes\":5120,\"statement_bytes\":0,\"cache_hits\":1,\"cache_misses\":6,\"cache_writes\":0},{\"cache_bytes\":5120,\"statement_bytes\":0,\"cache_hits\":1,\"cache_misses\":6,\"cache_writes\":0},{\"cache_bytes\":5120,\"statement_bytes\":0,\"cache_hits\":1,\"cache_misses\":6,\"cache_writes\":0},{\"cache_bytes\":5120,\"statement_bytes\":0,\"cache_hits\":1,\"cache_misses\":6,\"cache_writes\":0},{\"cache_bytes\":5120,\"statement_bytes\":0,\"cache_hits\":1,\"cache_misses\":6,\"cache_writes\":0},{\"cache_bytes\":13824,\"statement_bytes\":351744,\"cache_hits\":25501,\"cache_misses\":2315,\"cache_writes\":0}]},\"sqlite_busy_errors\":0,\"blocking_threads\":0,\"blocking_threads_peak\":1,\"blocking_active\":0,\"blocking_queued\":0,\"scrypt_active\":0,\"scrypt_peak\":1}"},"target":"snowtime_axum"}
{"timestamp":"2026-10-08T10:35:25.916648Z","level":"INFO","fields":{"message":"bench counters","renderers":1,"render_queued":0,"render_busy_answers":0,"database":"{\"read_admission\":{\"active\":0,\"queued\":0,\"limit\":10},\"write_admission\":{\"active\":0,\"queued\":0,\"limit\":1},\"hash_admission\":{\"active\":0,\"queued\":0,\"limit\":10},\"report_admission\":{\"active\":0,\"queued\":0,\"limit\":2},\"writer\":{\"cache_bytes\":52992,\"statement_bytes\":6688,\"cache_hits\":29,\"cache_misses\":16,\"cache_writes\":13},\"readers\":{\"idle\":10,\"connections\":[{\"cache_bytes\":26880,\"statement_bytes\":0,\"cache_hits\":1,\"cache_misses\":6,\"cache_writes\":0},{\"cache_bytes\":26880,\"statement_bytes\":0,\"cache_hits\":1,\"cache_misses\":6,\"cache_writes\":0},{\"cache_bytes\":26880,\"statement_bytes\":0,\"cache_hits\":1,\"cache_misses\":6,\"cache_writes\":0},{\"cache_bytes\":26880,\"statement_bytes\":0,\"cache_hits\":1,\"cache_misses\":6,\"cache_writes\":0},{\"cache_bytes\":26880,\"statement_bytes\":0,\"cache_hits\":1,\"cache_misses\":6,\"cache_writes\":0},{\"cache_bytes\":26880,\"statement_bytes\":0,\"cache_hits\":1,\"cache_misses\":6,\"cache_writes\":0},{\"cache_bytes\":26880,\"statement_bytes\":0,\"cache_hits\":1,\"cache_misses\":6,\"cache_writes\":0},{\"cache_bytes\":26880,\"statement_bytes\":0,\"cache_hits\":1,\"cache_misses\":6,\"cache_writes\":0},{\"cache_bytes\":26880,\"statement_bytes\":0,\"cache_hits\":1,\"cache_misses\":6,\"cache_writes\":0},{\"cache_bytes\":26880,\"statement_bytes\":0,\"cache_hits\":1,\"cache_misses\":6,\"cache_writes\":0}]},\"sqlite_busy_errors\":0,\"blocking_threads\":1,\"blocking_threads_peak\":1,\"blocking_active\":0,\"blocking_queued\":0,\"scrypt_active\":0,\"scrypt_peak\":1}"},"target":"snowtime_axum"}
{"timestamp":"2026-10-08T10:35:25.980947Z","level":"INFO","fields":{"message":"bench counters","renderers":1,"render_queued":0,"render_busy_answers":0,"database":"{\"read_admission\":{\"active\":0,\"queued\":0,\"limit\":10},\"write_admission\":{\"active\":0,\"queued\":0,\"limit\":1},\"hash_admission\":{\"active\":0,\"queued\":0,\"limit\":10},\"report_admission\":{\"active\":0,\"queued\":0,\"limit\":2},\"writer\":{\"cache_bytes\":96512,\"statement_bytes\":542048,\"cache_hits\":1936,\"cache_misses\":49,\"cache_writes\":81},\"readers\":{\"idle\":10,\"connections\":[{\"cache_bytes\":5120,\"statement_bytes\":0,\"cache_hits\":1,\"cache_misses\":6,\"cache_writes\":0},{\"cache_bytes\":5120,\"statement_bytes\":0,\"cache_hits\":1,\"cache_misses\":6,\"cache_writes\":0},{\"cache_bytes\":5120,\"statement_bytes\":0,\"cache_hits\":1,\"cache_misses\":6,\"cache_writes\":0},{\"cache_bytes\":5120,\"statement_bytes\":0,\"cache_hits\":1,\"cache_misses\":6,\"cache_writes\":0},{\"cache_bytes\":5120,\"statement_bytes\":0,\"cache_hits\":1,\"cache_misses\":6,\"cache_writes\":0},{\"cache_bytes\":5120,\"statement_bytes\":0,\"cache_hits\":1,\"cache_misses\":6,\"cache_writes\":0},{\"cache_bytes\":5120,\"statement_bytes\":0,\"cache_hits\":1,\"cache_misses\":6,\"cache_writes\":0},{\"cache_bytes\":5120,\"statement_bytes\":0,\"cache_hits\":1,\"cache_misses\":6,\"cache_writes\":0},{\"cache_bytes\":5120,\"statement_bytes\":0,\"cache_hits\":1,\"cache_misses\":6,\"cache_writes\":0},{\"cache_bytes\":13824,\"statement_bytes\":351744,\"cache_hits\":25501,\"cache_misses\":2315,\"cache_writes\":0}]},\"sqlite_busy_errors\":0,\"blocking_threads\":0,\"blocking_threads_peak\":1,\"blocking_active\":0,\"blocking_queued\":0,\"scrypt_active\":0,\"scrypt_peak\":1}"},"target":"snowtime_axum"}
{"timestamp":"2026-10-08T10:35:26.918945Z","level":"INFO","fields":{"message":"bench counters","renderers":1,"render_queued":0,"render_busy_answers":0,"database":"{\"read_admission\":{\"active\":0,\"queued\":0,\"limit\":10},\"write_admission\":{\"active\":0,\"queued\":0,\"limit\":1},\"hash_admission\":{\"active\":0,\"queued\":0,\"limit\":10},\"report_admission\":{\"active\":0,\"queued\":0,\"limit\":2},\"writer\":{\"cache_bytes\":52992,\"statement_bytes\":6688,\"cache_hits\":29,\"cache_misses\":16,\"cache_writes\":13},\"readers\":{\"idle\":10,\"connections\":[{\"cache_bytes\":26880,\"statement_bytes\":0,\"cache_hits\":1,\"cache_misses\":6,\"cache_writes\":0},{\"cache_bytes\":26880,\"statement_bytes\":0,\"cache_hits\":1,\"cache_misses\":6,\"cache_writes\":0},{\"cache_bytes\":26880,\"statement_bytes\":0,\"cache_hits\":1,\"cache_misses\":6,\"cache_writes\":0},{\"cache_bytes\":26880,\"statement_bytes\":0,\"cache_hits\":1,\"cache_misses\":6,\"cache_writes\":0},{\"cache_bytes\":26880,\"statement_bytes\":0,\"cache_hits\":1,\"cache_misses\":6,\"cache_writes\":0},{\"cache_bytes\":26880,\"statement_bytes\":0,\"cache_hits\":1,\"cache_misses\":6,\"cache_writes\":0},{\"cache_bytes\":26880,\"statement_bytes\":0,\"cache_hits\":1,\"cache_misses\":6,\"cache_writes\":0},{\"cache_bytes\":26880,\"statement_bytes\":0,\"cache_hits\":1,\"cache_misses\":6,\"cache_writes\":0},{\"cache_bytes\":26880,\"statement_bytes\":0,\"cache_hits\":1,\"cache_misses\":6,\"cache_writes\":0},{\"cache_bytes\":26880,\"statement_bytes\":0,\"cache_hits\":1,\"cache_misses\":6,\"cache_writes\":0}]},\"sqlite_busy_errors\":0,\"blocking_threads\":1,\"blocking_threads_peak\":1,\"blocking_active\":0,\"blocking_queued\":0,\"scrypt_active\":0,\"scrypt_peak\":1}"},"target":"snowtime_axum"}
{"timestamp":"2026-10-08T10:35:26.983796Z","level":"INFO","fields":{"message":"bench counters","renderers":1,"render_queued":0,"render_busy_answers":0,"database":"{\"read_admission\":{\"active\":0,\"queued\":0,\"limit\":10},\"write_admission\":{\"active\":0,\"queued\":0,\"limit\":1},\"hash_admission\":{\"active\":0,\"queued\":0,\"limit\":10},\"report_admission\":{\"active\":0,\"queued\":0,\"limit\":2},\"writer\":{\"cache_bytes\":96512,\"statement_bytes\":542048,\"cache_hits\":1936,\"cache_misses\":49,\"cache_writes\":81},\"readers\":{\"idle\":10,\"connections\":[{\"cache_bytes\":5120,\"statement_bytes\":0,\"cache_hits\":1,\"cache_misses\":6,\"cache_writes\":0},{\"cache_bytes\":5120,\"statement_bytes\":0,\"cache_hits\":1,\"cache_misses\":6,\"cache_writes\":0},{\"cache_bytes\":5120,\"statement_bytes\":0,\"cache_hits\":1,\"cache_misses\":6,\"cache_writes\":0},{\"cache_bytes\":5120,\"statement_bytes\":0,\"cache_hits\":1,\"cache_misses\":6,\"cache_writes\":0},{\"cache_bytes\":5120,\"statement_bytes\":0,\"cache_hits\":1,\"cache_misses\":6,\"cache_writes\":0},{\"cache_bytes\":5120,\"statement_bytes\":0,\"cache_hits\":1,\"cache_misses\":6,\"cache_writes\":0},{\"cache_bytes\":5120,\"statement_bytes\":0,\"cache_hits\":1,\"cache_misses\":6,\"cache_writes\":0},{\"cache_bytes\":5120,\"statement_bytes\":0,\"cache_hits\":1,\"cache_misses\":6,\"cache_writes\":0},{\"cache_bytes\":5120,\"statement_bytes\":0,\"cache_hits\":1,\"cache_misses\":6,\"cache_writes\":0},{\"cache_bytes\":13824,\"statement_bytes\":351744,\"cache_hits\":25501,\"cache_misses\":2315,\"cache_writes\":0}]},\"sqlite_busy_errors\":0,\"blocking_threads\":0,\"blocking_threads_peak\":1,\"blocking_active\":0,\"blocking_queued\":0,\"scrypt_active\":0,\"scrypt_peak\":1}"},"target":"snowtime_axum"}
{"timestamp":"2026-10-08T10:35:27.986387Z","level":"INFO","fields":{"message":"bench counters","renderers":1,"render_queued":0,"render_busy_answers":0,"database":"{\"read_admission\":{\"active\":0,\"queued\":0,\"limit\":10},\"write_admission\":{\"active\":0,\"queued\":0,\"limit\":1},\"hash_admission\":{\"active\":0,\"queued\":0,\"limit\":10},\"report_admission\":{\"active\":0,\"queued\":0,\"limit\":2},\"writer\":{\"cache_bytes\":96512,\"statement_bytes\":542048,\"cache_hits\":1936,\"cache_misses\":49,\"cache_writes\":81},\"readers\":{\"idle\":10,\"connections\":[{\"cache_bytes\":5120,\"statement_bytes\":0,\"cache_hits\":1,\"cache_misses\":6,\"cache_writes\":0},{\"cache_bytes\":5120,\"statement_bytes\":0,\"cache_hits\":1,\"cache_misses\":6,\"cache_writes\":0},{\"cache_bytes\":5120,\"statement_bytes\":0,\"cache_hits\":1,\"cache_misses\":6,\"cache_writes\":0},{\"cache_bytes\":5120,\"statement_bytes\":0,\"cache_hits\":1,\"cache_misses\":6,\"cache_writes\":0},{\"cache_bytes\":5120,\"statement_bytes\":0,\"cache_hits\":1,\"cache_misses\":6,\"cache_writes\":0},{\"cache_bytes\":5120,\"statement_bytes\":0,\"cache_hits\":1,\"cache_misses\":6,\"cache_writes\":0},{\"cache_bytes\":5120,\"statement_bytes\":0,\"cache_hits\":1,\"cache_misses\":6,\"cache_writes\":0},{\"cache_bytes\":5120,\"statement_bytes\":0,\"cache_hits\":1,\"cache_misses\":6,\"cache_writes\":0},{\"cache_bytes\":5120,\"statement_bytes\":0,\"cache_hits\":1,\"cache_misses\":6,\"cache_writes\":0},{\"cache_bytes\":13824,\"statement_bytes\":351744,\"cache_hits\":25501,\"cache_misses\":2315,\"cache_writes\":0}]},\"sqlite_busy_errors\":0,\"blocking_threads\":0,\"blocking_threads_peak\":1,\"blocking_active\":0,\"blocking_queued\":0,\"scrypt_active\":0,\"scrypt_peak\":1}"},"target":"snowtime_axum"}
{"timestamp":"2026-10-08T10:35:28.178751Z","level":"INFO","fields":{"message":"sized the renderers","limit_mib":32768,"source":"physical memory","cpus":10,"renderers":10,"heap_mib":128,"semi_space_mib":32},"target":"snowtime_axum"}
{"timestamp":"2026-10-08T10:35:28.179368Z","level":"INFO","fields":{"message":"listening","address":"127.0.0.1:64840","tls":false},"target":"snowtime_axum"}
{"timestamp":"2026-10-08T10:35:28.989186Z","level":"INFO","fields":{"message":"bench counters","renderers":1,"render_queued":0,"render_busy_answers":0,"database":"{\"read_admission\":{\"active\":0,\"queued\":0,\"limit\":10},\"write_admission\":{\"active\":0,\"queued\":0,\"limit\":1},\"hash_admission\":{\"active\":0,\"queued\":0,\"limit\":10},\"report_admission\":{\"active\":0,\"queued\":0,\"limit\":2},\"writer\":{\"cache_bytes\":96512,\"statement_bytes\":542048,\"cache_hits\":1936,\"cache_misses\":49,\"cache_writes\":81},\"readers\":{\"idle\":10,\"connections\":[{\"cache_bytes\":5120,\"statement_bytes\":0,\"cache_hits\":1,\"cache_misses\":6,\"cache_writes\":0},{\"cache_bytes\":5120,\"statement_bytes\":0,\"cache_hits\":1,\"cache_misses\":6,\"cache_writes\":0},{\"cache_bytes\":5120,\"statement_bytes\":0,\"cache_hits\":1,\"cache_misses\":6,\"cache_writes\":0},{\"cache_bytes\":5120,\"statement_bytes\":0,\"cache_hits\":1,\"cache_misses\":6,\"cache_writes\":0},{\"cache_bytes\":5120,\"statement_bytes\":0,\"cache_hits\":1,\"cache_misses\":6,\"cache_writes\":0},{\"cache_bytes\":5120,\"statement_bytes\":0,\"cache_hits\":1,\"cache_misses\":6,\"cache_writes\":0},{\"cache_bytes\":5120,\"statement_bytes\":0,\"cache_hits\":1,\"cache_misses\":6,\"cache_writes\":0},{\"cache_bytes\":5120,\"statement_bytes\":0,\"cache_hits\":1,\"cache_misses\":6,\"cache_writes\":0},{\"cache_bytes\":5120,\"statement_bytes\":0,\"cache_hits\":1,\"cache_misses\":6,\"cache_writes\":0},{\"cache_bytes\":13824,\"statement_bytes\":351744,\"cache_hits\":25501,\"cache_misses\":2315,\"cache_writes\":0}]},\"sqlite_busy_errors\":0,\"blocking_threads\":0,\"blocking_threads_peak\":1,\"blocking_active\":0,\"blocking_queued\":0,\"scrypt_active\":0,\"scrypt_peak\":1}"},"target":"snowtime_axum"}
{"timestamp":"2026-10-08T10:35:29.181033Z","level":"INFO","fields":{"message":"bench counters","renderers":1,"render_queued":0,"render_busy_answers":0,"database":"{\"read_admission\":{\"active\":0,\"queued\":0,\"limit\":10},\"write_admission\":{\"active\":0,\"queued\":0,\"limit\":1},\"hash_admission\":{\"active\":1,\"queued\":0,\"limit\":10},\"report_admission\":{\"active\":0,\"queued\":0,\"limit\":2},\"writer\":{\"cache_bytes\":52992,\"statement_bytes\":6688,\"cache_hits\":11,\"cache_misses\":16,\"cache_writes\":5},\"readers\":{\"idle\":10,\"connections\":[{\"cache_bytes\":26880,\"statement_bytes\":0,\"cache_hits\":1,\"cache_misses\":6,\"cache_writes\":0},{\"cache_bytes\":26880,\"statement_bytes\":0,\"cache_hits\":1,\"cache_misses\":6,\"cache_writes\":0},{\"cache_bytes\":26880,\"statement_bytes\":0,\"cache_hits\":1,\"cache_misses\":6,\"cache_writes\":0},{\"cache_bytes\":26880,\"statement_bytes\":0,\"cache_hits\":1,\"cache_misses\":6,\"cache_writes\":0},{\"cache_bytes\":26880,\"statement_bytes\":0,\"cache_hits\":1,\"cache_misses\":6,\"cache_writes\":0},{\"cache_bytes\":26880,\"statement_bytes\":0,\"cache_hits\":1,\"cache_misses\":6,\"cache_writes\":0},{\"cache_bytes\":26880,\"statement_bytes\":0,\"cache_hits\":1,\"cache_misses\":6,\"cache_writes\":0},{\"cache_bytes\":26880,\"statement_bytes\":0,\"cache_hits\":1,\"cache_misses\":6,\"cache_writes\":0},{\"cache_bytes\":26880,\"statement_bytes\":0,\"cache_hits\":1,\"cache_misses\":6,\"cache_writes\":0},{\"cache_bytes\":26880,\"statement_bytes\":0,\"cache_hits\":1,\"cache_misses\":6,\"cache_writes\":0}]},\"sqlite_busy_errors\":0,\"blocking_threads\":1,\"blocking_threads_peak\":1,\"blocking_active\":0,\"blocking_queued\":0,\"scrypt_active\":1,\"scrypt_peak\":1}"},"target":"snowtime_axum"}
[passkey] authentication: The credential may have be compromised and should be inspected
[passkey] authentication: client origin
[passkey] authentication: A JSON parser failure has occurred
[passkey] authentication: Authentication has failed
[passkey] authentication: The user present bit is not set, and required
[passkey] authentication: The credential may have be compromised and should be inspected
[passkey] authentication: client origin
[passkey] authentication: A JSON parser failure has occurred
[passkey] authentication: Authentication has failed
[passkey] authentication: The user present bit is not set, and required
[passkey] authentication: The credential may have be compromised and should be inspected
[passkey] authentication: client origin
[passkey] authentication: A JSON parser failure has occurred
[passkey] authentication: Authentication has failed
[passkey] authentication: The user present bit is not set, and required
same bytes                 passkeys signed-out listing (401, 48 bytes)
same bytes                 passkeys signed-out registration options (401, 48 bytes)
same bytes                 passkeys empty listing (200, 2 bytes)
same bytes                 passkeys attachment Zod enum (400, 135 bytes)
same bytes                 passkeys delete schema undefined (400, 100 bytes)
same bytes                 passkeys auth schema undefined (400, 106 bytes)
same bytes                 passkeys delete schema null (400, 95 bytes)
same bytes                 passkeys auth schema null (400, 101 bytes)
same bytes                 passkeys delete schema [] (400, 96 bytes)
same bytes                 passkeys auth schema [] (400, 102 bytes)
same bytes                 passkeys delete schema 3 (400, 97 bytes)
same bytes                 passkeys auth schema 3 (400, 103 bytes)
same bytes                 passkeys delete schema false (400, 98 bytes)
same bytes                 passkeys auth schema false (400, 104 bytes)
same bytes                 passkeys registration ordered Zod fields (400, 243 bytes)
same bytes                 passkeys malformed JSON (400, 63 bytes)
same bytes                 passkeys bad HTTP origin (403, 52 bytes)
same bytes                 passkeys missing registration challenge (400, 62 bytes)
same bytes                 passkeys missing authentication challenge (400, 62 bytes)
same bytes                 passkeys missing passkey (404, 58 bytes)
same bytes                 passkeys empty passkey ID (400, 44 bytes)
same bytes                 passkeys ES256 register options (200, 545 bytes)
same bytes                 passkeys ES256 registration UV=false (200, 413 bytes)
same bytes                 passkeys ES256 registration replay (400, 62 bytes)
same bytes                 passkeys ES256 listing (200, 415 bytes)
same bytes                 passkeys ES256 registration excludes saved keys (200, 606 bytes)
same bytes                 passkeys ES256 session options (200, 212 bytes)
same bytes                 passkeys ES256 discoverable options (200, 92 bytes)
same bytes                 passkeys ES256 sign-in UV=false (200, 466 bytes)
same bytes                 passkeys ES256 signed-in listing (200, 415 bytes)
same bytes                 passkeys ES256 assertion replay (400, 62 bytes)
same bytes                 passkeys ES256 stale counter options (200, 92 bytes)
same bytes                 passkeys ES256 stale counter (400, 66 bytes)
same bytes                 passkeys ES256 wrong origin options (200, 92 bytes)
same bytes                 passkeys ES256 wrong ceremony origin (400, 66 bytes)
same bytes                 passkeys ES256 wrong challenge options (200, 92 bytes)
same bytes                 passkeys ES256 wrong challenge (400, 66 bytes)
same bytes                 passkeys ES256 wrong challenge consumed (400, 62 bytes)
same bytes                 passkeys ES256 invalid signature options (200, 92 bytes)
same bytes                 passkeys ES256 invalid signature (401, 66 bytes)
same bytes                 passkeys ES256 invalid signature consumed (400, 62 bytes)
same bytes                 passkeys ES256 no user presence options (200, 92 bytes)
same bytes                 passkeys ES256 no user presence (400, 66 bytes)
same bytes                 passkeys ES256 no user presence consumed (400, 62 bytes)
same bytes                 passkeys ES256 UV=true options (200, 92 bytes)
same bytes                 passkeys ES256 UV=true sign-in (200, 466 bytes)
same bytes                 passkeys ES256 counter and registration backup metadata (200, 415 bytes)
same bytes                 passkeys ES256 owner challenge (200, 606 bytes)
same bytes                 passkeys ES256 wrong registration owner (401, 112 bytes)
same bytes                 passkeys ES256 authentication challenge (200, 92 bytes)
same bytes                 passkeys ES256 wrong ceremony (400, 62 bytes)
same bytes                 passkeys ES256 wrong deletion owner (401, 0 bytes)
same bytes                 passkeys ES256 remove (200, 15 bytes)
same bytes                 passkeys ES256 removal repeat (404, 58 bytes)
same bytes                 passkeys ES256 removed-key options (200, 92 bytes)
same bytes                 passkeys ES256 removed key sign-in (401, 58 bytes)
same bytes                 passkeys EdDSA register options (200, 545 bytes)
same bytes                 passkeys EdDSA registration UV=false (200, 363 bytes)
same bytes                 passkeys EdDSA registration replay (400, 62 bytes)
same bytes                 passkeys EdDSA listing (200, 365 bytes)
same bytes                 passkeys EdDSA registration excludes saved keys (200, 606 bytes)
same bytes                 passkeys EdDSA session options (200, 212 bytes)
same bytes                 passkeys EdDSA discoverable options (200, 92 bytes)
same bytes                 passkeys EdDSA sign-in UV=false (200, 466 bytes)
same bytes                 passkeys EdDSA signed-in listing (200, 365 bytes)
same bytes                 passkeys EdDSA assertion replay (400, 62 bytes)
same bytes                 passkeys EdDSA stale counter options (200, 92 bytes)
same bytes                 passkeys EdDSA stale counter (400, 66 bytes)
same bytes                 passkeys EdDSA wrong origin options (200, 92 bytes)
same bytes                 passkeys EdDSA wrong ceremony origin (400, 66 bytes)
same bytes                 passkeys EdDSA wrong challenge options (200, 92 bytes)
same bytes                 passkeys EdDSA wrong challenge (400, 66 bytes)
same bytes                 passkeys EdDSA wrong challenge consumed (400, 62 bytes)
same bytes                 passkeys EdDSA invalid signature options (200, 92 bytes)
same bytes                 passkeys EdDSA invalid signature (401, 66 bytes)
same bytes                 passkeys EdDSA invalid signature consumed (400, 62 bytes)
same bytes                 passkeys EdDSA no user presence options (200, 92 bytes)
same bytes                 passkeys EdDSA no user presence (400, 66 bytes)
same bytes                 passkeys EdDSA no user presence consumed (400, 62 bytes)
same bytes                 passkeys EdDSA UV=true options (200, 92 bytes)
same bytes                 passkeys EdDSA UV=true sign-in (200, 466 bytes)
same bytes                 passkeys EdDSA counter and registration backup metadata (200, 365 bytes)
same bytes                 passkeys EdDSA owner challenge (200, 606 bytes)
same bytes                 passkeys EdDSA wrong registration owner (401, 112 bytes)
same bytes                 passkeys EdDSA authentication challenge (200, 92 bytes)
same bytes                 passkeys EdDSA wrong ceremony (400, 62 bytes)
same bytes                 passkeys EdDSA wrong deletion owner (401, 0 bytes)
same bytes                 passkeys EdDSA remove (200, 15 bytes)
same bytes                 passkeys EdDSA removal repeat (404, 58 bytes)
same bytes                 passkeys EdDSA removed-key options (200, 92 bytes)
same bytes                 passkeys EdDSA removed key sign-in (401, 58 bytes)
same bytes                 passkeys RS256 register options (200, 545 bytes)
same bytes                 passkeys RS256 registration UV=false (200, 1138 bytes)
same bytes                 passkeys RS256 registration replay (400, 62 bytes)
same bytes                 passkeys RS256 listing (200, 675 bytes)
same bytes                 passkeys RS256 registration excludes saved keys (200, 606 bytes)
same bytes                 passkeys RS256 session options (200, 212 bytes)
same bytes                 passkeys RS256 discoverable options (200, 92 bytes)
same bytes                 passkeys RS256 sign-in UV=false (200, 466 bytes)
same bytes                 passkeys RS256 signed-in listing (200, 675 bytes)
same bytes                 passkeys RS256 assertion replay (400, 62 bytes)
same bytes                 passkeys RS256 stale counter options (200, 92 bytes)
same bytes                 passkeys RS256 stale counter (400, 66 bytes)
same bytes                 passkeys RS256 wrong origin options (200, 92 bytes)
same bytes                 passkeys RS256 wrong ceremony origin (400, 66 bytes)
same bytes                 passkeys RS256 wrong challenge options (200, 92 bytes)
same bytes                 passkeys RS256 wrong challenge (400, 66 bytes)
same bytes                 passkeys RS256 wrong challenge consumed (400, 62 bytes)
same bytes                 passkeys RS256 invalid signature options (200, 92 bytes)
same bytes                 passkeys RS256 invalid signature (401, 66 bytes)
same bytes                 passkeys RS256 invalid signature consumed (400, 62 bytes)
same bytes                 passkeys RS256 no user presence options (200, 92 bytes)
same bytes                 passkeys RS256 no user presence (400, 66 bytes)
same bytes                 passkeys RS256 no user presence consumed (400, 62 bytes)
same bytes                 passkeys RS256 UV=true options (200, 92 bytes)
same bytes                 passkeys RS256 UV=true sign-in (200, 466 bytes)
same bytes                 passkeys RS256 counter and registration backup metadata (200, 675 bytes)
same bytes                 passkeys RS256 owner challenge (200, 606 bytes)
same bytes                 passkeys RS256 wrong registration owner (401, 112 bytes)
same bytes                 passkeys RS256 authentication challenge (200, 92 bytes)
same bytes                 passkeys RS256 wrong ceremony (400, 62 bytes)
same bytes                 passkeys RS256 wrong deletion owner (401, 0 bytes)
same bytes                 passkeys RS256 remove (200, 15 bytes)
same bytes                 passkeys RS256 removal repeat (404, 58 bytes)
same bytes                 passkeys RS256 removed-key options (200, 92 bytes)
same bytes                 passkeys RS256 removed key sign-in (401, 58 bytes)
same bytes                 passkeys final empty listing (200, 2 bytes)
{"timestamp":"2026-10-08T10:35:29.684998Z","level":"INFO","fields":{"message":"sized the renderers","limit_mib":32768,"source":"physical memory","cpus":10,"renderers":10,"heap_mib":128,"semi_space_mib":32},"target":"snowtime_axum"}
{"timestamp":"2026-10-08T10:35:29.685675Z","level":"INFO","fields":{"message":"listening","address":"127.0.0.1:64846","tls":false},"target":"snowtime_axum"}
same bytes                 passkey fixtures stale session cannot register options (403, 61 bytes)
same bytes                 passkey fixtures stale session cannot register (403, 61 bytes)
same bytes                 passkey fixtures stale session can list (200, 454 bytes)
same bytes                 passkey fixtures expired challenge (400, 62 bytes)
same bytes                 passkey fixtures expired challenge replay (400, 62 bytes)
same bytes                 passkey fixtures tampered challenge cookie (400, 62 bytes)
same bytes                 passkey fixtures imported key without a signature counter (200, 466 bytes)
same bytes                 passkey fixtures imported COSE key in a fresh host (200, 466 bytes)
same bytes                 passkey fixtures imported counter stored (200, 454 bytes)
same bytes                 passkey fixtures stale session can remove (200, 15 bytes)
{"timestamp":"2026-10-08T10:35:29.991922Z","level":"INFO","fields":{"message":"bench counters","renderers":1,"render_queued":0,"render_busy_answers":0,"database":"{\"read_admission\":{\"active\":0,\"queued\":0,\"limit\":10},\"write_admission\":{\"active\":0,\"queued\":0,\"limit\":1},\"hash_admission\":{\"active\":0,\"queued\":0,\"limit\":10},\"report_admission\":{\"active\":0,\"queued\":0,\"limit\":2},\"writer\":{\"cache_bytes\":96512,\"statement_bytes\":542048,\"cache_hits\":1936,\"cache_misses\":49,\"cache_writes\":81},\"readers\":{\"idle\":10,\"connections\":[{\"cache_bytes\":5120,\"statement_bytes\":0,\"cache_hits\":1,\"cache_misses\":6,\"cache_writes\":0},{\"cache_bytes\":5120,\"statement_bytes\":0,\"cache_hits\":1,\"cache_misses\":6,\"cache_writes\":0},{\"cache_bytes\":5120,\"statement_bytes\":0,\"cache_hits\":1,\"cache_misses\":6,\"cache_writes\":0},{\"cache_bytes\":5120,\"statement_bytes\":0,\"cache_hits\":1,\"cache_misses\":6,\"cache_writes\":0},{\"cache_bytes\":5120,\"statement_bytes\":0,\"cache_hits\":1,\"cache_misses\":6,\"cache_writes\":0},{\"cache_bytes\":5120,\"statement_bytes\":0,\"cache_hits\":1,\"cache_misses\":6,\"cache_writes\":0},{\"cache_bytes\":5120,\"statement_bytes\":0,\"cache_hits\":1,\"cache_misses\":6,\"cache_writes\":0},{\"cache_bytes\":5120,\"statement_bytes\":0,\"cache_hits\":1,\"cache_misses\":6,\"cache_writes\":0},{\"cache_bytes\":5120,\"statement_bytes\":0,\"cache_hits\":1,\"cache_misses\":6,\"cache_writes\":0},{\"cache_bytes\":13824,\"statement_bytes\":351744,\"cache_hits\":25501,\"cache_misses\":2315,\"cache_writes\":0}]},\"sqlite_busy_errors\":0,\"blocking_threads\":0,\"blocking_threads_peak\":1,\"blocking_active\":0,\"blocking_queued\":0,\"scrypt_active\":0,\"scrypt_peak\":1}"},"target":"snowtime_axum"}
{"timestamp":"2026-10-08T10:35:30.182957Z","level":"INFO","fields":{"message":"bench counters","renderers":1,"render_queued":0,"render_busy_answers":0,"database":"{\"read_admission\":{\"active\":0,\"queued\":0,\"limit\":10},\"write_admission\":{\"active\":0,\"queued\":0,\"limit\":1},\"hash_admission\":{\"active\":0,\"queued\":0,\"limit\":10},\"report_admission\":{\"active\":0,\"queued\":0,\"limit\":2},\"writer\":{\"cache_bytes\":83456,\"statement_bytes\":34368,\"cache_hits\":1184,\"cache_misses\":23,\"cache_writes\":283},\"readers\":{\"idle\":10,\"connections\":[{\"cache_bytes\":26880,\"statement_bytes\":0,\"cache_hits\":1,\"cache_misses\":6,\"cache_writes\":0},{\"cache_bytes\":26880,\"statement_bytes\":0,\"cache_hits\":1,\"cache_misses\":6,\"cache_writes\":0},{\"cache_bytes\":26880,\"statement_bytes\":0,\"cache_hits\":1,\"cache_misses\":6,\"cache_writes\":0},{\"cache_bytes\":26880,\"statement_bytes\":0,\"cache_hits\":1,\"cache_misses\":6,\"cache_writes\":0},{\"cache_bytes\":26880,\"statement_bytes\":0,\"cache_hits\":1,\"cache_misses\":6,\"cache_writes\":0},{\"cache_bytes\":26880,\"statement_bytes\":0,\"cache_hits\":1,\"cache_misses\":6,\"cache_writes\":0},{\"cache_bytes\":26880,\"statement_bytes\":0,\"cache_hits\":1,\"cache_misses\":6,\"cache_writes\":0},{\"cache_bytes\":26880,\"statement_bytes\":0,\"cache_hits\":1,\"cache_misses\":6,\"cache_writes\":0},{\"cache_bytes\":26880,\"statement_bytes\":0,\"cache_hits\":1,\"cache_misses\":6,\"cache_writes\":0},{\"cache_bytes\":26880,\"statement_bytes\":0,\"cache_hits\":1,\"cache_misses\":6,\"cache_writes\":0}]},\"sqlite_busy_errors\":0,\"blocking_threads\":1,\"blocking_threads_peak\":1,\"blocking_active\":0,\"blocking_queued\":0,\"scrypt_active\":0,\"scrypt_peak\":1}"},"target":"snowtime_axum"}
{"timestamp":"2026-10-08T10:35:30.993896Z","level":"INFO","fields":{"message":"bench counters","renderers":1,"render_queued":0,"render_busy_answers":0,"database":"{\"read_admission\":{\"active\":0,\"queued\":0,\"limit\":10},\"write_admission\":{\"active\":0,\"queued\":0,\"limit\":1},\"hash_admission\":{\"active\":0,\"queued\":0,\"limit\":10},\"report_admission\":{\"active\":0,\"queued\":0,\"limit\":2},\"writer\":{\"cache_bytes\":96512,\"statement_bytes\":542048,\"cache_hits\":1936,\"cache_misses\":49,\"cache_writes\":81},\"readers\":{\"idle\":10,\"connections\":[{\"cache_bytes\":5120,\"statement_bytes\":0,\"cache_hits\":1,\"cache_misses\":6,\"cache_writes\":0},{\"cache_bytes\":5120,\"statement_bytes\":0,\"cache_hits\":1,\"cache_misses\":6,\"cache_writes\":0},{\"cache_bytes\":5120,\"statement_bytes\":0,\"cache_hits\":1,\"cache_misses\":6,\"cache_writes\":0},{\"cache_bytes\":5120,\"statement_bytes\":0,\"cache_hits\":1,\"cache_misses\":6,\"cache_writes\":0},{\"cache_bytes\":5120,\"statement_bytes\":0,\"cache_hits\":1,\"cache_misses\":6,\"cache_writes\":0},{\"cache_bytes\":5120,\"statement_bytes\":0,\"cache_hits\":1,\"cache_misses\":6,\"cache_writes\":0},{\"cache_bytes\":5120,\"statement_bytes\":0,\"cache_hits\":1,\"cache_misses\":6,\"cache_writes\":0},{\"cache_bytes\":5120,\"statement_bytes\":0,\"cache_hits\":1,\"cache_misses\":6,\"cache_writes\":0},{\"cache_bytes\":5120,\"statement_bytes\":0,\"cache_hits\":1,\"cache_misses\":6,\"cache_writes\":0},{\"cache_bytes\":13824,\"statement_bytes\":351744,\"cache_hits\":25501,\"cache_misses\":2315,\"cache_writes\":0}]},\"sqlite_busy_errors\":0,\"blocking_threads\":0,\"blocking_threads_peak\":1,\"blocking_active\":0,\"blocking_queued\":0,\"scrypt_active\":0,\"scrypt_peak\":1}"},"target":"snowtime_axum"}
{"timestamp":"2026-10-08T10:35:31.184573Z","level":"INFO","fields":{"message":"bench counters","renderers":1,"render_queued":0,"render_busy_answers":0,"database":"{\"read_admission\":{\"active\":0,\"queued\":0,\"limit\":10},\"write_admission\":{\"active\":0,\"queued\":0,\"limit\":1},\"hash_admission\":{\"active\":0,\"queued\":0,\"limit\":10},\"report_admission\":{\"active\":0,\"queued\":0,\"limit\":2},\"writer\":{\"cache_bytes\":83456,\"statement_bytes\":34368,\"cache_hits\":1184,\"cache_misses\":23,\"cache_writes\":283},\"readers\":{\"idle\":10,\"connections\":[{\"cache_bytes\":26880,\"statement_bytes\":0,\"cache_hits\":1,\"cache_misses\":6,\"cache_writes\":0},{\"cache_bytes\":26880,\"statement_bytes\":0,\"cache_hits\":1,\"cache_misses\":6,\"cache_writes\":0},{\"cache_bytes\":26880,\"statement_bytes\":0,\"cache_hits\":1,\"cache_misses\":6,\"cache_writes\":0},{\"cache_bytes\":26880,\"statement_bytes\":0,\"cache_hits\":1,\"cache_misses\":6,\"cache_writes\":0},{\"cache_bytes\":26880,\"statement_bytes\":0,\"cache_hits\":1,\"cache_misses\":6,\"cache_writes\":0},{\"cache_bytes\":26880,\"statement_bytes\":0,\"cache_hits\":1,\"cache_misses\":6,\"cache_writes\":0},{\"cache_bytes\":26880,\"statement_bytes\":0,\"cache_hits\":1,\"cache_misses\":6,\"cache_writes\":0},{\"cache_bytes\":26880,\"statement_bytes\":0,\"cache_hits\":1,\"cache_misses\":6,\"cache_writes\":0},{\"cache_bytes\":26880,\"statement_bytes\":0,\"cache_hits\":1,\"cache_misses\":6,\"cache_writes\":0},{\"cache_bytes\":26880,\"statement_bytes\":0,\"cache_hits\":1,\"cache_misses\":6,\"cache_writes\":0}]},\"sqlite_busy_errors\":0,\"blocking_threads\":1,\"blocking_threads_peak\":1,\"blocking_active\":0,\"blocking_queued\":0,\"scrypt_active\":0,\"scrypt_peak\":1}"},"target":"snowtime_axum"}
{"timestamp":"2026-10-08T10:35:31.996590Z","level":"INFO","fields":{"message":"bench counters","renderers":1,"render_queued":0,"render_busy_answers":0,"database":"{\"read_admission\":{\"active\":0,\"queued\":0,\"limit\":10},\"write_admission\":{\"active\":0,\"queued\":0,\"limit\":1},\"hash_admission\":{\"active\":0,\"queued\":0,\"limit\":10},\"report_admission\":{\"active\":0,\"queued\":0,\"limit\":2},\"writer\":{\"cache_bytes\":96512,\"statement_bytes\":542048,\"cache_hits\":1936,\"cache_misses\":49,\"cache_writes\":81},\"readers\":{\"idle\":10,\"connections\":[{\"cache_bytes\":5120,\"statement_bytes\":0,\"cache_hits\":1,\"cache_misses\":6,\"cache_writes\":0},{\"cache_bytes\":5120,\"statement_bytes\":0,\"cache_hits\":1,\"cache_misses\":6,\"cache_writes\":0},{\"cache_bytes\":5120,\"statement_bytes\":0,\"cache_hits\":1,\"cache_misses\":6,\"cache_writes\":0},{\"cache_bytes\":5120,\"statement_bytes\":0,\"cache_hits\":1,\"cache_misses\":6,\"cache_writes\":0},{\"cache_bytes\":5120,\"statement_bytes\":0,\"cache_hits\":1,\"cache_misses\":6,\"cache_writes\":0},{\"cache_bytes\":5120,\"statement_bytes\":0,\"cache_hits\":1,\"cache_misses\":6,\"cache_writes\":0},{\"cache_bytes\":5120,\"statement_bytes\":0,\"cache_hits\":1,\"cache_misses\":6,\"cache_writes\":0},{\"cache_bytes\":5120,\"statement_bytes\":0,\"cache_hits\":1,\"cache_misses\":6,\"cache_writes\":0},{\"cache_bytes\":5120,\"statement_bytes\":0,\"cache_hits\":1,\"cache_misses\":6,\"cache_writes\":0},{\"cache_bytes\":13824,\"statement_bytes\":351744,\"cache_hits\":25501,\"cache_misses\":2315,\"cache_writes\":0}]},\"sqlite_busy_errors\":0,\"blocking_threads\":0,\"blocking_threads_peak\":1,\"blocking_active\":0,\"blocking_queued\":0,\"scrypt_active\":0,\"scrypt_peak\":1}"},"target":"snowtime_axum"}
{"timestamp":"2026-10-08T10:35:32.187202Z","level":"INFO","fields":{"message":"bench counters","renderers":1,"render_queued":0,"render_busy_answers":0,"database":"{\"read_admission\":{\"active\":0,\"queued\":0,\"limit\":10},\"write_admission\":{\"active\":0,\"queued\":0,\"limit\":1},\"hash_admission\":{\"active\":0,\"queued\":0,\"limit\":10},\"report_admission\":{\"active\":0,\"queued\":0,\"limit\":2},\"writer\":{\"cache_bytes\":83456,\"statement_bytes\":34368,\"cache_hits\":1184,\"cache_misses\":23,\"cache_writes\":283},\"readers\":{\"idle\":10,\"connections\":[{\"cache_bytes\":26880,\"statement_bytes\":0,\"cache_hits\":1,\"cache_misses\":6,\"cache_writes\":0},{\"cache_bytes\":26880,\"statement_bytes\":0,\"cache_hits\":1,\"cache_misses\":6,\"cache_writes\":0},{\"cache_bytes\":26880,\"statement_bytes\":0,\"cache_hits\":1,\"cache_misses\":6,\"cache_writes\":0},{\"cache_bytes\":26880,\"statement_bytes\":0,\"cache_hits\":1,\"cache_misses\":6,\"cache_writes\":0},{\"cache_bytes\":26880,\"statement_bytes\":0,\"cache_hits\":1,\"cache_misses\":6,\"cache_writes\":0},{\"cache_bytes\":26880,\"statement_bytes\":0,\"cache_hits\":1,\"cache_misses\":6,\"cache_writes\":0},{\"cache_bytes\":26880,\"statement_bytes\":0,\"cache_hits\":1,\"cache_misses\":6,\"cache_writes\":0},{\"cache_bytes\":26880,\"statement_bytes\":0,\"cache_hits\":1,\"cache_misses\":6,\"cache_writes\":0},{\"cache_bytes\":26880,\"statement_bytes\":0,\"cache_hits\":1,\"cache_misses\":6,\"cache_writes\":0},{\"cache_bytes\":26880,\"statement_bytes\":0,\"cache_hits\":1,\"cache_misses\":6,\"cache_writes\":0}]},\"sqlite_busy_errors\":0,\"blocking_threads\":1,\"blocking_threads_peak\":1,\"blocking_active\":0,\"blocking_queued\":0,\"scrypt_active\":0,\"scrypt_peak\":1}"},"target":"snowtime_axum"}
{"timestamp":"2026-10-08T10:35:32.998937Z","level":"INFO","fields":{"message":"bench counters","renderers":1,"render_queued":0,"render_busy_answers":0,"database":"{\"read_admission\":{\"active\":0,\"queued\":0,\"limit\":10},\"write_admission\":{\"active\":0,\"queued\":0,\"limit\":1},\"hash_admission\":{\"active\":0,\"queued\":0,\"limit\":10},\"report_admission\":{\"active\":0,\"queued\":0,\"limit\":2},\"writer\":{\"cache_bytes\":96512,\"statement_bytes\":542048,\"cache_hits\":1936,\"cache_misses\":49,\"cache_writes\":81},\"readers\":{\"idle\":10,\"connections\":[{\"cache_bytes\":5120,\"statement_bytes\":0,\"cache_hits\":1,\"cache_misses\":6,\"cache_writes\":0},{\"cache_bytes\":5120,\"statement_bytes\":0,\"cache_hits\":1,\"cache_misses\":6,\"cache_writes\":0},{\"cache_bytes\":5120,\"statement_bytes\":0,\"cache_hits\":1,\"cache_misses\":6,\"cache_writes\":0},{\"cache_bytes\":5120,\"statement_bytes\":0,\"cache_hits\":1,\"cache_misses\":6,\"cache_writes\":0},{\"cache_bytes\":5120,\"statement_bytes\":0,\"cache_hits\":1,\"cache_misses\":6,\"cache_writes\":0},{\"cache_bytes\":5120,\"statement_bytes\":0,\"cache_hits\":1,\"cache_misses\":6,\"cache_writes\":0},{\"cache_bytes\":5120,\"statement_bytes\":0,\"cache_hits\":1,\"cache_misses\":6,\"cache_writes\":0},{\"cache_bytes\":5120,\"statement_bytes\":0,\"cache_hits\":1,\"cache_misses\":6,\"cache_writes\":0},{\"cache_bytes\":5120,\"statement_bytes\":0,\"cache_hits\":1,\"cache_misses\":6,\"cache_writes\":0},{\"cache_bytes\":13824,\"statement_bytes\":351744,\"cache_hits\":25501,\"cache_misses\":2315,\"cache_writes\":0}]},\"sqlite_busy_errors\":0,\"blocking_threads\":0,\"blocking_threads_peak\":1,\"blocking_active\":0,\"blocking_queued\":0,\"scrypt_active\":0,\"scrypt_peak\":1}"},"target":"snowtime_axum"}
{"timestamp":"2026-10-08T10:35:33.189490Z","level":"INFO","fields":{"message":"bench counters","renderers":1,"render_queued":0,"render_busy_answers":0,"database":"{\"read_admission\":{\"active\":0,\"queued\":0,\"limit\":10},\"write_admission\":{\"active\":0,\"queued\":0,\"limit\":1},\"hash_admission\":{\"active\":0,\"queued\":0,\"limit\":10},\"report_admission\":{\"active\":0,\"queued\":0,\"limit\":2},\"writer\":{\"cache_bytes\":83456,\"statement_bytes\":34368,\"cache_hits\":1184,\"cache_misses\":23,\"cache_writes\":283},\"readers\":{\"idle\":10,\"connections\":[{\"cache_bytes\":26880,\"statement_bytes\":0,\"cache_hits\":1,\"cache_misses\":6,\"cache_writes\":0},{\"cache_bytes\":26880,\"statement_bytes\":0,\"cache_hits\":1,\"cache_misses\":6,\"cache_writes\":0},{\"cache_bytes\":26880,\"statement_bytes\":0,\"cache_hits\":1,\"cache_misses\":6,\"cache_writes\":0},{\"cache_bytes\":26880,\"statement_bytes\":0,\"cache_hits\":1,\"cache_misses\":6,\"cache_writes\":0},{\"cache_bytes\":26880,\"statement_bytes\":0,\"cache_hits\":1,\"cache_misses\":6,\"cache_writes\":0},{\"cache_bytes\":26880,\"statement_bytes\":0,\"cache_hits\":1,\"cache_misses\":6,\"cache_writes\":0},{\"cache_bytes\":26880,\"statement_bytes\":0,\"cache_hits\":1,\"cache_misses\":6,\"cache_writes\":0},{\"cache_bytes\":26880,\"statement_bytes\":0,\"cache_hits\":1,\"cache_misses\":6,\"cache_writes\":0},{\"cache_bytes\":26880,\"statement_bytes\":0,\"cache_hits\":1,\"cache_misses\":6,\"cache_writes\":0},{\"cache_bytes\":26880,\"statement_bytes\":0,\"cache_hits\":1,\"cache_misses\":6,\"cache_writes\":0}]},\"sqlite_busy_errors\":0,\"blocking_threads\":1,\"blocking_threads_peak\":1,\"blocking_active\":0,\"blocking_queued\":0,\"scrypt_active\":0,\"scrypt_peak\":1}"},"target":"snowtime_axum"}
{"timestamp":"2026-10-08T10:35:34.001199Z","level":"INFO","fields":{"message":"bench counters","renderers":1,"render_queued":0,"render_busy_answers":0,"database":"{\"read_admission\":{\"active\":0,\"queued\":0,\"limit\":10},\"write_admission\":{\"active\":0,\"queued\":0,\"limit\":1},\"hash_admission\":{\"active\":0,\"queued\":0,\"limit\":10},\"report_admission\":{\"active\":0,\"queued\":0,\"limit\":2},\"writer\":{\"cache_bytes\":96512,\"statement_bytes\":542048,\"cache_hits\":1936,\"cache_misses\":49,\"cache_writes\":81},\"readers\":{\"idle\":10,\"connections\":[{\"cache_bytes\":5120,\"statement_bytes\":0,\"cache_hits\":1,\"cache_misses\":6,\"cache_writes\":0},{\"cache_bytes\":5120,\"statement_bytes\":0,\"cache_hits\":1,\"cache_misses\":6,\"cache_writes\":0},{\"cache_bytes\":5120,\"statement_bytes\":0,\"cache_hits\":1,\"cache_misses\":6,\"cache_writes\":0},{\"cache_bytes\":5120,\"statement_bytes\":0,\"cache_hits\":1,\"cache_misses\":6,\"cache_writes\":0},{\"cache_bytes\":5120,\"statement_bytes\":0,\"cache_hits\":1,\"cache_misses\":6,\"cache_writes\":0},{\"cache_bytes\":5120,\"statement_bytes\":0,\"cache_hits\":1,\"cache_misses\":6,\"cache_writes\":0},{\"cache_bytes\":5120,\"statement_bytes\":0,\"cache_hits\":1,\"cache_misses\":6,\"cache_writes\":0},{\"cache_bytes\":5120,\"statement_bytes\":0,\"cache_hits\":1,\"cache_misses\":6,\"cache_writes\":0},{\"cache_bytes\":5120,\"statement_bytes\":0,\"cache_hits\":1,\"cache_misses\":6,\"cache_writes\":0},{\"cache_bytes\":13824,\"statement_bytes\":351744,\"cache_hits\":25501,\"cache_misses\":2315,\"cache_writes\":0}]},\"sqlite_busy_errors\":0,\"blocking_threads\":0,\"blocking_threads_peak\":1,\"blocking_active\":0,\"blocking_queued\":0,\"scrypt_active\":0,\"scrypt_peak\":1}"},"target":"snowtime_axum"}
{"timestamp":"2026-10-08T10:35:34.191706Z","level":"INFO","fields":{"message":"bench counters","renderers":1,"render_queued":0,"render_busy_answers":0,"database":"{\"read_admission\":{\"active\":0,\"queued\":0,\"limit\":10},\"write_admission\":{\"active\":0,\"queued\":0,\"limit\":1},\"hash_admission\":{\"active\":0,\"queued\":0,\"limit\":10},\"report_admission\":{\"active\":0,\"queued\":0,\"limit\":2},\"writer\":{\"cache_bytes\":83456,\"statement_bytes\":34368,\"cache_hits\":1184,\"cache_misses\":23,\"cache_writes\":283},\"readers\":{\"idle\":10,\"connections\":[{\"cache_bytes\":26880,\"statement_bytes\":0,\"cache_hits\":1,\"cache_misses\":6,\"cache_writes\":0},{\"cache_bytes\":26880,\"statement_bytes\":0,\"cache_hits\":1,\"cache_misses\":6,\"cache_writes\":0},{\"cache_bytes\":26880,\"statement_bytes\":0,\"cache_hits\":1,\"cache_misses\":6,\"cache_writes\":0},{\"cache_bytes\":26880,\"statement_bytes\":0,\"cache_hits\":1,\"cache_misses\":6,\"cache_writes\":0},{\"cache_bytes\":26880,\"statement_bytes\":0,\"cache_hits\":1,\"cache_misses\":6,\"cache_writes\":0},{\"cache_bytes\":26880,\"statement_bytes\":0,\"cache_hits\":1,\"cache_misses\":6,\"cache_writes\":0},{\"cache_bytes\":26880,\"statement_bytes\":0,\"cache_hits\":1,\"cache_misses\":6,\"cache_writes\":0},{\"cache_bytes\":26880,\"statement_bytes\":0,\"cache_hits\":1,\"cache_misses\":6,\"cache_writes\":0},{\"cache_bytes\":26880,\"statement_bytes\":0,\"cache_hits\":1,\"cache_misses\":6,\"cache_writes\":0},{\"cache_bytes\":26880,\"statement_bytes\":0,\"cache_hits\":1,\"cache_misses\":6,\"cache_writes\":0}]},\"sqlite_busy_errors\":0,\"blocking_threads\":1,\"blocking_threads_peak\":1,\"blocking_active\":0,\"blocking_queued\":0,\"scrypt_active\":0,\"scrypt_peak\":1}"},"target":"snowtime_axum"}
{"timestamp":"2026-10-08T10:35:35.003798Z","level":"INFO","fields":{"message":"bench counters","renderers":1,"render_queued":0,"render_busy_answers":0,"database":"{\"read_admission\":{\"active\":0,\"queued\":0,\"limit\":10},\"write_admission\":{\"active\":0,\"queued\":0,\"limit\":1},\"hash_admission\":{\"active\":0,\"queued\":0,\"limit\":10},\"report_admission\":{\"active\":0,\"queued\":0,\"limit\":2},\"writer\":{\"cache_bytes\":96512,\"statement_bytes\":542048,\"cache_hits\":1936,\"cache_misses\":49,\"cache_writes\":81},\"readers\":{\"idle\":10,\"connections\":[{\"cache_bytes\":5120,\"statement_bytes\":0,\"cache_hits\":1,\"cache_misses\":6,\"cache_writes\":0},{\"cache_bytes\":5120,\"statement_bytes\":0,\"cache_hits\":1,\"cache_misses\":6,\"cache_writes\":0},{\"cache_bytes\":5120,\"statement_bytes\":0,\"cache_hits\":1,\"cache_misses\":6,\"cache_writes\":0},{\"cache_bytes\":5120,\"statement_bytes\":0,\"cache_hits\":1,\"cache_misses\":6,\"cache_writes\":0},{\"cache_bytes\":5120,\"statement_bytes\":0,\"cache_hits\":1,\"cache_misses\":6,\"cache_writes\":0},{\"cache_bytes\":5120,\"statement_bytes\":0,\"cache_hits\":1,\"cache_misses\":6,\"cache_writes\":0},{\"cache_bytes\":5120,\"statement_bytes\":0,\"cache_hits\":1,\"cache_misses\":6,\"cache_writes\":0},{\"cache_bytes\":5120,\"statement_bytes\":0,\"cache_hits\":1,\"cache_misses\":6,\"cache_writes\":0},{\"cache_bytes\":5120,\"statement_bytes\":0,\"cache_hits\":1,\"cache_misses\":6,\"cache_writes\":0},{\"cache_bytes\":13824,\"statement_bytes\":351744,\"cache_hits\":25501,\"cache_misses\":2315,\"cache_writes\":0}]},\"sqlite_busy_errors\":0,\"blocking_threads\":0,\"blocking_threads_peak\":1,\"blocking_active\":0,\"blocking_queued\":0,\"scrypt_active\":0,\"scrypt_peak\":1}"},"target":"snowtime_axum"}
{"timestamp":"2026-10-08T10:35:35.963109Z","level":"INFO","fields":{"message":"sized the renderers","limit_mib":32768,"source":"physical memory","cpus":10,"renderers":1,"heap_mib":128,"semi_space_mib":32},"target":"snowtime_axum"}
{"timestamp":"2026-10-08T10:35:35.963827Z","level":"INFO","fields":{"message":"listening","address":"127.0.0.1:64857","tls":false},"target":"snowtime_axum"}
{"timestamp":"2026-10-08T10:35:36.007064Z","level":"INFO","fields":{"message":"bench counters","renderers":1,"render_queued":0,"render_busy_answers":0,"database":"{\"read_admission\":{\"active\":0,\"queued\":0,\"limit\":10},\"write_admission\":{\"active\":0,\"queued\":0,\"limit\":1},\"hash_admission\":{\"active\":0,\"queued\":0,\"limit\":10},\"report_admission\":{\"active\":0,\"queued\":0,\"limit\":2},\"writer\":{\"cache_bytes\":96512,\"statement_bytes\":542048,\"cache_hits\":1936,\"cache_misses\":49,\"cache_writes\":81},\"readers\":{\"idle\":10,\"connections\":[{\"cache_bytes\":5120,\"statement_bytes\":0,\"cache_hits\":1,\"cache_misses\":6,\"cache_writes\":0},{\"cache_bytes\":5120,\"statement_bytes\":0,\"cache_hits\":1,\"cache_misses\":6,\"cache_writes\":0},{\"cache_bytes\":5120,\"statement_bytes\":0,\"cache_hits\":1,\"cache_misses\":6,\"cache_writes\":0},{\"cache_bytes\":5120,\"statement_bytes\":0,\"cache_hits\":1,\"cache_misses\":6,\"cache_writes\":0},{\"cache_bytes\":5120,\"statement_bytes\":0,\"cache_hits\":1,\"cache_misses\":6,\"cache_writes\":0},{\"cache_bytes\":5120,\"statement_bytes\":0,\"cache_hits\":1,\"cache_misses\":6,\"cache_writes\":0},{\"cache_bytes\":5120,\"statement_bytes\":0,\"cache_hits\":1,\"cache_misses\":6,\"cache_writes\":0},{\"cache_bytes\":5120,\"statement_bytes\":0,\"cache_hits\":1,\"cache_misses\":6,\"cache_writes\":0},{\"cache_bytes\":5120,\"statement_bytes\":0,\"cache_hits\":1,\"cache_misses\":6,\"cache_writes\":0},{\"cache_bytes\":13824,\"statement_bytes\":351744,\"cache_hits\":25501,\"cache_misses\":2315,\"cache_writes\":0}]},\"sqlite_busy_errors\":0,\"blocking_threads\":0,\"blocking_threads_peak\":1,\"blocking_active\":0,\"blocking_queued\":0,\"scrypt_active\":0,\"scrypt_peak\":1}"},"target":"snowtime_axum"}
same bytes                 oauth schema null (400, 92 bytes)
same bytes                 oauth schema [] (400, 93 bytes)
same bytes                 oauth schema {} (400, 69 bytes)
same bytes                 oauth schema {"provider":3} (400, 69 bytes)
same bytes                 oauth schema {"provider":"not-configured"} (404, 60 bytes)
same bytes                 oauth schema {"provider":"google","scopes":[3]} (400, 103 bytes)
same bytes                 oauth schema {"provider":"google","additionalParams":{"state":"override"}} (400, 221 bytes)
same bytes                 oauth schema {"provider":"google","callbackURL":"https://evil.example/"} (403, 63 bytes)
same bytes                 oauth schema {"provider":"google","idToken":null} (400, 100 bytes)
same bytes                 oauth schema {"provider":"google","additionalParams":{"z":false,"a":3}} (400, 189 bytes)
same bytes                 oauth schema {"provider":"google","callbackURL":3,"newUserCallbackURL":false,"errorCallbackURL":null,"disableRedirect":3,"scopes":[null],"requestSignUp":4,"loginHint":[]} (400, 52 bytes)
same bytes                 oauth callback ordered schema (400, 222 bytes)
same bytes                 oauth callback newline provider (302, 39 bytes)
same bytes                 oauth begin google (200, 543 bytes)
same bytes                 oauth callback non-ASCII location (302, 13 bytes)
same bytes                 oauth begin google (200, 543 bytes)
same bytes                 oauth callback non-ByteString location (500, 0 bytes)
same bytes                 oauth signed out accounts (401, 48 bytes)
same bytes                 oauth signed out link (401, 48 bytes)
same bytes                 oauth signed out unlink (401, 48 bytes)
same bytes                 oauth callback no state (302, 53 bytes)
same bytes                 oauth callback unknown state (302, 52 bytes)
same bytes                 oauth begin google (200, 543 bytes)
same bytes                 oauth state missing cookie (302, 56 bytes)
same bytes                 oauth state forged cookie (302, 56 bytes)
same bytes                 oauth provider denied (302, 83 bytes)
same bytes                 oauth state replay (302, 52 bytes)
same bytes                 oauth begin google (200, 543 bytes)
same bytes                 oauth callback no code (302, 49 bytes)
same bytes                 oauth begin google (200, 543 bytes)
same bytes                 oauth invalid code (302, 54 bytes)
same bytes                 oauth begin google (200, 543 bytes)
same bytes                 oauth callback unsupported provider (302, 66 bytes)
same bytes                 oauth begin google (200, 353 bytes)
same bytes                 oauth callback form redirect (302, 65 bytes)
same bytes                 oauth existing verified email implicit link (302, 22 bytes)
same bytes                 oauth linked accounts (200, 327 bytes)
same bytes                 oauth existing profile and membership preserved (200, 1064 bytes)
same bytes                 oauth missing unlink (400, 58 bytes)
same bytes                 oauth begin google link (200, 543 bytes)
same bytes                 oauth link different email (302, 62 bytes)
same bytes                 oauth begin google link (200, 543 bytes)
same bytes                 oauth link unverified email (302, 64 bytes)
same bytes                 oauth begin google link (200, 567 bytes)
same bytes                 oauth relink merges scopes (302, 22 bytes)
same bytes                 oauth merged account scopes (200, 335 bytes)
same bytes                 oauth unlink social (200, 15 bytes)
same bytes                 oauth after unlink (200, 166 bytes)
same bytes                 oauth unlink last account (400, 87 bytes)
same bytes                 oauth begin google (200, 543 bytes)
same bytes                 oauth google new verified signup (302, 24 bytes)
same bytes                 oauth google new account (200, 162 bytes)
same bytes                 oauth google application session (200, 256 bytes)
same bytes                 oauth google last social account refuses (400, 87 bytes)
same bytes                 oauth begin google (200, 543 bytes)
same bytes                 oauth google existing account signin (302, 22 bytes)
same bytes                 oauth google retains stored scope (200, 162 bytes)
same bytes                 oauth begin google (200, 543 bytes)
same bytes                 oauth google unverified signup refuses (302, 147 bytes)
same bytes                 oauth begin google (200, 543 bytes)
same bytes                 oauth google missing email refuses (302, 57 bytes)
same bytes                 oauth begin github (200, 487 bytes)
same bytes                 oauth github new verified signup (302, 24 bytes)
same bytes                 oauth github new account (200, 160 bytes)
same bytes                 oauth github application session (200, 256 bytes)
same bytes                 oauth github last social account refuses (400, 87 bytes)
same bytes                 oauth begin github (200, 487 bytes)
same bytes                 oauth github existing account signin (302, 22 bytes)
same bytes                 oauth github retains stored scope (200, 160 bytes)
same bytes                 oauth begin github (200, 487 bytes)
same bytes                 oauth github unverified signup refuses (302, 147 bytes)
same bytes                 oauth begin github (200, 487 bytes)
same bytes                 oauth github missing email refuses (302, 57 bytes)
same bytes                 oauth begin microsoft (200, 585 bytes)
same bytes                 oauth microsoft new verified signup (302, 24 bytes)
same bytes                 oauth microsoft new account (200, 197 bytes)
same bytes                 oauth microsoft application session (200, 259 bytes)
same bytes                 oauth microsoft last social account refuses (400, 87 bytes)
same bytes                 oauth begin microsoft (200, 585 bytes)
same bytes                 oauth microsoft existing account signin (302, 22 bytes)
same bytes                 oauth microsoft retains stored scope (200, 197 bytes)
same bytes                 oauth begin microsoft (200, 585 bytes)
same bytes                 oauth microsoft unverified signup refuses (302, 147 bytes)
same bytes                 oauth begin microsoft (200, 585 bytes)
same bytes                 oauth microsoft missing email refuses (302, 57 bytes)
same bytes                 oauth begin google (200, 543 bytes)
same bytes                 oauth google token redirect policy (302, 54 bytes)
same bytes                 oauth begin github (200, 487 bytes)
same bytes                 oauth github token redirect policy (302, 22 bytes)
same bytes                 oauth github redirected exchange session (200, 167 bytes)
same bytes                 oauth begin microsoft (200, 585 bytes)
same bytes                 oauth microsoft token redirect policy (302, 54 bytes)
same bytes                 oauth begin microsoft (200, 585 bytes)
same bytes                 oauth microsoft consumer trusted address (302, 22 bytes)
same bytes                 oauth microsoft consumer account (200, 194 bytes)
same bytes                 oauth begin microsoft (200, 585 bytes)
same bytes                 oauth microsoft verified-domain trusted address (302, 22 bytes)
same bytes                 oauth microsoft verified-domain account (200, 201 bytes)
same bytes                 oauth begin google (200, 543 bytes)
same bytes                 oauth restore admin account (302, 22 bytes)
same bytes                 oauth begin google link (200, 543 bytes)
same bytes                 oauth account owned by another user (302, 82 bytes)
{"timestamp":"2026-10-08T10:35:36.965566Z","level":"INFO","fields":{"message":"bench counters","renderers":1,"render_queued":0,"render_busy_answers":0,"database":"{\"read_admission\":{\"active\":0,\"queued\":0,\"limit\":10},\"write_admission\":{\"active\":0,\"queued\":0,\"limit\":1},\"hash_admission\":{\"active\":0,\"queued\":0,\"limit\":10},\"report_admission\":{\"active\":0,\"queued\":0,\"limit\":2},\"writer\":{\"cache_bytes\":83456,\"statement_bytes\":16240,\"cache_hits\":963,\"cache_misses\":22,\"cache_writes\":299},\"readers\":{\"idle\":10,\"connections\":[{\"cache_bytes\":26880,\"statement_bytes\":0,\"cache_hits\":1,\"cache_misses\":6,\"cache_writes\":0},{\"cache_bytes\":26880,\"statement_bytes\":0,\"cache_hits\":1,\"cache_misses\":6,\"cache_writes\":0},{\"cache_bytes\":26880,\"statement_bytes\":0,\"cache_hits\":1,\"cache_misses\":6,\"cache_writes\":0},{\"cache_bytes\":26880,\"statement_bytes\":0,\"cache_hits\":1,\"cache_misses\":6,\"cache_writes\":0},{\"cache_bytes\":26880,\"statement_bytes\":0,\"cache_hits\":1,\"cache_misses\":6,\"cache_writes\":0},{\"cache_bytes\":26880,\"statement_bytes\":0,\"cache_hits\":1,\"cache_misses\":6,\"cache_writes\":0},{\"cache_bytes\":26880,\"statement_bytes\":0,\"cache_hits\":1,\"cache_misses\":6,\"cache_writes\":0},{\"cache_bytes\":26880,\"statement_bytes\":0,\"cache_hits\":1,\"cache_misses\":6,\"cache_writes\":0},{\"cache_bytes\":26880,\"statement_bytes\":0,\"cache_hits\":1,\"cache_misses\":6,\"cache_writes\":0},{\"cache_bytes\":39936,\"statement_bytes\":36592,\"cache_hits\":21,\"cache_misses\":54,\"cache_writes\":0}]},\"sqlite_busy_errors\":0,\"blocking_threads\":1,\"blocking_threads_peak\":1,\"blocking_active\":0,\"blocking_queued\":0,\"scrypt_active\":0,\"scrypt_peak\":1}"},"target":"snowtime_axum"}
{"timestamp":"2026-10-08T10:35:37.009509Z","level":"INFO","fields":{"message":"bench counters","renderers":1,"render_queued":0,"render_busy_answers":0,"database":"{\"read_admission\":{\"active\":0,\"queued\":0,\"limit\":10},\"write_admission\":{\"active\":0,\"queued\":0,\"limit\":1},\"hash_admission\":{\"active\":0,\"queued\":0,\"limit\":10},\"report_admission\":{\"active\":0,\"queued\":0,\"limit\":2},\"writer\":{\"cache_bytes\":96512,\"statement_bytes\":542048,\"cache_hits\":1936,\"cache_misses\":49,\"cache_writes\":81},\"readers\":{\"idle\":10,\"connections\":[{\"cache_bytes\":5120,\"statement_bytes\":0,\"cache_hits\":1,\"cache_misses\":6,\"cache_writes\":0},{\"cache_bytes\":5120,\"statement_bytes\":0,\"cache_hits\":1,\"cache_misses\":6,\"cache_writes\":0},{\"cache_bytes\":5120,\"statement_bytes\":0,\"cache_hits\":1,\"cache_misses\":6,\"cache_writes\":0},{\"cache_bytes\":5120,\"statement_bytes\":0,\"cache_hits\":1,\"cache_misses\":6,\"cache_writes\":0},{\"cache_bytes\":5120,\"statement_bytes\":0,\"cache_hits\":1,\"cache_misses\":6,\"cache_writes\":0},{\"cache_bytes\":5120,\"statement_bytes\":0,\"cache_hits\":1,\"cache_misses\":6,\"cache_writes\":0},{\"cache_bytes\":5120,\"statement_bytes\":0,\"cache_hits\":1,\"cache_misses\":6,\"cache_writes\":0},{\"cache_bytes\":5120,\"statement_bytes\":0,\"cache_hits\":1,\"cache_misses\":6,\"cache_writes\":0},{\"cache_bytes\":5120,\"statement_bytes\":0,\"cache_hits\":1,\"cache_misses\":6,\"cache_writes\":0},{\"cache_bytes\":13824,\"statement_bytes\":351744,\"cache_hits\":25501,\"cache_misses\":2315,\"cache_writes\":0}]},\"sqlite_busy_errors\":0,\"blocking_threads\":0,\"blocking_threads_peak\":1,\"blocking_active\":0,\"blocking_queued\":0,\"scrypt_active\":0,\"scrypt_peak\":1}"},"target":"snowtime_axum"}
{"timestamp":"2026-10-08T10:35:37.121653Z","level":"INFO","fields":{"message":"sized the renderers","limit_mib":32768,"source":"physical memory","cpus":10,"renderers":1,"heap_mib":128,"semi_space_mib":32},"target":"snowtime_axum"}
{"timestamp":"2026-10-08T10:35:37.122305Z","level":"INFO","fields":{"message":"listening","address":"127.0.0.1:64904","tls":false},"target":"snowtime_axum"}
same bytes                 oauth fixture imported account listing (200, 503 bytes)
same bytes                 oauth fixture expired persisted state (302, 40 bytes)
same bytes                 oauth fixture expired second click (302, 52 bytes)
same bytes                 oauth fixture mismatch persisted state (302, 40 bytes)
same bytes                 oauth fixture mismatch second click (302, 40 bytes)
same bytes                 oauth fixture stale unlink refuses (403, 61 bytes)
same bytes                 oauth fixture stale list allows (200, 503 bytes)
same bytes                 oauth fixture foreign account unlink refuses (400, 58 bytes)
same bytes                 oauth fixture link foreign origin (403, 63 bytes)
same bytes                 oauth fixture local-unverified policy callback (302, 49 bytes)
{"timestamp":"2026-10-08T10:35:37.967612Z","level":"INFO","fields":{"message":"bench counters","renderers":1,"render_queued":0,"render_busy_answers":0,"database":"{\"read_admission\":{\"active\":0,\"queued\":0,\"limit\":10},\"write_admission\":{\"active\":0,\"queued\":0,\"limit\":1},\"hash_admission\":{\"active\":0,\"queued\":0,\"limit\":10},\"report_admission\":{\"active\":0,\"queued\":0,\"limit\":2},\"writer\":{\"cache_bytes\":83456,\"statement_bytes\":16240,\"cache_hits\":963,\"cache_misses\":22,\"cache_writes\":299},\"readers\":{\"idle\":10,\"connections\":[{\"cache_bytes\":26880,\"statement_bytes\":0,\"cache_hits\":1,\"cache_misses\":6,\"cache_writes\":0},{\"cache_bytes\":26880,\"statement_bytes\":0,\"cache_hits\":1,\"cache_misses\":6,\"cache_writes\":0},{\"cache_bytes\":26880,\"statement_bytes\":0,\"cache_hits\":1,\"cache_misses\":6,\"cache_writes\":0},{\"cache_bytes\":26880,\"statement_bytes\":0,\"cache_hits\":1,\"cache_misses\":6,\"cache_writes\":0},{\"cache_bytes\":26880,\"statement_bytes\":0,\"cache_hits\":1,\"cache_misses\":6,\"cache_writes\":0},{\"cache_bytes\":26880,\"statement_bytes\":0,\"cache_hits\":1,\"cache_misses\":6,\"cache_writes\":0},{\"cache_bytes\":26880,\"statement_bytes\":0,\"cache_hits\":1,\"cache_misses\":6,\"cache_writes\":0},{\"cache_bytes\":26880,\"statement_bytes\":0,\"cache_hits\":1,\"cache_misses\":6,\"cache_writes\":0},{\"cache_bytes\":26880,\"statement_bytes\":0,\"cache_hits\":1,\"cache_misses\":6,\"cache_writes\":0},{\"cache_bytes\":39936,\"statement_bytes\":36592,\"cache_hits\":21,\"cache_misses\":54,\"cache_writes\":0}]},\"sqlite_busy_errors\":0,\"blocking_threads\":1,\"blocking_threads_peak\":1,\"blocking_active\":0,\"blocking_queued\":0,\"scrypt_active\":0,\"scrypt_peak\":1}"},"target":"snowtime_axum"}
{"timestamp":"2026-10-08T10:35:38.010865Z","level":"INFO","fields":{"message":"bench counters","renderers":1,"render_queued":0,"render_busy_answers":0,"database":"{\"read_admission\":{\"active\":0,\"queued\":0,\"limit\":10},\"write_admission\":{\"active\":0,\"queued\":0,\"limit\":1},\"hash_admission\":{\"active\":0,\"queued\":0,\"limit\":10},\"report_admission\":{\"active\":0,\"queued\":0,\"limit\":2},\"writer\":{\"cache_bytes\":96512,\"statement_bytes\":542048,\"cache_hits\":1936,\"cache_misses\":49,\"cache_writes\":81},\"readers\":{\"idle\":10,\"connections\":[{\"cache_bytes\":5120,\"statement_bytes\":0,\"cache_hits\":1,\"cache_misses\":6,\"cache_writes\":0},{\"cache_bytes\":5120,\"statement_bytes\":0,\"cache_hits\":1,\"cache_misses\":6,\"cache_writes\":0},{\"cache_bytes\":5120,\"statement_bytes\":0,\"cache_hits\":1,\"cache_misses\":6,\"cache_writes\":0},{\"cache_bytes\":5120,\"statement_bytes\":0,\"cache_hits\":1,\"cache_misses\":6,\"cache_writes\":0},{\"cache_bytes\":5120,\"statement_bytes\":0,\"cache_hits\":1,\"cache_misses\":6,\"cache_writes\":0},{\"cache_bytes\":5120,\"statement_bytes\":0,\"cache_hits\":1,\"cache_misses\":6,\"cache_writes\":0},{\"cache_bytes\":5120,\"statement_bytes\":0,\"cache_hits\":1,\"cache_misses\":6,\"cache_writes\":0},{\"cache_bytes\":5120,\"statement_bytes\":0,\"cache_hits\":1,\"cache_misses\":6,\"cache_writes\":0},{\"cache_bytes\":5120,\"statement_bytes\":0,\"cache_hits\":1,\"cache_misses\":6,\"cache_writes\":0},{\"cache_bytes\":13824,\"statement_bytes\":351744,\"cache_hits\":25501,\"cache_misses\":2315,\"cache_writes\":0}]},\"sqlite_busy_errors\":0,\"blocking_threads\":0,\"blocking_threads_peak\":1,\"blocking_active\":0,\"blocking_queued\":0,\"scrypt_active\":0,\"scrypt_peak\":1}"},"target":"snowtime_axum"}
{"timestamp":"2026-10-08T10:35:38.969980Z","level":"INFO","fields":{"message":"bench counters","renderers":1,"render_queued":0,"render_busy_answers":0,"database":"{\"read_admission\":{\"active\":0,\"queued\":0,\"limit\":10},\"write_admission\":{\"active\":0,\"queued\":0,\"limit\":1},\"hash_admission\":{\"active\":0,\"queued\":0,\"limit\":10},\"report_admission\":{\"active\":0,\"queued\":0,\"limit\":2},\"writer\":{\"cache_bytes\":83456,\"statement_bytes\":16240,\"cache_hits\":963,\"cache_misses\":22,\"cache_writes\":299},\"readers\":{\"idle\":10,\"connections\":[{\"cache_bytes\":26880,\"statement_bytes\":0,\"cache_hits\":1,\"cache_misses\":6,\"cache_writes\":0},{\"cache_bytes\":26880,\"statement_bytes\":0,\"cache_hits\":1,\"cache_misses\":6,\"cache_writes\":0},{\"cache_bytes\":26880,\"statement_bytes\":0,\"cache_hits\":1,\"cache_misses\":6,\"cache_writes\":0},{\"cache_bytes\":26880,\"statement_bytes\":0,\"cache_hits\":1,\"cache_misses\":6,\"cache_writes\":0},{\"cache_bytes\":26880,\"statement_bytes\":0,\"cache_hits\":1,\"cache_misses\":6,\"cache_writes\":0},{\"cache_bytes\":26880,\"statement_bytes\":0,\"cache_hits\":1,\"cache_misses\":6,\"cache_writes\":0},{\"cache_bytes\":26880,\"statement_bytes\":0,\"cache_hits\":1,\"cache_misses\":6,\"cache_writes\":0},{\"cache_bytes\":26880,\"statement_bytes\":0,\"cache_hits\":1,\"cache_misses\":6,\"cache_writes\":0},{\"cache_bytes\":26880,\"statement_bytes\":0,\"cache_hits\":1,\"cache_misses\":6,\"cache_writes\":0},{\"cache_bytes\":39936,\"statement_bytes\":36592,\"cache_hits\":21,\"cache_misses\":54,\"cache_writes\":0}]},\"sqlite_busy_errors\":0,\"blocking_threads\":1,\"blocking_threads_peak\":1,\"blocking_active\":0,\"blocking_queued\":0,\"scrypt_active\":0,\"scrypt_peak\":1}"},"target":"snowtime_axum"}
{"timestamp":"2026-10-08T10:35:39.013493Z","level":"INFO","fields":{"message":"bench counters","renderers":1,"render_queued":0,"render_busy_answers":0,"database":"{\"read_admission\":{\"active\":0,\"queued\":0,\"limit\":10},\"write_admission\":{\"active\":0,\"queued\":0,\"limit\":1},\"hash_admission\":{\"active\":0,\"queued\":0,\"limit\":10},\"report_admission\":{\"active\":0,\"queued\":0,\"limit\":2},\"writer\":{\"cache_bytes\":96512,\"statement_bytes\":542048,\"cache_hits\":1936,\"cache_misses\":49,\"cache_writes\":81},\"readers\":{\"idle\":10,\"connections\":[{\"cache_bytes\":5120,\"statement_bytes\":0,\"cache_hits\":1,\"cache_misses\":6,\"cache_writes\":0},{\"cache_bytes\":5120,\"statement_bytes\":0,\"cache_hits\":1,\"cache_misses\":6,\"cache_writes\":0},{\"cache_bytes\":5120,\"statement_bytes\":0,\"cache_hits\":1,\"cache_misses\":6,\"cache_writes\":0},{\"cache_bytes\":5120,\"statement_bytes\":0,\"cache_hits\":1,\"cache_misses\":6,\"cache_writes\":0},{\"cache_bytes\":5120,\"statement_bytes\":0,\"cache_hits\":1,\"cache_misses\":6,\"cache_writes\":0},{\"cache_bytes\":5120,\"statement_bytes\":0,\"cache_hits\":1,\"cache_misses\":6,\"cache_writes\":0},{\"cache_bytes\":5120,\"statement_bytes\":0,\"cache_hits\":1,\"cache_misses\":6,\"cache_writes\":0},{\"cache_bytes\":5120,\"statement_bytes\":0,\"cache_hits\":1,\"cache_misses\":6,\"cache_writes\":0},{\"cache_bytes\":5120,\"statement_bytes\":0,\"cache_hits\":1,\"cache_misses\":6,\"cache_writes\":0},{\"cache_bytes\":13824,\"statement_bytes\":351744,\"cache_hits\":25501,\"cache_misses\":2315,\"cache_writes\":0}]},\"sqlite_busy_errors\":0,\"blocking_threads\":0,\"blocking_threads_peak\":1,\"blocking_active\":0,\"blocking_queued\":0,\"scrypt_active\":0,\"scrypt_peak\":1}"},"target":"snowtime_axum"}
{"timestamp":"2026-10-08T10:35:39.971930Z","level":"INFO","fields":{"message":"bench counters","renderers":1,"render_queued":0,"render_busy_answers":0,"database":"{\"read_admission\":{\"active\":0,\"queued\":0,\"limit\":10},\"write_admission\":{\"active\":0,\"queued\":0,\"limit\":1},\"hash_admission\":{\"active\":0,\"queued\":0,\"limit\":10},\"report_admission\":{\"active\":0,\"queued\":0,\"limit\":2},\"writer\":{\"cache_bytes\":83456,\"statement_bytes\":16240,\"cache_hits\":963,\"cache_misses\":22,\"cache_writes\":299},\"readers\":{\"idle\":10,\"connections\":[{\"cache_bytes\":26880,\"statement_bytes\":0,\"cache_hits\":1,\"cache_misses\":6,\"cache_writes\":0},{\"cache_bytes\":26880,\"statement_bytes\":0,\"cache_hits\":1,\"cache_misses\":6,\"cache_writes\":0},{\"cache_bytes\":26880,\"statement_bytes\":0,\"cache_hits\":1,\"cache_misses\":6,\"cache_writes\":0},{\"cache_bytes\":26880,\"statement_bytes\":0,\"cache_hits\":1,\"cache_misses\":6,\"cache_writes\":0},{\"cache_bytes\":26880,\"statement_bytes\":0,\"cache_hits\":1,\"cache_misses\":6,\"cache_writes\":0},{\"cache_bytes\":26880,\"statement_bytes\":0,\"cache_hits\":1,\"cache_misses\":6,\"cache_writes\":0},{\"cache_bytes\":26880,\"statement_bytes\":0,\"cache_hits\":1,\"cache_misses\":6,\"cache_writes\":0},{\"cache_bytes\":26880,\"statement_bytes\":0,\"cache_hits\":1,\"cache_misses\":6,\"cache_writes\":0},{\"cache_bytes\":26880,\"statement_bytes\":0,\"cache_hits\":1,\"cache_misses\":6,\"cache_writes\":0},{\"cache_bytes\":39936,\"statement_bytes\":36592,\"cache_hits\":21,\"cache_misses\":54,\"cache_writes\":0}]},\"sqlite_busy_errors\":0,\"blocking_threads\":1,\"blocking_threads_peak\":1,\"blocking_active\":0,\"blocking_queued\":0,\"scrypt_active\":0,\"scrypt_peak\":1}"},"target":"snowtime_axum"}
{"timestamp":"2026-10-08T10:35:40.015104Z","level":"INFO","fields":{"message":"bench counters","renderers":1,"render_queued":0,"render_busy_answers":0,"database":"{\"read_admission\":{\"active\":0,\"queued\":0,\"limit\":10},\"write_admission\":{\"active\":0,\"queued\":0,\"limit\":1},\"hash_admission\":{\"active\":0,\"queued\":0,\"limit\":10},\"report_admission\":{\"active\":0,\"queued\":0,\"limit\":2},\"writer\":{\"cache_bytes\":96512,\"statement_bytes\":542048,\"cache_hits\":1936,\"cache_misses\":49,\"cache_writes\":81},\"readers\":{\"idle\":10,\"connections\":[{\"cache_bytes\":5120,\"statement_bytes\":0,\"cache_hits\":1,\"cache_misses\":6,\"cache_writes\":0},{\"cache_bytes\":5120,\"statement_bytes\":0,\"cache_hits\":1,\"cache_misses\":6,\"cache_writes\":0},{\"cache_bytes\":5120,\"statement_bytes\":0,\"cache_hits\":1,\"cache_misses\":6,\"cache_writes\":0},{\"cache_bytes\":5120,\"statement_bytes\":0,\"cache_hits\":1,\"cache_misses\":6,\"cache_writes\":0},{\"cache_bytes\":5120,\"statement_bytes\":0,\"cache_hits\":1,\"cache_misses\":6,\"cache_writes\":0},{\"cache_bytes\":5120,\"statement_bytes\":0,\"cache_hits\":1,\"cache_misses\":6,\"cache_writes\":0},{\"cache_bytes\":5120,\"statement_bytes\":0,\"cache_hits\":1,\"cache_misses\":6,\"cache_writes\":0},{\"cache_bytes\":5120,\"statement_bytes\":0,\"cache_hits\":1,\"cache_misses\":6,\"cache_writes\":0},{\"cache_bytes\":5120,\"statement_bytes\":0,\"cache_hits\":1,\"cache_misses\":6,\"cache_writes\":0},{\"cache_bytes\":13824,\"statement_bytes\":351744,\"cache_hits\":25501,\"cache_misses\":2315,\"cache_writes\":0}]},\"sqlite_busy_errors\":0,\"blocking_threads\":0,\"blocking_threads_peak\":1,\"blocking_active\":0,\"blocking_queued\":0,\"scrypt_active\":0,\"scrypt_peak\":1}"},"target":"snowtime_axum"}
{"timestamp":"2026-10-08T10:35:40.974519Z","level":"INFO","fields":{"message":"bench counters","renderers":1,"render_queued":0,"render_busy_answers":0,"database":"{\"read_admission\":{\"active\":0,\"queued\":0,\"limit\":10},\"write_admission\":{\"active\":0,\"queued\":0,\"limit\":1},\"hash_admission\":{\"active\":0,\"queued\":0,\"limit\":10},\"report_admission\":{\"active\":0,\"queued\":0,\"limit\":2},\"writer\":{\"cache_bytes\":83456,\"statement_bytes\":16240,\"cache_hits\":963,\"cache_misses\":22,\"cache_writes\":299},\"readers\":{\"idle\":10,\"connections\":[{\"cache_bytes\":26880,\"statement_bytes\":0,\"cache_hits\":1,\"cache_misses\":6,\"cache_writes\":0},{\"cache_bytes\":26880,\"statement_bytes\":0,\"cache_hits\":1,\"cache_misses\":6,\"cache_writes\":0},{\"cache_bytes\":26880,\"statement_bytes\":0,\"cache_hits\":1,\"cache_misses\":6,\"cache_writes\":0},{\"cache_bytes\":26880,\"statement_bytes\":0,\"cache_hits\":1,\"cache_misses\":6,\"cache_writes\":0},{\"cache_bytes\":26880,\"statement_bytes\":0,\"cache_hits\":1,\"cache_misses\":6,\"cache_writes\":0},{\"cache_bytes\":26880,\"statement_bytes\":0,\"cache_hits\":1,\"cache_misses\":6,\"cache_writes\":0},{\"cache_bytes\":26880,\"statement_bytes\":0,\"cache_hits\":1,\"cache_misses\":6,\"cache_writes\":0},{\"cache_bytes\":26880,\"statement_bytes\":0,\"cache_hits\":1,\"cache_misses\":6,\"cache_writes\":0},{\"cache_bytes\":26880,\"statement_bytes\":0,\"cache_hits\":1,\"cache_misses\":6,\"cache_writes\":0},{\"cache_bytes\":39936,\"statement_bytes\":36592,\"cache_hits\":21,\"cache_misses\":54,\"cache_writes\":0}]},\"sqlite_busy_errors\":0,\"blocking_threads\":1,\"blocking_threads_peak\":1,\"blocking_active\":0,\"blocking_queued\":0,\"scrypt_active\":0,\"scrypt_peak\":1}"},"target":"snowtime_axum"}
{"timestamp":"2026-10-08T10:35:41.016691Z","level":"INFO","fields":{"message":"bench counters","renderers":1,"render_queued":0,"render_busy_answers":0,"database":"{\"read_admission\":{\"active\":0,\"queued\":0,\"limit\":10},\"write_admission\":{\"active\":0,\"queued\":0,\"limit\":1},\"hash_admission\":{\"active\":0,\"queued\":0,\"limit\":10},\"report_admission\":{\"active\":0,\"queued\":0,\"limit\":2},\"writer\":{\"cache_bytes\":96512,\"statement_bytes\":542048,\"cache_hits\":1936,\"cache_misses\":49,\"cache_writes\":81},\"readers\":{\"idle\":10,\"connections\":[{\"cache_bytes\":5120,\"statement_bytes\":0,\"cache_hits\":1,\"cache_misses\":6,\"cache_writes\":0},{\"cache_bytes\":5120,\"statement_bytes\":0,\"cache_hits\":1,\"cache_misses\":6,\"cache_writes\":0},{\"cache_bytes\":5120,\"statement_bytes\":0,\"cache_hits\":1,\"cache_misses\":6,\"cache_writes\":0},{\"cache_bytes\":5120,\"statement_bytes\":0,\"cache_hits\":1,\"cache_misses\":6,\"cache_writes\":0},{\"cache_bytes\":5120,\"statement_bytes\":0,\"cache_hits\":1,\"cache_misses\":6,\"cache_writes\":0},{\"cache_bytes\":5120,\"statement_bytes\":0,\"cache_hits\":1,\"cache_misses\":6,\"cache_writes\":0},{\"cache_bytes\":5120,\"statement_bytes\":0,\"cache_hits\":1,\"cache_misses\":6,\"cache_writes\":0},{\"cache_bytes\":5120,\"statement_bytes\":0,\"cache_hits\":1,\"cache_misses\":6,\"cache_writes\":0},{\"cache_bytes\":5120,\"statement_bytes\":0,\"cache_hits\":1,\"cache_misses\":6,\"cache_writes\":0},{\"cache_bytes\":13824,\"statement_bytes\":351744,\"cache_hits\":25501,\"cache_misses\":2315,\"cache_writes\":0}]},\"sqlite_busy_errors\":0,\"blocking_threads\":0,\"blocking_threads_peak\":1,\"blocking_active\":0,\"blocking_queued\":0,\"scrypt_active\":0,\"scrypt_peak\":1}"},"target":"snowtime_axum"}
{"timestamp":"2026-10-08T10:35:41.977298Z","level":"INFO","fields":{"message":"bench counters","renderers":1,"render_queued":0,"render_busy_answers":0,"database":"{\"read_admission\":{\"active\":0,\"queued\":0,\"limit\":10},\"write_admission\":{\"active\":0,\"queued\":0,\"limit\":1},\"hash_admission\":{\"active\":0,\"queued\":0,\"limit\":10},\"report_admission\":{\"active\":0,\"queued\":0,\"limit\":2},\"writer\":{\"cache_bytes\":83456,\"statement_bytes\":16240,\"cache_hits\":963,\"cache_misses\":22,\"cache_writes\":299},\"readers\":{\"idle\":10,\"connections\":[{\"cache_bytes\":26880,\"statement_bytes\":0,\"cache_hits\":1,\"cache_misses\":6,\"cache_writes\":0},{\"cache_bytes\":26880,\"statement_bytes\":0,\"cache_hits\":1,\"cache_misses\":6,\"cache_writes\":0},{\"cache_bytes\":26880,\"statement_bytes\":0,\"cache_hits\":1,\"cache_misses\":6,\"cache_writes\":0},{\"cache_bytes\":26880,\"statement_bytes\":0,\"cache_hits\":1,\"cache_misses\":6,\"cache_writes\":0},{\"cache_bytes\":26880,\"statement_bytes\":0,\"cache_hits\":1,\"cache_misses\":6,\"cache_writes\":0},{\"cache_bytes\":26880,\"statement_bytes\":0,\"cache_hits\":1,\"cache_misses\":6,\"cache_writes\":0},{\"cache_bytes\":26880,\"statement_bytes\":0,\"cache_hits\":1,\"cache_misses\":6,\"cache_writes\":0},{\"cache_bytes\":26880,\"statement_bytes\":0,\"cache_hits\":1,\"cache_misses\":6,\"cache_writes\":0},{\"cache_bytes\":26880,\"statement_bytes\":0,\"cache_hits\":1,\"cache_misses\":6,\"cache_writes\":0},{\"cache_bytes\":39936,\"statement_bytes\":36592,\"cache_hits\":21,\"cache_misses\":54,\"cache_writes\":0}]},\"sqlite_busy_errors\":0,\"blocking_threads\":1,\"blocking_threads_peak\":1,\"blocking_active\":0,\"blocking_queued\":0,\"scrypt_active\":0,\"scrypt_peak\":1}"},"target":"snowtime_axum"}
{"timestamp":"2026-10-08T10:35:42.019561Z","level":"INFO","fields":{"message":"bench counters","renderers":1,"render_queued":0,"render_busy_answers":0,"database":"{\"read_admission\":{\"active\":0,\"queued\":0,\"limit\":10},\"write_admission\":{\"active\":0,\"queued\":0,\"limit\":1},\"hash_admission\":{\"active\":0,\"queued\":0,\"limit\":10},\"report_admission\":{\"active\":0,\"queued\":0,\"limit\":2},\"writer\":{\"cache_bytes\":96512,\"statement_bytes\":542048,\"cache_hits\":1936,\"cache_misses\":49,\"cache_writes\":81},\"readers\":{\"idle\":10,\"connections\":[{\"cache_bytes\":5120,\"statement_bytes\":0,\"cache_hits\":1,\"cache_misses\":6,\"cache_writes\":0},{\"cache_bytes\":5120,\"statement_bytes\":0,\"cache_hits\":1,\"cache_misses\":6,\"cache_writes\":0},{\"cache_bytes\":5120,\"statement_bytes\":0,\"cache_hits\":1,\"cache_misses\":6,\"cache_writes\":0},{\"cache_bytes\":5120,\"statement_bytes\":0,\"cache_hits\":1,\"cache_misses\":6,\"cache_writes\":0},{\"cache_bytes\":5120,\"statement_bytes\":0,\"cache_hits\":1,\"cache_misses\":6,\"cache_writes\":0},{\"cache_bytes\":5120,\"statement_bytes\":0,\"cache_hits\":1,\"cache_misses\":6,\"cache_writes\":0},{\"cache_bytes\":5120,\"statement_bytes\":0,\"cache_hits\":1,\"cache_misses\":6,\"cache_writes\":0},{\"cache_bytes\":5120,\"statement_bytes\":0,\"cache_hits\":1,\"cache_misses\":6,\"cache_writes\":0},{\"cache_bytes\":5120,\"statement_bytes\":0,\"cache_hits\":1,\"cache_misses\":6,\"cache_writes\":0},{\"cache_bytes\":13824,\"statement_bytes\":351744,\"cache_hits\":25501,\"cache_misses\":2315,\"cache_writes\":0}]},\"sqlite_busy_errors\":0,\"blocking_threads\":0,\"blocking_threads_peak\":1,\"blocking_active\":0,\"blocking_queued\":0,\"scrypt_active\":0,\"scrypt_peak\":1}"},"target":"snowtime_axum"}
{"timestamp":"2026-10-08T10:35:42.397368Z","level":"INFO","fields":{"message":"sized the renderers","limit_mib":32768,"source":"physical memory","cpus":10,"renderers":1,"heap_mib":128,"semi_space_mib":32},"target":"snowtime_axum"}
{"timestamp":"2026-10-08T10:35:42.398074Z","level":"INFO","fields":{"message":"listening","address":"127.0.0.1:64914","tls":false},"target":"snowtime_axum"}
same bytes                 oauth fixture blocked policy callback (302, 124 bytes)
same bytes                 oauth fixture allowed policy callback (302, 22 bytes)
{"timestamp":"2026-10-08T10:35:42.979863Z","level":"INFO","fields":{"message":"bench counters","renderers":1,"render_queued":0,"render_busy_answers":0,"database":"{\"read_admission\":{\"active\":0,\"queued\":0,\"limit\":10},\"write_admission\":{\"active\":0,\"queued\":0,\"limit\":1},\"hash_admission\":{\"active\":0,\"queued\":0,\"limit\":10},\"report_admission\":{\"active\":0,\"queued\":0,\"limit\":2},\"writer\":{\"cache_bytes\":83456,\"statement_bytes\":16240,\"cache_hits\":963,\"cache_misses\":22,\"cache_writes\":299},\"readers\":{\"idle\":10,\"connections\":[{\"cache_bytes\":26880,\"statement_bytes\":0,\"cache_hits\":1,\"cache_misses\":6,\"cache_writes\":0},{\"cache_bytes\":26880,\"statement_bytes\":0,\"cache_hits\":1,\"cache_misses\":6,\"cache_writes\":0},{\"cache_bytes\":26880,\"statement_bytes\":0,\"cache_hits\":1,\"cache_misses\":6,\"cache_writes\":0},{\"cache_bytes\":26880,\"statement_bytes\":0,\"cache_hits\":1,\"cache_misses\":6,\"cache_writes\":0},{\"cache_bytes\":26880,\"statement_bytes\":0,\"cache_hits\":1,\"cache_misses\":6,\"cache_writes\":0},{\"cache_bytes\":26880,\"statement_bytes\":0,\"cache_hits\":1,\"cache_misses\":6,\"cache_writes\":0},{\"cache_bytes\":26880,\"statement_bytes\":0,\"cache_hits\":1,\"cache_misses\":6,\"cache_writes\":0},{\"cache_bytes\":26880,\"statement_bytes\":0,\"cache_hits\":1,\"cache_misses\":6,\"cache_writes\":0},{\"cache_bytes\":26880,\"statement_bytes\":0,\"cache_hits\":1,\"cache_misses\":6,\"cache_writes\":0},{\"cache_bytes\":39936,\"statement_bytes\":36592,\"cache_hits\":21,\"cache_misses\":54,\"cache_writes\":0}]},\"sqlite_busy_errors\":0,\"blocking_threads\":1,\"blocking_threads_peak\":1,\"blocking_active\":0,\"blocking_queued\":0,\"scrypt_active\":0,\"scrypt_peak\":1}"},"target":"snowtime_axum"}
{"timestamp":"2026-10-08T10:35:43.021517Z","level":"INFO","fields":{"message":"bench counters","renderers":1,"render_queued":0,"render_busy_answers":0,"database":"{\"read_admission\":{\"active\":0,\"queued\":0,\"limit\":10},\"write_admission\":{\"active\":0,\"queued\":0,\"limit\":1},\"hash_admission\":{\"active\":0,\"queued\":0,\"limit\":10},\"report_admission\":{\"active\":0,\"queued\":0,\"limit\":2},\"writer\":{\"cache_bytes\":96512,\"statement_bytes\":542048,\"cache_hits\":1936,\"cache_misses\":49,\"cache_writes\":81},\"readers\":{\"idle\":10,\"connections\":[{\"cache_bytes\":5120,\"statement_bytes\":0,\"cache_hits\":1,\"cache_misses\":6,\"cache_writes\":0},{\"cache_bytes\":5120,\"statement_bytes\":0,\"cache_hits\":1,\"cache_misses\":6,\"cache_writes\":0},{\"cache_bytes\":5120,\"statement_bytes\":0,\"cache_hits\":1,\"cache_misses\":6,\"cache_writes\":0},{\"cache_bytes\":5120,\"statement_bytes\":0,\"cache_hits\":1,\"cache_misses\":6,\"cache_writes\":0},{\"cache_bytes\":5120,\"statement_bytes\":0,\"cache_hits\":1,\"cache_misses\":6,\"cache_writes\":0},{\"cache_bytes\":5120,\"statement_bytes\":0,\"cache_hits\":1,\"cache_misses\":6,\"cache_writes\":0},{\"cache_bytes\":5120,\"statement_bytes\":0,\"cache_hits\":1,\"cache_misses\":6,\"cache_writes\":0},{\"cache_bytes\":5120,\"statement_bytes\":0,\"cache_hits\":1,\"cache_misses\":6,\"cache_writes\":0},{\"cache_bytes\":5120,\"statement_bytes\":0,\"cache_hits\":1,\"cache_misses\":6,\"cache_writes\":0},{\"cache_bytes\":13824,\"statement_bytes\":351744,\"cache_hits\":25501,\"cache_misses\":2315,\"cache_writes\":0}]},\"sqlite_busy_errors\":0,\"blocking_threads\":0,\"blocking_threads_peak\":1,\"blocking_active\":0,\"blocking_queued\":0,\"scrypt_active\":0,\"scrypt_peak\":1}"},"target":"snowtime_axum"}
{"timestamp":"2026-10-08T10:35:43.982722Z","level":"INFO","fields":{"message":"bench counters","renderers":1,"render_queued":0,"render_busy_answers":0,"database":"{\"read_admission\":{\"active\":0,\"queued\":0,\"limit\":10},\"write_admission\":{\"active\":0,\"queued\":0,\"limit\":1},\"hash_admission\":{\"active\":0,\"queued\":0,\"limit\":10},\"report_admission\":{\"active\":0,\"queued\":0,\"limit\":2},\"writer\":{\"cache_bytes\":83456,\"statement_bytes\":16240,\"cache_hits\":963,\"cache_misses\":22,\"cache_writes\":299},\"readers\":{\"idle\":10,\"connections\":[{\"cache_bytes\":26880,\"statement_bytes\":0,\"cache_hits\":1,\"cache_misses\":6,\"cache_writes\":0},{\"cache_bytes\":26880,\"statement_bytes\":0,\"cache_hits\":1,\"cache_misses\":6,\"cache_writes\":0},{\"cache_bytes\":26880,\"statement_bytes\":0,\"cache_hits\":1,\"cache_misses\":6,\"cache_writes\":0},{\"cache_bytes\":26880,\"statement_bytes\":0,\"cache_hits\":1,\"cache_misses\":6,\"cache_writes\":0},{\"cache_bytes\":26880,\"statement_bytes\":0,\"cache_hits\":1,\"cache_misses\":6,\"cache_writes\":0},{\"cache_bytes\":26880,\"statement_bytes\":0,\"cache_hits\":1,\"cache_misses\":6,\"cache_writes\":0},{\"cache_bytes\":26880,\"statement_bytes\":0,\"cache_hits\":1,\"cache_misses\":6,\"cache_writes\":0},{\"cache_bytes\":26880,\"statement_bytes\":0,\"cache_hits\":1,\"cache_misses\":6,\"cache_writes\":0},{\"cache_bytes\":26880,\"statement_bytes\":0,\"cache_hits\":1,\"cache_misses\":6,\"cache_writes\":0},{\"cache_bytes\":39936,\"statement_bytes\":36592,\"cache_hits\":21,\"cache_misses\":54,\"cache_writes\":0}]},\"sqlite_busy_errors\":0,\"blocking_threads\":1,\"blocking_threads_peak\":1,\"blocking_active\":0,\"blocking_queued\":0,\"scrypt_active\":0,\"scrypt_peak\":1}"},"target":"snowtime_axum"}
{"timestamp":"2026-10-08T10:35:44.023318Z","level":"INFO","fields":{"message":"bench counters","renderers":1,"render_queued":0,"render_busy_answers":0,"database":"{\"read_admission\":{\"active\":0,\"queued\":0,\"limit\":10},\"write_admission\":{\"active\":0,\"queued\":0,\"limit\":1},\"hash_admission\":{\"active\":0,\"queued\":0,\"limit\":10},\"report_admission\":{\"active\":0,\"queued\":0,\"limit\":2},\"writer\":{\"cache_bytes\":96512,\"statement_bytes\":542048,\"cache_hits\":1936,\"cache_misses\":49,\"cache_writes\":81},\"readers\":{\"idle\":10,\"connections\":[{\"cache_bytes\":5120,\"statement_bytes\":0,\"cache_hits\":1,\"cache_misses\":6,\"cache_writes\":0},{\"cache_bytes\":5120,\"statement_bytes\":0,\"cache_hits\":1,\"cache_misses\":6,\"cache_writes\":0},{\"cache_bytes\":5120,\"statement_bytes\":0,\"cache_hits\":1,\"cache_misses\":6,\"cache_writes\":0},{\"cache_bytes\":5120,\"statement_bytes\":0,\"cache_hits\":1,\"cache_misses\":6,\"cache_writes\":0},{\"cache_bytes\":5120,\"statement_bytes\":0,\"cache_hits\":1,\"cache_misses\":6,\"cache_writes\":0},{\"cache_bytes\":5120,\"statement_bytes\":0,\"cache_hits\":1,\"cache_misses\":6,\"cache_writes\":0},{\"cache_bytes\":5120,\"statement_bytes\":0,\"cache_hits\":1,\"cache_misses\":6,\"cache_writes\":0},{\"cache_bytes\":5120,\"statement_bytes\":0,\"cache_hits\":1,\"cache_misses\":6,\"cache_writes\":0},{\"cache_bytes\":5120,\"statement_bytes\":0,\"cache_hits\":1,\"cache_misses\":6,\"cache_writes\":0},{\"cache_bytes\":13824,\"statement_bytes\":351744,\"cache_hits\":25501,\"cache_misses\":2315,\"cache_writes\":0}]},\"sqlite_busy_errors\":0,\"blocking_threads\":0,\"blocking_threads_peak\":1,\"blocking_active\":0,\"blocking_queued\":0,\"scrypt_active\":0,\"scrypt_peak\":1}"},"target":"snowtime_axum"}
{"timestamp":"2026-10-08T10:35:44.985234Z","level":"INFO","fields":{"message":"bench counters","renderers":1,"render_queued":0,"render_busy_answers":0,"database":"{\"read_admission\":{\"active\":0,\"queued\":0,\"limit\":10},\"write_admission\":{\"active\":0,\"queued\":0,\"limit\":1},\"hash_admission\":{\"active\":0,\"queued\":0,\"limit\":10},\"report_admission\":{\"active\":0,\"queued\":0,\"limit\":2},\"writer\":{\"cache_bytes\":83456,\"statement_bytes\":16240,\"cache_hits\":963,\"cache_misses\":22,\"cache_writes\":299},\"readers\":{\"idle\":10,\"connections\":[{\"cache_bytes\":26880,\"statement_bytes\":0,\"cache_hits\":1,\"cache_misses\":6,\"cache_writes\":0},{\"cache_bytes\":26880,\"statement_bytes\":0,\"cache_hits\":1,\"cache_misses\":6,\"cache_writes\":0},{\"cache_bytes\":26880,\"statement_bytes\":0,\"cache_hits\":1,\"cache_misses\":6,\"cache_writes\":0},{\"cache_bytes\":26880,\"statement_bytes\":0,\"cache_hits\":1,\"cache_misses\":6,\"cache_writes\":0},{\"cache_bytes\":26880,\"statement_bytes\":0,\"cache_hits\":1,\"cache_misses\":6,\"cache_writes\":0},{\"cache_bytes\":26880,\"statement_bytes\":0,\"cache_hits\":1,\"cache_misses\":6,\"cache_writes\":0},{\"cache_bytes\":26880,\"statement_bytes\":0,\"cache_hits\":1,\"cache_misses\":6,\"cache_writes\":0},{\"cache_bytes\":26880,\"statement_bytes\":0,\"cache_hits\":1,\"cache_misses\":6,\"cache_writes\":0},{\"cache_bytes\":26880,\"statement_bytes\":0,\"cache_hits\":1,\"cache_misses\":6,\"cache_writes\":0},{\"cache_bytes\":39936,\"statement_bytes\":36592,\"cache_hits\":21,\"cache_misses\":54,\"cache_writes\":0}]},\"sqlite_busy_errors\":0,\"blocking_threads\":1,\"blocking_threads_peak\":1,\"blocking_active\":0,\"blocking_queued\":0,\"scrypt_active\":0,\"scrypt_peak\":1}"},"target":"snowtime_axum"}
{"timestamp":"2026-10-08T10:35:45.026143Z","level":"INFO","fields":{"message":"bench counters","renderers":1,"render_queued":0,"render_busy_answers":0,"database":"{\"read_admission\":{\"active\":0,\"queued\":0,\"limit\":10},\"write_admission\":{\"active\":0,\"queued\":0,\"limit\":1},\"hash_admission\":{\"active\":0,\"queued\":0,\"limit\":10},\"report_admission\":{\"active\":0,\"queued\":0,\"limit\":2},\"writer\":{\"cache_bytes\":96512,\"statement_bytes\":542048,\"cache_hits\":1936,\"cache_misses\":49,\"cache_writes\":81},\"readers\":{\"idle\":10,\"connections\":[{\"cache_bytes\":5120,\"statement_bytes\":0,\"cache_hits\":1,\"cache_misses\":6,\"cache_writes\":0},{\"cache_bytes\":5120,\"statement_bytes\":0,\"cache_hits\":1,\"cache_misses\":6,\"cache_writes\":0},{\"cache_bytes\":5120,\"statement_bytes\":0,\"cache_hits\":1,\"cache_misses\":6,\"cache_writes\":0},{\"cache_bytes\":5120,\"statement_bytes\":0,\"cache_hits\":1,\"cache_misses\":6,\"cache_writes\":0},{\"cache_bytes\":5120,\"statement_bytes\":0,\"cache_hits\":1,\"cache_misses\":6,\"cache_writes\":0},{\"cache_bytes\":5120,\"statement_bytes\":0,\"cache_hits\":1,\"cache_misses\":6,\"cache_writes\":0},{\"cache_bytes\":5120,\"statement_bytes\":0,\"cache_hits\":1,\"cache_misses\":6,\"cache_writes\":0},{\"cache_bytes\":5120,\"statement_bytes\":0,\"cache_hits\":1,\"cache_misses\":6,\"cache_writes\":0},{\"cache_bytes\":5120,\"statement_bytes\":0,\"cache_hits\":1,\"cache_misses\":6,\"cache_writes\":0},{\"cache_bytes\":13824,\"statement_bytes\":351744,\"cache_hits\":25501,\"cache_misses\":2315,\"cache_writes\":0}]},\"sqlite_busy_errors\":0,\"blocking_threads\":0,\"blocking_threads_peak\":1,\"blocking_active\":0,\"blocking_queued\":0,\"scrypt_active\":0,\"scrypt_peak\":1}"},"target":"snowtime_axum"}
{"timestamp":"2026-10-08T10:35:45.987860Z","level":"INFO","fields":{"message":"bench counters","renderers":1,"render_queued":0,"render_busy_answers":0,"database":"{\"read_admission\":{\"active\":0,\"queued\":0,\"limit\":10},\"write_admission\":{\"active\":0,\"queued\":0,\"limit\":1},\"hash_admission\":{\"active\":0,\"queued\":0,\"limit\":10},\"report_admission\":{\"active\":0,\"queued\":0,\"limit\":2},\"writer\":{\"cache_bytes\":83456,\"statement_bytes\":16240,\"cache_hits\":963,\"cache_misses\":22,\"cache_writes\":299},\"readers\":{\"idle\":10,\"connections\":[{\"cache_bytes\":26880,\"statement_bytes\":0,\"cache_hits\":1,\"cache_misses\":6,\"cache_writes\":0},{\"cache_bytes\":26880,\"statement_bytes\":0,\"cache_hits\":1,\"cache_misses\":6,\"cache_writes\":0},{\"cache_bytes\":26880,\"statement_bytes\":0,\"cache_hits\":1,\"cache_misses\":6,\"cache_writes\":0},{\"cache_bytes\":26880,\"statement_bytes\":0,\"cache_hits\":1,\"cache_misses\":6,\"cache_writes\":0},{\"cache_bytes\":26880,\"statement_bytes\":0,\"cache_hits\":1,\"cache_misses\":6,\"cache_writes\":0},{\"cache_bytes\":26880,\"statement_bytes\":0,\"cache_hits\":1,\"cache_misses\":6,\"cache_writes\":0},{\"cache_bytes\":26880,\"statement_bytes\":0,\"cache_hits\":1,\"cache_misses\":6,\"cache_writes\":0},{\"cache_bytes\":26880,\"statement_bytes\":0,\"cache_hits\":1,\"cache_misses\":6,\"cache_writes\":0},{\"cache_bytes\":26880,\"statement_bytes\":0,\"cache_hits\":1,\"cache_misses\":6,\"cache_writes\":0},{\"cache_bytes\":39936,\"statement_bytes\":36592,\"cache_hits\":21,\"cache_misses\":54,\"cache_writes\":0}]},\"sqlite_busy_errors\":0,\"blocking_threads\":1,\"blocking_threads_peak\":1,\"blocking_active\":0,\"blocking_queued\":0,\"scrypt_active\":0,\"scrypt_peak\":1}"},"target":"snowtime_axum"}
{"timestamp":"2026-10-08T10:35:46.027842Z","level":"INFO","fields":{"message":"bench counters","renderers":1,"render_queued":0,"render_busy_answers":0,"database":"{\"read_admission\":{\"active\":0,\"queued\":0,\"limit\":10},\"write_admission\":{\"active\":0,\"queued\":0,\"limit\":1},\"hash_admission\":{\"active\":0,\"queued\":0,\"limit\":10},\"report_admission\":{\"active\":0,\"queued\":0,\"limit\":2},\"writer\":{\"cache_bytes\":96512,\"statement_bytes\":542048,\"cache_hits\":1936,\"cache_misses\":49,\"cache_writes\":81},\"readers\":{\"idle\":10,\"connections\":[{\"cache_bytes\":5120,\"statement_bytes\":0,\"cache_hits\":1,\"cache_misses\":6,\"cache_writes\":0},{\"cache_bytes\":5120,\"statement_bytes\":0,\"cache_hits\":1,\"cache_misses\":6,\"cache_writes\":0},{\"cache_bytes\":5120,\"statement_bytes\":0,\"cache_hits\":1,\"cache_misses\":6,\"cache_writes\":0},{\"cache_bytes\":5120,\"statement_bytes\":0,\"cache_hits\":1,\"cache_misses\":6,\"cache_writes\":0},{\"cache_bytes\":5120,\"statement_bytes\":0,\"cache_hits\":1,\"cache_misses\":6,\"cache_writes\":0},{\"cache_bytes\":5120,\"statement_bytes\":0,\"cache_hits\":1,\"cache_misses\":6,\"cache_writes\":0},{\"cache_bytes\":5120,\"statement_bytes\":0,\"cache_hits\":1,\"cache_misses\":6,\"cache_writes\":0},{\"cache_bytes\":5120,\"statement_bytes\":0,\"cache_hits\":1,\"cache_misses\":6,\"cache_writes\":0},{\"cache_bytes\":5120,\"statement_bytes\":0,\"cache_hits\":1,\"cache_misses\":6,\"cache_writes\":0},{\"cache_bytes\":13824,\"statement_bytes\":351744,\"cache_hits\":25501,\"cache_misses\":2315,\"cache_writes\":0}]},\"sqlite_busy_errors\":0,\"blocking_threads\":0,\"blocking_threads_peak\":1,\"blocking_active\":0,\"blocking_queued\":0,\"scrypt_active\":0,\"scrypt_peak\":1}"},"target":"snowtime_axum"}
{"timestamp":"2026-10-08T10:35:46.989648Z","level":"INFO","fields":{"message":"bench counters","renderers":1,"render_queued":0,"render_busy_answers":0,"database":"{\"read_admission\":{\"active\":0,\"queued\":0,\"limit\":10},\"write_admission\":{\"active\":0,\"queued\":0,\"limit\":1},\"hash_admission\":{\"active\":0,\"queued\":0,\"limit\":10},\"report_admission\":{\"active\":0,\"queued\":0,\"limit\":2},\"writer\":{\"cache_bytes\":83456,\"statement_bytes\":16240,\"cache_hits\":963,\"cache_misses\":22,\"cache_writes\":299},\"readers\":{\"idle\":10,\"connections\":[{\"cache_bytes\":26880,\"statement_bytes\":0,\"cache_hits\":1,\"cache_misses\":6,\"cache_writes\":0},{\"cache_bytes\":26880,\"statement_bytes\":0,\"cache_hits\":1,\"cache_misses\":6,\"cache_writes\":0},{\"cache_bytes\":26880,\"statement_bytes\":0,\"cache_hits\":1,\"cache_misses\":6,\"cache_writes\":0},{\"cache_bytes\":26880,\"statement_bytes\":0,\"cache_hits\":1,\"cache_misses\":6,\"cache_writes\":0},{\"cache_bytes\":26880,\"statement_bytes\":0,\"cache_hits\":1,\"cache_misses\":6,\"cache_writes\":0},{\"cache_bytes\":26880,\"statement_bytes\":0,\"cache_hits\":1,\"cache_misses\":6,\"cache_writes\":0},{\"cache_bytes\":26880,\"statement_bytes\":0,\"cache_hits\":1,\"cache_misses\":6,\"cache_writes\":0},{\"cache_bytes\":26880,\"statement_bytes\":0,\"cache_hits\":1,\"cache_misses\":6,\"cache_writes\":0},{\"cache_bytes\":26880,\"statement_bytes\":0,\"cache_hits\":1,\"cache_misses\":6,\"cache_writes\":0},{\"cache_bytes\":39936,\"statement_bytes\":36592,\"cache_hits\":21,\"cache_misses\":54,\"cache_writes\":0}]},\"sqlite_busy_errors\":0,\"blocking_threads\":0,\"blocking_threads_peak\":1,\"blocking_active\":0,\"blocking_queued\":0,\"scrypt_active\":0,\"scrypt_peak\":1}"},"target":"snowtime_axum"}
{"timestamp":"2026-10-08T10:35:47.031154Z","level":"INFO","fields":{"message":"bench counters","renderers":1,"render_queued":0,"render_busy_answers":0,"database":"{\"read_admission\":{\"active\":0,\"queued\":0,\"limit\":10},\"write_admission\":{\"active\":0,\"queued\":0,\"limit\":1},\"hash_admission\":{\"active\":0,\"queued\":0,\"limit\":10},\"report_admission\":{\"active\":0,\"queued\":0,\"limit\":2},\"writer\":{\"cache_bytes\":96512,\"statement_bytes\":542048,\"cache_hits\":1936,\"cache_misses\":49,\"cache_writes\":81},\"readers\":{\"idle\":10,\"connections\":[{\"cache_bytes\":5120,\"statement_bytes\":0,\"cache_hits\":1,\"cache_misses\":6,\"cache_writes\":0},{\"cache_bytes\":5120,\"statement_bytes\":0,\"cache_hits\":1,\"cache_misses\":6,\"cache_writes\":0},{\"cache_bytes\":5120,\"statement_bytes\":0,\"cache_hits\":1,\"cache_misses\":6,\"cache_writes\":0},{\"cache_bytes\":5120,\"statement_bytes\":0,\"cache_hits\":1,\"cache_misses\":6,\"cache_writes\":0},{\"cache_bytes\":5120,\"statement_bytes\":0,\"cache_hits\":1,\"cache_misses\":6,\"cache_writes\":0},{\"cache_bytes\":5120,\"statement_bytes\":0,\"cache_hits\":1,\"cache_misses\":6,\"cache_writes\":0},{\"cache_bytes\":5120,\"statement_bytes\":0,\"cache_hits\":1,\"cache_misses\":6,\"cache_writes\":0},{\"cache_bytes\":5120,\"statement_bytes\":0,\"cache_hits\":1,\"cache_misses\":6,\"cache_writes\":0},{\"cache_bytes\":5120,\"statement_bytes\":0,\"cache_hits\":1,\"cache_misses\":6,\"cache_writes\":0},{\"cache_bytes\":13824,\"statement_bytes\":351744,\"cache_hits\":25501,\"cache_misses\":2315,\"cache_writes\":0}]},\"sqlite_busy_errors\":0,\"blocking_threads\":0,\"blocking_threads_peak\":1,\"blocking_active\":0,\"blocking_queued\":0,\"scrypt_active\":0,\"scrypt_peak\":1}"},"target":"snowtime_axum"}
{"timestamp":"2026-10-08T10:35:48.033852Z","level":"INFO","fields":{"message":"bench counters","renderers":1,"render_queued":0,"render_busy_answers":0,"database":"{\"read_admission\":{\"active\":0,\"queued\":0,\"limit\":10},\"write_admission\":{\"active\":0,\"queued\":0,\"limit\":1},\"hash_admission\":{\"active\":0,\"queued\":0,\"limit\":10},\"report_admission\":{\"active\":0,\"queued\":0,\"limit\":2},\"writer\":{\"cache_bytes\":96512,\"statement_bytes\":542048,\"cache_hits\":1936,\"cache_misses\":49,\"cache_writes\":81},\"readers\":{\"idle\":10,\"connections\":[{\"cache_bytes\":5120,\"statement_bytes\":0,\"cache_hits\":1,\"cache_misses\":6,\"cache_writes\":0},{\"cache_bytes\":5120,\"statement_bytes\":0,\"cache_hits\":1,\"cache_misses\":6,\"cache_writes\":0},{\"cache_bytes\":5120,\"statement_bytes\":0,\"cache_hits\":1,\"cache_misses\":6,\"cache_writes\":0},{\"cache_bytes\":5120,\"statement_bytes\":0,\"cache_hits\":1,\"cache_misses\":6,\"cache_writes\":0},{\"cache_bytes\":5120,\"statement_bytes\":0,\"cache_hits\":1,\"cache_misses\":6,\"cache_writes\":0},{\"cache_bytes\":5120,\"statement_bytes\":0,\"cache_hits\":1,\"cache_misses\":6,\"cache_writes\":0},{\"cache_bytes\":5120,\"statement_bytes\":0,\"cache_hits\":1,\"cache_misses\":6,\"cache_writes\":0},{\"cache_bytes\":5120,\"statement_bytes\":0,\"cache_hits\":1,\"cache_misses\":6,\"cache_writes\":0},{\"cache_bytes\":5120,\"statement_bytes\":0,\"cache_hits\":1,\"cache_misses\":6,\"cache_writes\":0},{\"cache_bytes\":13824,\"statement_bytes\":351744,\"cache_hits\":25501,\"cache_misses\":2315,\"cache_writes\":0}]},\"sqlite_busy_errors\":0,\"blocking_threads\":0,\"blocking_threads_peak\":1,\"blocking_active\":0,\"blocking_queued\":0,\"scrypt_active\":0,\"scrypt_peak\":1}"},"target":"snowtime_axum"}
{"timestamp":"2026-10-08T10:35:48.674113Z","level":"INFO","fields":{"message":"sized the renderers","limit_mib":32768,"source":"physical memory","cpus":10,"renderers":10,"heap_mib":128,"semi_space_mib":32},"target":"snowtime_axum"}
{"timestamp":"2026-10-08T10:35:48.674767Z","level":"INFO","fields":{"message":"listening","address":"127.0.0.1:64927","tls":false},"target":"snowtime_axum"}
{"timestamp":"2026-10-08T10:35:49.035275Z","level":"INFO","fields":{"message":"bench counters","renderers":1,"render_queued":0,"render_busy_answers":0,"database":"{\"read_admission\":{\"active\":0,\"queued\":0,\"limit\":10},\"write_admission\":{\"active\":0,\"queued\":0,\"limit\":1},\"hash_admission\":{\"active\":0,\"queued\":0,\"limit\":10},\"report_admission\":{\"active\":0,\"queued\":0,\"limit\":2},\"writer\":{\"cache_bytes\":96512,\"statement_bytes\":542048,\"cache_hits\":1936,\"cache_misses\":49,\"cache_writes\":81},\"readers\":{\"idle\":10,\"connections\":[{\"cache_bytes\":5120,\"statement_bytes\":0,\"cache_hits\":1,\"cache_misses\":6,\"cache_writes\":0},{\"cache_bytes\":5120,\"statement_bytes\":0,\"cache_hits\":1,\"cache_misses\":6,\"cache_writes\":0},{\"cache_bytes\":5120,\"statement_bytes\":0,\"cache_hits\":1,\"cache_misses\":6,\"cache_writes\":0},{\"cache_bytes\":5120,\"statement_bytes\":0,\"cache_hits\":1,\"cache_misses\":6,\"cache_writes\":0},{\"cache_bytes\":5120,\"statement_bytes\":0,\"cache_hits\":1,\"cache_misses\":6,\"cache_writes\":0},{\"cache_bytes\":5120,\"statement_bytes\":0,\"cache_hits\":1,\"cache_misses\":6,\"cache_writes\":0},{\"cache_bytes\":5120,\"statement_bytes\":0,\"cache_hits\":1,\"cache_misses\":6,\"cache_writes\":0},{\"cache_bytes\":5120,\"statement_bytes\":0,\"cache_hits\":1,\"cache_misses\":6,\"cache_writes\":0},{\"cache_bytes\":5120,\"statement_bytes\":0,\"cache_hits\":1,\"cache_misses\":6,\"cache_writes\":0},{\"cache_bytes\":13824,\"statement_bytes\":351744,\"cache_hits\":25501,\"cache_misses\":2315,\"cache_writes\":0}]},\"sqlite_busy_errors\":0,\"blocking_threads\":0,\"blocking_threads_peak\":1,\"blocking_active\":0,\"blocking_queued\":0,\"scrypt_active\":0,\"scrypt_peak\":1}"},"target":"snowtime_axum"}
{"timestamp":"2026-10-08T10:35:49.676248Z","level":"INFO","fields":{"message":"bench counters","renderers":1,"render_queued":0,"render_busy_answers":0,"database":"{\"read_admission\":{\"active\":0,\"queued\":0,\"limit\":10},\"write_admission\":{\"active\":0,\"queued\":0,\"limit\":1},\"hash_admission\":{\"active\":1,\"queued\":0,\"limit\":10},\"report_admission\":{\"active\":0,\"queued\":0,\"limit\":2},\"writer\":{\"cache_bytes\":87808,\"statement_bytes\":10896,\"cache_hits\":541,\"cache_misses\":24,\"cache_writes\":21},\"readers\":{\"idle\":10,\"connections\":[{\"cache_bytes\":26880,\"statement_bytes\":0,\"cache_hits\":1,\"cache_misses\":6,\"cache_writes\":0},{\"cache_bytes\":26880,\"statement_bytes\":0,\"cache_hits\":1,\"cache_misses\":6,\"cache_writes\":0},{\"cache_bytes\":26880,\"statement_bytes\":0,\"cache_hits\":1,\"cache_misses\":6,\"cache_writes\":0},{\"cache_bytes\":26880,\"statement_bytes\":0,\"cache_hits\":1,\"cache_misses\":6,\"cache_writes\":0},{\"cache_bytes\":26880,\"statement_bytes\":0,\"cache_hits\":1,\"cache_misses\":6,\"cache_writes\":0},{\"cache_bytes\":26880,\"statement_bytes\":0,\"cache_hits\":1,\"cache_misses\":6,\"cache_writes\":0},{\"cache_bytes\":26880,\"statement_bytes\":0,\"cache_hits\":1,\"cache_misses\":6,\"cache_writes\":0},{\"cache_bytes\":26880,\"statement_bytes\":0,\"cache_hits\":1,\"cache_misses\":6,\"cache_writes\":0},{\"cache_bytes\":26880,\"statement_bytes\":0,\"cache_hits\":1,\"cache_misses\":6,\"cache_writes\":0},{\"cache_bytes\":57344,\"statement_bytes\":48064,\"cache_hits\":13,\"cache_misses\":42,\"cache_writes\":0}]},\"sqlite_busy_errors\":0,\"blocking_threads\":1,\"blocking_threads_peak\":1,\"blocking_active\":0,\"blocking_queued\":0,\"scrypt_active\":1,\"scrypt_peak\":1}"},"target":"snowtime_axum"}
same bytes                 auth writes signed out update-user null (400, 92 bytes)
same bytes                 auth writes signed out update-user [] (400, 93 bytes)
same bytes                 auth writes signed out update-user {} (401, 48 bytes)
same bytes                 auth writes signed out update-user {"name":"Name"} (401, 48 bytes)
same bytes                 auth writes signed out organization/set-active null (400, 92 bytes)
same bytes                 auth writes signed out organization/set-active [] (400, 93 bytes)
same bytes                 auth writes signed out organization/set-active {} (401, 48 bytes)
same bytes                 auth writes signed out organization/set-active {} (401, 48 bytes)
same bytes                 auth writes signed out organization/check-slug null (400, 92 bytes)
same bytes                 auth writes signed out organization/check-slug [] (400, 93 bytes)
same bytes                 auth writes signed out organization/check-slug {} (400, 102 bytes)
same bytes                 auth writes signed out organization/check-slug {"slug":"free"} (401, 48 bytes)
same bytes                 auth writes signed out organization/create null (400, 92 bytes)
same bytes                 auth writes signed out organization/create [] (400, 93 bytes)
same bytes                 auth writes signed out organization/create {} (400, 166 bytes)
same bytes                 auth writes signed out organization/create {"name":"New","slug":"new"} (401, 0 bytes)
same bytes                 auth writes signed out organization/update null (400, 92 bytes)
same bytes                 auth writes signed out organization/update [] (400, 93 bytes)
same bytes                 auth writes signed out organization/update {} (400, 102 bytes)
same bytes                 auth writes signed out organization/update {"data":{"name":"New"}} (401, 28 bytes)
same bytes                 auth writes signed out organization/update-member-role null (400, 92 bytes)
same bytes                 auth writes signed out organization/update-member-role [] (400, 93 bytes)
same bytes                 auth writes signed out organization/update-member-role {} (400, 133 bytes)
same bytes                 auth writes signed out organization/update-member-role {"role":"member","memberId":"missing"} (401, 48 bytes)
same bytes                 auth writes signed out organization/remove-member null (400, 92 bytes)
same bytes                 auth writes signed out organization/remove-member [] (400, 93 bytes)
same bytes                 auth writes signed out organization/remove-member {} (400, 113 bytes)
same bytes                 auth writes signed out organization/remove-member {"memberIdOrEmail":"missing"} (401, 48 bytes)
same bytes                 auth writes signed out organization/cancel-invitation null (400, 92 bytes)
same bytes                 auth writes signed out organization/cancel-invitation [] (400, 93 bytes)
same bytes                 auth writes signed out organization/cancel-invitation {} (400, 110 bytes)
same bytes                 auth writes signed out organization/cancel-invitation {"invitationId":"missing"} (401, 48 bytes)
same bytes                 auth writes signed out organization/leave null (400, 92 bytes)
same bytes                 auth writes signed out organization/leave [] (400, 93 bytes)
same bytes                 auth writes signed out organization/leave {} (400, 112 bytes)
same bytes                 auth writes signed out organization/leave {"organizationId":"missing"} (401, 48 bytes)
same bytes                 auth writes ordered organization/create (400, 373 bytes)
same bytes                 auth writes ordered organization/update (400, 377 bytes)
same bytes                 auth writes ordered organization/set-active (400, 180 bytes)
same bytes                 auth writes ordered organization/update-member-role (400, 200 bytes)
same bytes                 auth writes ordered organization/remove-member (400, 182 bytes)
same bytes                 auth writes ordered organization/cancel-invitation (400, 105 bytes)
same bytes                 auth writes ordered organization/leave (400, 110 bytes)
same bytes                 auth writes malformed JSON (400, 63 bytes)
same bytes                 auth writes wrong origin (403, 52 bytes)
same bytes                 auth writes profile invalid "" (400, 50 bytes)
same bytes                 auth writes profile invalid "  " (400, 50 bytes)
same bytes                 auth writes profile invalid "﻿" (400, 50 bytes)
same bytes                 auth writes profile invalid "" (200, 15 bytes)
same bytes                 auth writes profile invalid null (400, 50 bytes)
same bytes                 auth writes profile invalid 3 (400, 50 bytes)
same bytes                 auth writes profile invalid "aaaaaaaaaaaaaaaaaaaaaaaaaaaaaaaaaaaaaaaaaaaaaaaaaaaaaaaaaaaaaaaaaaaaaaaaaaaaaaaaaaaaaaaaaaaaaaaaaaaaa" (400, 58 bytes)
same bytes                 auth writes profile invalid "😀😀😀😀😀😀😀😀😀😀😀😀😀😀😀😀😀😀😀😀😀😀😀😀😀😀😀😀😀😀😀😀😀😀😀😀😀😀😀😀😀😀😀😀😀😀😀😀😀😀😀" (400, 58 bytes)
same bytes                 auth writes profile no fields (400, 33 bytes)
same bytes                 auth writes profile email forbidden (400, 72 bytes)
same bytes                 auth writes profile preserves whitespace (200, 15 bytes)
same bytes                 auth writes profile session (200, 1184 bytes)
same bytes                 auth writes profile clear image (200, 15 bytes)
same bytes                 auth writes slug taken (400, 86 bytes)
same bytes                 auth writes slug free including reserved (200, 15 bytes)
same bytes                 auth writes create invalid 0 free (400, 101 bytes)
same bytes                 auth writes create invalid 2 free (400, 50 bytes)
same bytes                 auth writes create invalid 101 free (400, 58 bytes)
same bytes                 auth writes create invalid 3 UPPER (400, 78 bytes)
same bytes                 auth writes create invalid 3 api (400, 65 bytes)
same bytes                 auth writes create invalid 3 aaaaaaaaaaaaaaaaaaaaaaaaaaaaaaaaaaaaaaaaaaaaaaaaa (400, 64 bytes)
same bytes                 auth writes create duplicate before name hook (400, 78 bytes)
same bytes                 auth writes create organization (200, 305 bytes)
same bytes                 auth writes set active by slug (200, 187 bytes)
same bytes                 auth writes set active by default (200, 187 bytes)
same bytes                 auth writes set active null wins over slug (200, 4 bytes)
same bytes                 auth writes set active null again (200, 4 bytes)
same bytes                 auth writes set active no default (200, 4 bytes)
same bytes                 auth writes update no active (400, 68 bytes)
same bytes                 auth writes set active missing slug (400, 68 bytes)
same bytes                 auth writes set active missing id (403, 104 bytes)
same bytes                 auth writes update nonmember (400, 104 bytes)
same bytes                 auth writes set active id (200, 187 bytes)
same bytes                 auth writes update slug collision precedes hook (400, 86 bytes)
same bytes                 auth writes update slug read only (400, 67 bytes)
same bytes                 auth writes update invalid name (400, 50 bytes)
same bytes                 auth writes update organization (200, 136 bytes)
same bytes                 auth writes update organization no fields (500, 0 bytes)
same bytes                 auth writes role last owner (400, 124 bytes)
same bytes                 auth writes remove last owner (400, 126 bytes)
same bytes                 auth writes role invalid (400, 61 bytes)
same bytes                 auth writes role empty array (400, 0 bytes)
same bytes                 auth writes role normalize preserves duplicates (200, 137 bytes)
same bytes                 auth writes role missing member (400, 56 bytes)
same bytes                 auth writes remove missing member (400, 56 bytes)
same bytes                 auth writes cancel missing invitation (400, 64 bytes)
same bytes                 auth writes set active seeded (200, 148 bytes)
same bytes                 auth writes seeded members (200, 5544 bytes)
same bytes                 auth writes role cross organization (403, 106 bytes)
same bytes                 auth writes remove cross organization (400, 126 bytes)
same bytes                 auth writes member role forbidden (403, 106 bytes)
same bytes                 auth writes member remove self forbidden (401, 106 bytes)
same bytes                 auth writes role promote admin (200, 203 bytes)
same bytes                 auth writes admin cannot demote owner (403, 106 bytes)
same bytes                 auth writes admin cannot promote owner (403, 106 bytes)
same bytes                 auth writes admin renames organization (200, 132 bytes)
same bytes                 auth writes role restore member (200, 204 bytes)
same bytes                 auth writes member update forbidden (403, 118 bytes)
same bytes                 auth writes member remove forbidden (400, 126 bytes)
same bytes                 auth writes invite for cancellation (200, 72 bytes)
same bytes                 auth writes member cancel forbidden (403, 114 bytes)
same bytes                 auth writes cancel invitation (200, 240 bytes)
same bytes                 auth writes cancel invitation again (200, 240 bytes)
same bytes                 auth writes canceled preview (200, 30 bytes)
same bytes                 auth writes member starts timer (200, 279 bytes)
same bytes                 auth writes invite another organization (200, 71 bytes)
same bytes                 auth writes accept another organization (200, 13 bytes)
same bytes                 auth writes new organization members (200, 383 bytes)
same bytes                 auth writes remove member by ID in another organization (200, 137 bytes)
same bytes                 auth writes invite for leaving (200, 71 bytes)
same bytes                 auth writes accept before leaving (200, 13 bytes)
same bytes                 auth writes new organization members (200, 383 bytes)
same bytes                 auth writes leave organization (200, 244 bytes)
same bytes                 auth writes timer preserved after removing other organization (200, 267 bytes)
same bytes                 auth writes remove member by email (200, 333 bytes)
same bytes                 auth writes removed entries retained and stopped (200, 1228 bytes)
same bytes                 auth writes removed timer stopped (200, 4 bytes)
same bytes                 auth writes teams after removal (200, 1538 bytes)
same bytes                 auth writes members after removal (200, 5246 bytes)
same bytes                 auth writes remove member again (400, 56 bytes)
same bytes                 auth writes create cap 1 (200, 223 bytes)
same bytes                 auth writes create cap 2 (200, 224 bytes)
same bytes                 auth writes create cap 3 (200, 226 bytes)
same bytes                 auth writes create cap 4 (200, 226 bytes)
same bytes                 auth writes create cap 5 (200, 226 bytes)
same bytes                 auth writes create cap 6 (200, 226 bytes)
same bytes                 auth writes create cap 7 (200, 226 bytes)
same bytes                 auth writes create cap 8 (200, 226 bytes)
same bytes                 auth writes create cap 9 (403, 128 bytes)
same bytes                 auth writes create cap precedes duplicate and hook (403, 128 bytes)
same bytes                 auth writes owner cannot leave alone (400, 126 bytes)
same bytes                 auth writes leave missing membership (400, 56 bytes)
{"timestamp":"2026-10-08T10:35:50.037823Z","level":"INFO","fields":{"message":"bench counters","renderers":1,"render_queued":0,"render_busy_answers":0,"database":"{\"read_admission\":{\"active\":0,\"queued\":0,\"limit\":10},\"write_admission\":{\"active\":0,\"queued\":0,\"limit\":1},\"hash_admission\":{\"active\":0,\"queued\":0,\"limit\":10},\"report_admission\":{\"active\":0,\"queued\":0,\"limit\":2},\"writer\":{\"cache_bytes\":96512,\"statement_bytes\":542048,\"cache_hits\":1936,\"cache_misses\":49,\"cache_writes\":81},\"readers\":{\"idle\":10,\"connections\":[{\"cache_bytes\":5120,\"statement_bytes\":0,\"cache_hits\":1,\"cache_misses\":6,\"cache_writes\":0},{\"cache_bytes\":5120,\"statement_bytes\":0,\"cache_hits\":1,\"cache_misses\":6,\"cache_writes\":0},{\"cache_bytes\":5120,\"statement_bytes\":0,\"cache_hits\":1,\"cache_misses\":6,\"cache_writes\":0},{\"cache_bytes\":5120,\"statement_bytes\":0,\"cache_hits\":1,\"cache_misses\":6,\"cache_writes\":0},{\"cache_bytes\":5120,\"statement_bytes\":0,\"cache_hits\":1,\"cache_misses\":6,\"cache_writes\":0},{\"cache_bytes\":5120,\"statement_bytes\":0,\"cache_hits\":1,\"cache_misses\":6,\"cache_writes\":0},{\"cache_bytes\":5120,\"statement_bytes\":0,\"cache_hits\":1,\"cache_misses\":6,\"cache_writes\":0},{\"cache_bytes\":5120,\"statement_bytes\":0,\"cache_hits\":1,\"cache_misses\":6,\"cache_writes\":0},{\"cache_bytes\":5120,\"statement_bytes\":0,\"cache_hits\":1,\"cache_misses\":6,\"cache_writes\":0},{\"cache_bytes\":13824,\"statement_bytes\":351744,\"cache_hits\":25501,\"cache_misses\":2315,\"cache_writes\":0}]},\"sqlite_busy_errors\":0,\"blocking_threads\":0,\"blocking_threads_peak\":1,\"blocking_active\":0,\"blocking_queued\":0,\"scrypt_active\":0,\"scrypt_peak\":1}"},"target":"snowtime_axum"}
{"timestamp":"2026-10-08T10:35:50.088673Z","level":"INFO","fields":{"message":"sized the renderers","limit_mib":32768,"source":"physical memory","cpus":10,"renderers":10,"heap_mib":128,"semi_space_mib":32},"target":"snowtime_axum"}
{"timestamp":"2026-10-08T10:35:50.089279Z","level":"INFO","fields":{"message":"listening","address":"127.0.0.1:64933","tls":false},"target":"snowtime_axum"}
same bytes                 auth write fixture stale /update-user (200, 15 bytes)
same bytes                 auth write fixture stale /organization/set-active (200, 148 bytes)
same bytes                 auth write fixture stale /organization/check-slug (200, 15 bytes)
same bytes                 auth write fixture stale /organization/create (400, 50 bytes)
same bytes                 auth write fixture stale /organization/update (200, 132 bytes)
same bytes                 auth write fixture stale /organization/update-member-role (200, 204 bytes)
same bytes                 auth write fixture stale /organization/remove-member (400, 56 bytes)
same bytes                 auth write fixture stale /organization/cancel-invitation (400, 64 bytes)
{"timestamp":"2026-10-08T10:35:50.678354Z","level":"INFO","fields":{"message":"bench counters","renderers":1,"render_queued":0,"render_busy_answers":0,"database":"{\"read_admission\":{\"active\":0,\"queued\":0,\"limit\":10},\"write_admission\":{\"active\":0,\"queued\":0,\"limit\":1},\"hash_admission\":{\"active\":0,\"queued\":0,\"limit\":10},\"report_admission\":{\"active\":0,\"queued\":0,\"limit\":2},\"writer\":{\"cache_bytes\":427264,\"statement_bytes\":106976,\"cache_hits\":1241,\"cache_misses\":100,\"cache_writes\":137},\"readers\":{\"idle\":10,\"connections\":[{\"cache_bytes\":26880,\"statement_bytes\":0,\"cache_hits\":1,\"cache_misses\":6,\"cache_writes\":0},{\"cache_bytes\":26880,\"statement_bytes\":0,\"cache_hits\":1,\"cache_misses\":6,\"cache_writes\":0},{\"cache_bytes\":26880,\"statement_bytes\":0,\"cache_hits\":1,\"cache_misses\":6,\"cache_writes\":0},{\"cache_bytes\":26880,\"statement_bytes\":0,\"cache_hits\":1,\"cache_misses\":6,\"cache_writes\":0},{\"cache_bytes\":26880,\"statement_bytes\":0,\"cache_hits\":1,\"cache_misses\":6,\"cache_writes\":0},{\"cache_bytes\":26880,\"statement_bytes\":0,\"cache_hits\":1,\"cache_misses\":6,\"cache_writes\":0},{\"cache_bytes\":26880,\"statement_bytes\":0,\"cache_hits\":1,\"cache_misses\":6,\"cache_writes\":0},{\"cache_bytes\":26880,\"statement_bytes\":0,\"cache_hits\":1,\"cache_misses\":6,\"cache_writes\":0},{\"cache_bytes\":26880,\"statement_bytes\":0,\"cache_hits\":1,\"cache_misses\":6,\"cache_writes\":0},{\"cache_bytes\":109568,\"statement_bytes\":75488,\"cache_hits\":68,\"cache_misses\":100,\"cache_writes\":0}]},\"sqlite_busy_errors\":0,\"blocking_threads\":1,\"blocking_threads_peak\":1,\"blocking_active\":0,\"blocking_queued\":0,\"scrypt_active\":0,\"scrypt_peak\":1}"},"target":"snowtime_axum"}
{"timestamp":"2026-10-08T10:35:51.040890Z","level":"INFO","fields":{"message":"bench counters","renderers":1,"render_queued":0,"render_busy_answers":0,"database":"{\"read_admission\":{\"active\":0,\"queued\":0,\"limit\":10},\"write_admission\":{\"active\":0,\"queued\":0,\"limit\":1},\"hash_admission\":{\"active\":0,\"queued\":0,\"limit\":10},\"report_admission\":{\"active\":0,\"queued\":0,\"limit\":2},\"writer\":{\"cache_bytes\":96512,\"statement_bytes\":542048,\"cache_hits\":1936,\"cache_misses\":49,\"cache_writes\":81},\"readers\":{\"idle\":10,\"connections\":[{\"cache_bytes\":5120,\"statement_bytes\":0,\"cache_hits\":1,\"cache_misses\":6,\"cache_writes\":0},{\"cache_bytes\":5120,\"statement_bytes\":0,\"cache_hits\":1,\"cache_misses\":6,\"cache_writes\":0},{\"cache_bytes\":5120,\"statement_bytes\":0,\"cache_hits\":1,\"cache_misses\":6,\"cache_writes\":0},{\"cache_bytes\":5120,\"statement_bytes\":0,\"cache_hits\":1,\"cache_misses\":6,\"cache_writes\":0},{\"cache_bytes\":5120,\"statement_bytes\":0,\"cache_hits\":1,\"cache_misses\":6,\"cache_writes\":0},{\"cache_bytes\":5120,\"statement_bytes\":0,\"cache_hits\":1,\"cache_misses\":6,\"cache_writes\":0},{\"cache_bytes\":5120,\"statement_bytes\":0,\"cache_hits\":1,\"cache_misses\":6,\"cache_writes\":0},{\"cache_bytes\":5120,\"statement_bytes\":0,\"cache_hits\":1,\"cache_misses\":6,\"cache_writes\":0},{\"cache_bytes\":5120,\"statement_bytes\":0,\"cache_hits\":1,\"cache_misses\":6,\"cache_writes\":0},{\"cache_bytes\":13824,\"statement_bytes\":351744,\"cache_hits\":25501,\"cache_misses\":2315,\"cache_writes\":0}]},\"sqlite_busy_errors\":0,\"blocking_threads\":0,\"blocking_threads_peak\":1,\"blocking_active\":0,\"blocking_queued\":0,\"scrypt_active\":0,\"scrypt_peak\":1}"},"target":"snowtime_axum"}
{"timestamp":"2026-10-08T10:35:51.680905Z","level":"INFO","fields":{"message":"bench counters","renderers":1,"render_queued":0,"render_busy_answers":0,"database":"{\"read_admission\":{\"active\":0,\"queued\":0,\"limit\":10},\"write_admission\":{\"active\":0,\"queued\":0,\"limit\":1},\"hash_admission\":{\"active\":0,\"queued\":0,\"limit\":10},\"report_admission\":{\"active\":0,\"queued\":0,\"limit\":2},\"writer\":{\"cache_bytes\":427264,\"statement_bytes\":106976,\"cache_hits\":1241,\"cache_misses\":100,\"cache_writes\":137},\"readers\":{\"idle\":10,\"connections\":[{\"cache_bytes\":26880,\"statement_bytes\":0,\"cache_hits\":1,\"cache_misses\":6,\"cache_writes\":0},{\"cache_bytes\":26880,\"statement_bytes\":0,\"cache_hits\":1,\"cache_misses\":6,\"cache_writes\":0},{\"cache_bytes\":26880,\"statement_bytes\":0,\"cache_hits\":1,\"cache_misses\":6,\"cache_writes\":0},{\"cache_bytes\":26880,\"statement_bytes\":0,\"cache_hits\":1,\"cache_misses\":6,\"cache_writes\":0},{\"cache_bytes\":26880,\"statement_bytes\":0,\"cache_hits\":1,\"cache_misses\":6,\"cache_writes\":0},{\"cache_bytes\":26880,\"statement_bytes\":0,\"cache_hits\":1,\"cache_misses\":6,\"cache_writes\":0},{\"cache_bytes\":26880,\"statement_bytes\":0,\"cache_hits\":1,\"cache_misses\":6,\"cache_writes\":0},{\"cache_bytes\":26880,\"statement_bytes\":0,\"cache_hits\":1,\"cache_misses\":6,\"cache_writes\":0},{\"cache_bytes\":26880,\"statement_bytes\":0,\"cache_hits\":1,\"cache_misses\":6,\"cache_writes\":0},{\"cache_bytes\":109568,\"statement_bytes\":75488,\"cache_hits\":68,\"cache_misses\":100,\"cache_writes\":0}]},\"sqlite_busy_errors\":0,\"blocking_threads\":1,\"blocking_threads_peak\":1,\"blocking_active\":0,\"blocking_queued\":0,\"scrypt_active\":0,\"scrypt_peak\":1}"},"target":"snowtime_axum"}
{"timestamp":"2026-10-08T10:35:52.043578Z","level":"INFO","fields":{"message":"bench counters","renderers":1,"render_queued":0,"render_busy_answers":0,"database":"{\"read_admission\":{\"active\":0,\"queued\":0,\"limit\":10},\"write_admission\":{\"active\":0,\"queued\":0,\"limit\":1},\"hash_admission\":{\"active\":0,\"queued\":0,\"limit\":10},\"report_admission\":{\"active\":0,\"queued\":0,\"limit\":2},\"writer\":{\"cache_bytes\":96512,\"statement_bytes\":542048,\"cache_hits\":1936,\"cache_misses\":49,\"cache_writes\":81},\"readers\":{\"idle\":10,\"connections\":[{\"cache_bytes\":5120,\"statement_bytes\":0,\"cache_hits\":1,\"cache_misses\":6,\"cache_writes\":0},{\"cache_bytes\":5120,\"statement_bytes\":0,\"cache_hits\":1,\"cache_misses\":6,\"cache_writes\":0},{\"cache_bytes\":5120,\"statement_bytes\":0,\"cache_hits\":1,\"cache_misses\":6,\"cache_writes\":0},{\"cache_bytes\":5120,\"statement_bytes\":0,\"cache_hits\":1,\"cache_misses\":6,\"cache_writes\":0},{\"cache_bytes\":5120,\"statement_bytes\":0,\"cache_hits\":1,\"cache_misses\":6,\"cache_writes\":0},{\"cache_bytes\":5120,\"statement_bytes\":0,\"cache_hits\":1,\"cache_misses\":6,\"cache_writes\":0},{\"cache_bytes\":5120,\"statement_bytes\":0,\"cache_hits\":1,\"cache_misses\":6,\"cache_writes\":0},{\"cache_bytes\":5120,\"statement_bytes\":0,\"cache_hits\":1,\"cache_misses\":6,\"cache_writes\":0},{\"cache_bytes\":5120,\"statement_bytes\":0,\"cache_hits\":1,\"cache_misses\":6,\"cache_writes\":0},{\"cache_bytes\":13824,\"statement_bytes\":351744,\"cache_hits\":25501,\"cache_misses\":2315,\"cache_writes\":0}]},\"sqlite_busy_errors\":0,\"blocking_threads\":0,\"blocking_threads_peak\":1,\"blocking_active\":0,\"blocking_queued\":0,\"scrypt_active\":0,\"scrypt_peak\":1}"},"target":"snowtime_axum"}
{"timestamp":"2026-10-08T10:35:52.683736Z","level":"INFO","fields":{"message":"bench counters","renderers":1,"render_queued":0,"render_busy_answers":0,"database":"{\"read_admission\":{\"active\":0,\"queued\":0,\"limit\":10},\"write_admission\":{\"active\":0,\"queued\":0,\"limit\":1},\"hash_admission\":{\"active\":0,\"queued\":0,\"limit\":10},\"report_admission\":{\"active\":0,\"queued\":0,\"limit\":2},\"writer\":{\"cache_bytes\":427264,\"statement_bytes\":106976,\"cache_hits\":1241,\"cache_misses\":100,\"cache_writes\":137},\"readers\":{\"idle\":10,\"connections\":[{\"cache_bytes\":26880,\"statement_bytes\":0,\"cache_hits\":1,\"cache_misses\":6,\"cache_writes\":0},{\"cache_bytes\":26880,\"statement_bytes\":0,\"cache_hits\":1,\"cache_misses\":6,\"cache_writes\":0},{\"cache_bytes\":26880,\"statement_bytes\":0,\"cache_hits\":1,\"cache_misses\":6,\"cache_writes\":0},{\"cache_bytes\":26880,\"statement_bytes\":0,\"cache_hits\":1,\"cache_misses\":6,\"cache_writes\":0},{\"cache_bytes\":26880,\"statement_bytes\":0,\"cache_hits\":1,\"cache_misses\":6,\"cache_writes\":0},{\"cache_bytes\":26880,\"statement_bytes\":0,\"cache_hits\":1,\"cache_misses\":6,\"cache_writes\":0},{\"cache_bytes\":26880,\"statement_bytes\":0,\"cache_hits\":1,\"cache_misses\":6,\"cache_writes\":0},{\"cache_bytes\":26880,\"statement_bytes\":0,\"cache_hits\":1,\"cache_misses\":6,\"cache_writes\":0},{\"cache_bytes\":26880,\"statement_bytes\":0,\"cache_hits\":1,\"cache_misses\":6,\"cache_writes\":0},{\"cache_bytes\":109568,\"statement_bytes\":75488,\"cache_hits\":68,\"cache_misses\":100,\"cache_writes\":0}]},\"sqlite_busy_errors\":0,\"blocking_threads\":1,\"blocking_threads_peak\":1,\"blocking_active\":0,\"blocking_queued\":0,\"scrypt_active\":0,\"scrypt_peak\":1}"},"target":"snowtime_axum"}
{"timestamp":"2026-10-08T10:35:53.046112Z","level":"INFO","fields":{"message":"bench counters","renderers":1,"render_queued":0,"render_busy_answers":0,"database":"{\"read_admission\":{\"active\":0,\"queued\":0,\"limit\":10},\"write_admission\":{\"active\":0,\"queued\":0,\"limit\":1},\"hash_admission\":{\"active\":0,\"queued\":0,\"limit\":10},\"report_admission\":{\"active\":0,\"queued\":0,\"limit\":2},\"writer\":{\"cache_bytes\":96512,\"statement_bytes\":542048,\"cache_hits\":1936,\"cache_misses\":49,\"cache_writes\":81},\"readers\":{\"idle\":10,\"connections\":[{\"cache_bytes\":5120,\"statement_bytes\":0,\"cache_hits\":1,\"cache_misses\":6,\"cache_writes\":0},{\"cache_bytes\":5120,\"statement_bytes\":0,\"cache_hits\":1,\"cache_misses\":6,\"cache_writes\":0},{\"cache_bytes\":5120,\"statement_bytes\":0,\"cache_hits\":1,\"cache_misses\":6,\"cache_writes\":0},{\"cache_bytes\":5120,\"statement_bytes\":0,\"cache_hits\":1,\"cache_misses\":6,\"cache_writes\":0},{\"cache_bytes\":5120,\"statement_bytes\":0,\"cache_hits\":1,\"cache_misses\":6,\"cache_writes\":0},{\"cache_bytes\":5120,\"statement_bytes\":0,\"cache_hits\":1,\"cache_misses\":6,\"cache_writes\":0},{\"cache_bytes\":5120,\"statement_bytes\":0,\"cache_hits\":1,\"cache_misses\":6,\"cache_writes\":0},{\"cache_bytes\":5120,\"statement_bytes\":0,\"cache_hits\":1,\"cache_misses\":6,\"cache_writes\":0},{\"cache_bytes\":5120,\"statement_bytes\":0,\"cache_hits\":1,\"cache_misses\":6,\"cache_writes\":0},{\"cache_bytes\":13824,\"statement_bytes\":351744,\"cache_hits\":25501,\"cache_misses\":2315,\"cache_writes\":0}]},\"sqlite_busy_errors\":0,\"blocking_threads\":0,\"blocking_threads_peak\":1,\"blocking_active\":0,\"blocking_queued\":0,\"scrypt_active\":0,\"scrypt_peak\":1}"},"target":"snowtime_axum"}
{"timestamp":"2026-10-08T10:35:53.686169Z","level":"INFO","fields":{"message":"bench counters","renderers":1,"render_queued":0,"render_busy_answers":0,"database":"{\"read_admission\":{\"active\":0,\"queued\":0,\"limit\":10},\"write_admission\":{\"active\":0,\"queued\":0,\"limit\":1},\"hash_admission\":{\"active\":0,\"queued\":0,\"limit\":10},\"report_admission\":{\"active\":0,\"queued\":0,\"limit\":2},\"writer\":{\"cache_bytes\":427264,\"statement_bytes\":106976,\"cache_hits\":1241,\"cache_misses\":100,\"cache_writes\":137},\"readers\":{\"idle\":10,\"connections\":[{\"cache_bytes\":26880,\"statement_bytes\":0,\"cache_hits\":1,\"cache_misses\":6,\"cache_writes\":0},{\"cache_bytes\":26880,\"statement_bytes\":0,\"cache_hits\":1,\"cache_misses\":6,\"cache_writes\":0},{\"cache_bytes\":26880,\"statement_bytes\":0,\"cache_hits\":1,\"cache_misses\":6,\"cache_writes\":0},{\"cache_bytes\":26880,\"statement_bytes\":0,\"cache_hits\":1,\"cache_misses\":6,\"cache_writes\":0},{\"cache_bytes\":26880,\"statement_bytes\":0,\"cache_hits\":1,\"cache_misses\":6,\"cache_writes\":0},{\"cache_bytes\":26880,\"statement_bytes\":0,\"cache_hits\":1,\"cache_misses\":6,\"cache_writes\":0},{\"cache_bytes\":26880,\"statement_bytes\":0,\"cache_hits\":1,\"cache_misses\":6,\"cache_writes\":0},{\"cache_bytes\":26880,\"statement_bytes\":0,\"cache_hits\":1,\"cache_misses\":6,\"cache_writes\":0},{\"cache_bytes\":26880,\"statement_bytes\":0,\"cache_hits\":1,\"cache_misses\":6,\"cache_writes\":0},{\"cache_bytes\":109568,\"statement_bytes\":75488,\"cache_hits\":68,\"cache_misses\":100,\"cache_writes\":0}]},\"sqlite_busy_errors\":0,\"blocking_threads\":1,\"blocking_threads_peak\":1,\"blocking_active\":0,\"blocking_queued\":0,\"scrypt_active\":0,\"scrypt_peak\":1}"},"target":"snowtime_axum"}
{"timestamp":"2026-10-08T10:35:54.048878Z","level":"INFO","fields":{"message":"bench counters","renderers":1,"render_queued":0,"render_busy_answers":0,"database":"{\"read_admission\":{\"active\":0,\"queued\":0,\"limit\":10},\"write_admission\":{\"active\":0,\"queued\":0,\"limit\":1},\"hash_admission\":{\"active\":0,\"queued\":0,\"limit\":10},\"report_admission\":{\"active\":0,\"queued\":0,\"limit\":2},\"writer\":{\"cache_bytes\":96512,\"statement_bytes\":542048,\"cache_hits\":1936,\"cache_misses\":49,\"cache_writes\":81},\"readers\":{\"idle\":10,\"connections\":[{\"cache_bytes\":5120,\"statement_bytes\":0,\"cache_hits\":1,\"cache_misses\":6,\"cache_writes\":0},{\"cache_bytes\":5120,\"statement_bytes\":0,\"cache_hits\":1,\"cache_misses\":6,\"cache_writes\":0},{\"cache_bytes\":5120,\"statement_bytes\":0,\"cache_hits\":1,\"cache_misses\":6,\"cache_writes\":0},{\"cache_bytes\":5120,\"statement_bytes\":0,\"cache_hits\":1,\"cache_misses\":6,\"cache_writes\":0},{\"cache_bytes\":5120,\"statement_bytes\":0,\"cache_hits\":1,\"cache_misses\":6,\"cache_writes\":0},{\"cache_bytes\":5120,\"statement_bytes\":0,\"cache_hits\":1,\"cache_misses\":6,\"cache_writes\":0},{\"cache_bytes\":5120,\"statement_bytes\":0,\"cache_hits\":1,\"cache_misses\":6,\"cache_writes\":0},{\"cache_bytes\":5120,\"statement_bytes\":0,\"cache_hits\":1,\"cache_misses\":6,\"cache_writes\":0},{\"cache_bytes\":5120,\"statement_bytes\":0,\"cache_hits\":1,\"cache_misses\":6,\"cache_writes\":0},{\"cache_bytes\":13824,\"statement_bytes\":351744,\"cache_hits\":25501,\"cache_misses\":2315,\"cache_writes\":0}]},\"sqlite_busy_errors\":0,\"blocking_threads\":0,\"blocking_threads_peak\":1,\"blocking_active\":0,\"blocking_queued\":0,\"scrypt_active\":0,\"scrypt_peak\":1}"},"target":"snowtime_axum"}
{"timestamp":"2026-10-08T10:35:54.688749Z","level":"INFO","fields":{"message":"bench counters","renderers":1,"render_queued":0,"render_busy_answers":0,"database":"{\"read_admission\":{\"active\":0,\"queued\":0,\"limit\":10},\"write_admission\":{\"active\":0,\"queued\":0,\"limit\":1},\"hash_admission\":{\"active\":0,\"queued\":0,\"limit\":10},\"report_admission\":{\"active\":0,\"queued\":0,\"limit\":2},\"writer\":{\"cache_bytes\":427264,\"statement_bytes\":106976,\"cache_hits\":1241,\"cache_misses\":100,\"cache_writes\":137},\"readers\":{\"idle\":10,\"connections\":[{\"cache_bytes\":26880,\"statement_bytes\":0,\"cache_hits\":1,\"cache_misses\":6,\"cache_writes\":0},{\"cache_bytes\":26880,\"statement_bytes\":0,\"cache_hits\":1,\"cache_misses\":6,\"cache_writes\":0},{\"cache_bytes\":26880,\"statement_bytes\":0,\"cache_hits\":1,\"cache_misses\":6,\"cache_writes\":0},{\"cache_bytes\":26880,\"statement_bytes\":0,\"cache_hits\":1,\"cache_misses\":6,\"cache_writes\":0},{\"cache_bytes\":26880,\"statement_bytes\":0,\"cache_hits\":1,\"cache_misses\":6,\"cache_writes\":0},{\"cache_bytes\":26880,\"statement_bytes\":0,\"cache_hits\":1,\"cache_misses\":6,\"cache_writes\":0},{\"cache_bytes\":26880,\"statement_bytes\":0,\"cache_hits\":1,\"cache_misses\":6,\"cache_writes\":0},{\"cache_bytes\":26880,\"statement_bytes\":0,\"cache_hits\":1,\"cache_misses\":6,\"cache_writes\":0},{\"cache_bytes\":26880,\"statement_bytes\":0,\"cache_hits\":1,\"cache_misses\":6,\"cache_writes\":0},{\"cache_bytes\":109568,\"statement_bytes\":75488,\"cache_hits\":68,\"cache_misses\":100,\"cache_writes\":0}]},\"sqlite_busy_errors\":0,\"blocking_threads\":1,\"blocking_threads_peak\":1,\"blocking_active\":0,\"blocking_queued\":0,\"scrypt_active\":0,\"scrypt_peak\":1}"},"target":"snowtime_axum"}
{"timestamp":"2026-10-08T10:35:55.051032Z","level":"INFO","fields":{"message":"bench counters","renderers":1,"render_queued":0,"render_busy_answers":0,"database":"{\"read_admission\":{\"active\":0,\"queued\":0,\"limit\":10},\"write_admission\":{\"active\":0,\"queued\":0,\"limit\":1},\"hash_admission\":{\"active\":0,\"queued\":0,\"limit\":10},\"report_admission\":{\"active\":0,\"queued\":0,\"limit\":2},\"writer\":{\"cache_bytes\":96512,\"statement_bytes\":542048,\"cache_hits\":1936,\"cache_misses\":49,\"cache_writes\":81},\"readers\":{\"idle\":10,\"connections\":[{\"cache_bytes\":5120,\"statement_bytes\":0,\"cache_hits\":1,\"cache_misses\":6,\"cache_writes\":0},{\"cache_bytes\":5120,\"statement_bytes\":0,\"cache_hits\":1,\"cache_misses\":6,\"cache_writes\":0},{\"cache_bytes\":5120,\"statement_bytes\":0,\"cache_hits\":1,\"cache_misses\":6,\"cache_writes\":0},{\"cache_bytes\":5120,\"statement_bytes\":0,\"cache_hits\":1,\"cache_misses\":6,\"cache_writes\":0},{\"cache_bytes\":5120,\"statement_bytes\":0,\"cache_hits\":1,\"cache_misses\":6,\"cache_writes\":0},{\"cache_bytes\":5120,\"statement_bytes\":0,\"cache_hits\":1,\"cache_misses\":6,\"cache_writes\":0},{\"cache_bytes\":5120,\"statement_bytes\":0,\"cache_hits\":1,\"cache_misses\":6,\"cache_writes\":0},{\"cache_bytes\":5120,\"statement_bytes\":0,\"cache_hits\":1,\"cache_misses\":6,\"cache_writes\":0},{\"cache_bytes\":5120,\"statement_bytes\":0,\"cache_hits\":1,\"cache_misses\":6,\"cache_writes\":0},{\"cache_bytes\":13824,\"statement_bytes\":351744,\"cache_hits\":25501,\"cache_misses\":2315,\"cache_writes\":0}]},\"sqlite_busy_errors\":0,\"blocking_threads\":0,\"blocking_threads_peak\":1,\"blocking_active\":0,\"blocking_queued\":0,\"scrypt_active\":0,\"scrypt_peak\":1}"},"target":"snowtime_axum"}
{"timestamp":"2026-10-08T10:35:55.350166Z","level":"INFO","fields":{"message":"sized the renderers","limit_mib":32768,"source":"physical memory","cpus":10,"renderers":10,"heap_mib":128,"semi_space_mib":32},"target":"snowtime_axum"}
{"timestamp":"2026-10-08T10:35:55.350770Z","level":"INFO","fields":{"message":"listening","address":"127.0.0.1:64940","tls":false},"target":"snowtime_axum"}
same bytes                 auth write fixture expired /update-user (401, 48 bytes)
same bytes                 auth write fixture expired /organization/set-active (401, 48 bytes)
same bytes                 auth write fixture expired /organization/check-slug (401, 48 bytes)
same bytes                 auth write fixture expired /organization/create (401, 0 bytes)
same bytes                 auth write fixture expired /organization/update (401, 28 bytes)
same bytes                 auth write fixture expired /organization/update-member-role (401, 48 bytes)
same bytes                 auth write fixture expired /organization/remove-member (401, 48 bytes)
same bytes                 auth write fixture expired /organization/cancel-invitation (401, 48 bytes)
{"timestamp":"2026-10-08T10:35:55.691393Z","level":"INFO","fields":{"message":"bench counters","renderers":1,"render_queued":0,"render_busy_answers":0,"database":"{\"read_admission\":{\"active\":0,\"queued\":0,\"limit\":10},\"write_admission\":{\"active\":0,\"queued\":0,\"limit\":1},\"hash_admission\":{\"active\":0,\"queued\":0,\"limit\":10},\"report_admission\":{\"active\":0,\"queued\":0,\"limit\":2},\"writer\":{\"cache_bytes\":427264,\"statement_bytes\":106976,\"cache_hits\":1241,\"cache_misses\":100,\"cache_writes\":137},\"readers\":{\"idle\":10,\"connections\":[{\"cache_bytes\":26880,\"statement_bytes\":0,\"cache_hits\":1,\"cache_misses\":6,\"cache_writes\":0},{\"cache_bytes\":26880,\"statement_bytes\":0,\"cache_hits\":1,\"cache_misses\":6,\"cache_writes\":0},{\"cache_bytes\":26880,\"statement_bytes\":0,\"cache_hits\":1,\"cache_misses\":6,\"cache_writes\":0},{\"cache_bytes\":26880,\"statement_bytes\":0,\"cache_hits\":1,\"cache_misses\":6,\"cache_writes\":0},{\"cache_bytes\":26880,\"statement_bytes\":0,\"cache_hits\":1,\"cache_misses\":6,\"cache_writes\":0},{\"cache_bytes\":26880,\"statement_bytes\":0,\"cache_hits\":1,\"cache_misses\":6,\"cache_writes\":0},{\"cache_bytes\":26880,\"statement_bytes\":0,\"cache_hits\":1,\"cache_misses\":6,\"cache_writes\":0},{\"cache_bytes\":26880,\"statement_bytes\":0,\"cache_hits\":1,\"cache_misses\":6,\"cache_writes\":0},{\"cache_bytes\":26880,\"statement_bytes\":0,\"cache_hits\":1,\"cache_misses\":6,\"cache_writes\":0},{\"cache_bytes\":109568,\"statement_bytes\":75488,\"cache_hits\":68,\"cache_misses\":100,\"cache_writes\":0}]},\"sqlite_busy_errors\":0,\"blocking_threads\":1,\"blocking_threads_peak\":1,\"blocking_active\":0,\"blocking_queued\":0,\"scrypt_active\":0,\"scrypt_peak\":1}"},"target":"snowtime_axum"}
{"timestamp":"2026-10-08T10:35:56.053535Z","level":"INFO","fields":{"message":"bench counters","renderers":1,"render_queued":0,"render_busy_answers":0,"database":"{\"read_admission\":{\"active\":0,\"queued\":0,\"limit\":10},\"write_admission\":{\"active\":0,\"queued\":0,\"limit\":1},\"hash_admission\":{\"active\":0,\"queued\":0,\"limit\":10},\"report_admission\":{\"active\":0,\"queued\":0,\"limit\":2},\"writer\":{\"cache_bytes\":96512,\"statement_bytes\":542048,\"cache_hits\":1936,\"cache_misses\":49,\"cache_writes\":81},\"readers\":{\"idle\":10,\"connections\":[{\"cache_bytes\":5120,\"statement_bytes\":0,\"cache_hits\":1,\"cache_misses\":6,\"cache_writes\":0},{\"cache_bytes\":5120,\"statement_bytes\":0,\"cache_hits\":1,\"cache_misses\":6,\"cache_writes\":0},{\"cache_bytes\":5120,\"statement_bytes\":0,\"cache_hits\":1,\"cache_misses\":6,\"cache_writes\":0},{\"cache_bytes\":5120,\"statement_bytes\":0,\"cache_hits\":1,\"cache_misses\":6,\"cache_writes\":0},{\"cache_bytes\":5120,\"statement_bytes\":0,\"cache_hits\":1,\"cache_misses\":6,\"cache_writes\":0},{\"cache_bytes\":5120,\"statement_bytes\":0,\"cache_hits\":1,\"cache_misses\":6,\"cache_writes\":0},{\"cache_bytes\":5120,\"statement_bytes\":0,\"cache_hits\":1,\"cache_misses\":6,\"cache_writes\":0},{\"cache_bytes\":5120,\"statement_bytes\":0,\"cache_hits\":1,\"cache_misses\":6,\"cache_writes\":0},{\"cache_bytes\":5120,\"statement_bytes\":0,\"cache_hits\":1,\"cache_misses\":6,\"cache_writes\":0},{\"cache_bytes\":13824,\"statement_bytes\":351744,\"cache_hits\":25501,\"cache_misses\":2315,\"cache_writes\":0}]},\"sqlite_busy_errors\":0,\"blocking_threads\":0,\"blocking_threads_peak\":1,\"blocking_active\":0,\"blocking_queued\":0,\"scrypt_active\":0,\"scrypt_peak\":1}"},"target":"snowtime_axum"}
{"timestamp":"2026-10-08T10:35:56.694083Z","level":"INFO","fields":{"message":"bench counters","renderers":1,"render_queued":0,"render_busy_answers":0,"database":"{\"read_admission\":{\"active\":0,\"queued\":0,\"limit\":10},\"write_admission\":{\"active\":0,\"queued\":0,\"limit\":1},\"hash_admission\":{\"active\":0,\"queued\":0,\"limit\":10},\"report_admission\":{\"active\":0,\"queued\":0,\"limit\":2},\"writer\":{\"cache_bytes\":427264,\"statement_bytes\":106976,\"cache_hits\":1241,\"cache_misses\":100,\"cache_writes\":137},\"readers\":{\"idle\":10,\"connections\":[{\"cache_bytes\":26880,\"statement_bytes\":0,\"cache_hits\":1,\"cache_misses\":6,\"cache_writes\":0},{\"cache_bytes\":26880,\"statement_bytes\":0,\"cache_hits\":1,\"cache_misses\":6,\"cache_writes\":0},{\"cache_bytes\":26880,\"statement_bytes\":0,\"cache_hits\":1,\"cache_misses\":6,\"cache_writes\":0},{\"cache_bytes\":26880,\"statement_bytes\":0,\"cache_hits\":1,\"cache_misses\":6,\"cache_writes\":0},{\"cache_bytes\":26880,\"statement_bytes\":0,\"cache_hits\":1,\"cache_misses\":6,\"cache_writes\":0},{\"cache_bytes\":26880,\"statement_bytes\":0,\"cache_hits\":1,\"cache_misses\":6,\"cache_writes\":0},{\"cache_bytes\":26880,\"statement_bytes\":0,\"cache_hits\":1,\"cache_misses\":6,\"cache_writes\":0},{\"cache_bytes\":26880,\"statement_bytes\":0,\"cache_hits\":1,\"cache_misses\":6,\"cache_writes\":0},{\"cache_bytes\":26880,\"statement_bytes\":0,\"cache_hits\":1,\"cache_misses\":6,\"cache_writes\":0},{\"cache_bytes\":109568,\"statement_bytes\":75488,\"cache_hits\":68,\"cache_misses\":100,\"cache_writes\":0}]},\"sqlite_busy_errors\":0,\"blocking_threads\":1,\"blocking_threads_peak\":1,\"blocking_active\":0,\"blocking_queued\":0,\"scrypt_active\":0,\"scrypt_peak\":1}"},"target":"snowtime_axum"}
{"timestamp":"2026-10-08T10:35:57.055298Z","level":"INFO","fields":{"message":"bench counters","renderers":1,"render_queued":0,"render_busy_answers":0,"database":"{\"read_admission\":{\"active\":0,\"queued\":0,\"limit\":10},\"write_admission\":{\"active\":0,\"queued\":0,\"limit\":1},\"hash_admission\":{\"active\":0,\"queued\":0,\"limit\":10},\"report_admission\":{\"active\":0,\"queued\":0,\"limit\":2},\"writer\":{\"cache_bytes\":96512,\"statement_bytes\":542048,\"cache_hits\":1936,\"cache_misses\":49,\"cache_writes\":81},\"readers\":{\"idle\":10,\"connections\":[{\"cache_bytes\":5120,\"statement_bytes\":0,\"cache_hits\":1,\"cache_misses\":6,\"cache_writes\":0},{\"cache_bytes\":5120,\"statement_bytes\":0,\"cache_hits\":1,\"cache_misses\":6,\"cache_writes\":0},{\"cache_bytes\":5120,\"statement_bytes\":0,\"cache_hits\":1,\"cache_misses\":6,\"cache_writes\":0},{\"cache_bytes\":5120,\"statement_bytes\":0,\"cache_hits\":1,\"cache_misses\":6,\"cache_writes\":0},{\"cache_bytes\":5120,\"statement_bytes\":0,\"cache_hits\":1,\"cache_misses\":6,\"cache_writes\":0},{\"cache_bytes\":5120,\"statement_bytes\":0,\"cache_hits\":1,\"cache_misses\":6,\"cache_writes\":0},{\"cache_bytes\":5120,\"statement_bytes\":0,\"cache_hits\":1,\"cache_misses\":6,\"cache_writes\":0},{\"cache_bytes\":5120,\"statement_bytes\":0,\"cache_hits\":1,\"cache_misses\":6,\"cache_writes\":0},{\"cache_bytes\":5120,\"statement_bytes\":0,\"cache_hits\":1,\"cache_misses\":6,\"cache_writes\":0},{\"cache_bytes\":13824,\"statement_bytes\":351744,\"cache_hits\":25501,\"cache_misses\":2315,\"cache_writes\":0}]},\"sqlite_busy_errors\":0,\"blocking_threads\":0,\"blocking_threads_peak\":1,\"blocking_active\":0,\"blocking_queued\":0,\"scrypt_active\":0,\"scrypt_peak\":1}"},"target":"snowtime_axum"}
{"timestamp":"2026-10-08T10:35:57.696472Z","level":"INFO","fields":{"message":"bench counters","renderers":1,"render_queued":0,"render_busy_answers":0,"database":"{\"read_admission\":{\"active\":0,\"queued\":0,\"limit\":10},\"write_admission\":{\"active\":0,\"queued\":0,\"limit\":1},\"hash_admission\":{\"active\":0,\"queued\":0,\"limit\":10},\"report_admission\":{\"active\":0,\"queued\":0,\"limit\":2},\"writer\":{\"cache_bytes\":427264,\"statement_bytes\":106976,\"cache_hits\":1241,\"cache_misses\":100,\"cache_writes\":137},\"readers\":{\"idle\":10,\"connections\":[{\"cache_bytes\":26880,\"statement_bytes\":0,\"cache_hits\":1,\"cache_misses\":6,\"cache_writes\":0},{\"cache_bytes\":26880,\"statement_bytes\":0,\"cache_hits\":1,\"cache_misses\":6,\"cache_writes\":0},{\"cache_bytes\":26880,\"statement_bytes\":0,\"cache_hits\":1,\"cache_misses\":6,\"cache_writes\":0},{\"cache_bytes\":26880,\"statement_bytes\":0,\"cache_hits\":1,\"cache_misses\":6,\"cache_writes\":0},{\"cache_bytes\":26880,\"statement_bytes\":0,\"cache_hits\":1,\"cache_misses\":6,\"cache_writes\":0},{\"cache_bytes\":26880,\"statement_bytes\":0,\"cache_hits\":1,\"cache_misses\":6,\"cache_writes\":0},{\"cache_bytes\":26880,\"statement_bytes\":0,\"cache_hits\":1,\"cache_misses\":6,\"cache_writes\":0},{\"cache_bytes\":26880,\"statement_bytes\":0,\"cache_hits\":1,\"cache_misses\":6,\"cache_writes\":0},{\"cache_bytes\":26880,\"statement_bytes\":0,\"cache_hits\":1,\"cache_misses\":6,\"cache_writes\":0},{\"cache_bytes\":109568,\"statement_bytes\":75488,\"cache_hits\":68,\"cache_misses\":100,\"cache_writes\":0}]},\"sqlite_busy_errors\":0,\"blocking_threads\":1,\"blocking_threads_peak\":1,\"blocking_active\":0,\"blocking_queued\":0,\"scrypt_active\":0,\"scrypt_peak\":1}"},"target":"snowtime_axum"}
{"timestamp":"2026-10-08T10:35:58.057931Z","level":"INFO","fields":{"message":"bench counters","renderers":1,"render_queued":0,"render_busy_answers":0,"database":"{\"read_admission\":{\"active\":0,\"queued\":0,\"limit\":10},\"write_admission\":{\"active\":0,\"queued\":0,\"limit\":1},\"hash_admission\":{\"active\":0,\"queued\":0,\"limit\":10},\"report_admission\":{\"active\":0,\"queued\":0,\"limit\":2},\"writer\":{\"cache_bytes\":96512,\"statement_bytes\":542048,\"cache_hits\":1936,\"cache_misses\":49,\"cache_writes\":81},\"readers\":{\"idle\":10,\"connections\":[{\"cache_bytes\":5120,\"statement_bytes\":0,\"cache_hits\":1,\"cache_misses\":6,\"cache_writes\":0},{\"cache_bytes\":5120,\"statement_bytes\":0,\"cache_hits\":1,\"cache_misses\":6,\"cache_writes\":0},{\"cache_bytes\":5120,\"statement_bytes\":0,\"cache_hits\":1,\"cache_misses\":6,\"cache_writes\":0},{\"cache_bytes\":5120,\"statement_bytes\":0,\"cache_hits\":1,\"cache_misses\":6,\"cache_writes\":0},{\"cache_bytes\":5120,\"statement_bytes\":0,\"cache_hits\":1,\"cache_misses\":6,\"cache_writes\":0},{\"cache_bytes\":5120,\"statement_bytes\":0,\"cache_hits\":1,\"cache_misses\":6,\"cache_writes\":0},{\"cache_bytes\":5120,\"statement_bytes\":0,\"cache_hits\":1,\"cache_misses\":6,\"cache_writes\":0},{\"cache_bytes\":5120,\"statement_bytes\":0,\"cache_hits\":1,\"cache_misses\":6,\"cache_writes\":0},{\"cache_bytes\":5120,\"statement_bytes\":0,\"cache_hits\":1,\"cache_misses\":6,\"cache_writes\":0},{\"cache_bytes\":13824,\"statement_bytes\":351744,\"cache_hits\":25501,\"cache_misses\":2315,\"cache_writes\":0}]},\"sqlite_busy_errors\":0,\"blocking_threads\":0,\"blocking_threads_peak\":1,\"blocking_active\":0,\"blocking_queued\":0,\"scrypt_active\":0,\"scrypt_peak\":1}"},"target":"snowtime_axum"}
{"timestamp":"2026-10-08T10:35:58.699203Z","level":"INFO","fields":{"message":"bench counters","renderers":1,"render_queued":0,"render_busy_answers":0,"database":"{\"read_admission\":{\"active\":0,\"queued\":0,\"limit\":10},\"write_admission\":{\"active\":0,\"queued\":0,\"limit\":1},\"hash_admission\":{\"active\":0,\"queued\":0,\"limit\":10},\"report_admission\":{\"active\":0,\"queued\":0,\"limit\":2},\"writer\":{\"cache_bytes\":427264,\"statement_bytes\":106976,\"cache_hits\":1241,\"cache_misses\":100,\"cache_writes\":137},\"readers\":{\"idle\":10,\"connections\":[{\"cache_bytes\":26880,\"statement_bytes\":0,\"cache_hits\":1,\"cache_misses\":6,\"cache_writes\":0},{\"cache_bytes\":26880,\"statement_bytes\":0,\"cache_hits\":1,\"cache_misses\":6,\"cache_writes\":0},{\"cache_bytes\":26880,\"statement_bytes\":0,\"cache_hits\":1,\"cache_misses\":6,\"cache_writes\":0},{\"cache_bytes\":26880,\"statement_bytes\":0,\"cache_hits\":1,\"cache_misses\":6,\"cache_writes\":0},{\"cache_bytes\":26880,\"statement_bytes\":0,\"cache_hits\":1,\"cache_misses\":6,\"cache_writes\":0},{\"cache_bytes\":26880,\"statement_bytes\":0,\"cache_hits\":1,\"cache_misses\":6,\"cache_writes\":0},{\"cache_bytes\":26880,\"statement_bytes\":0,\"cache_hits\":1,\"cache_misses\":6,\"cache_writes\":0},{\"cache_bytes\":26880,\"statement_bytes\":0,\"cache_hits\":1,\"cache_misses\":6,\"cache_writes\":0},{\"cache_bytes\":26880,\"statement_bytes\":0,\"cache_hits\":1,\"cache_misses\":6,\"cache_writes\":0},{\"cache_bytes\":109568,\"statement_bytes\":75488,\"cache_hits\":68,\"cache_misses\":100,\"cache_writes\":0}]},\"sqlite_busy_errors\":0,\"blocking_threads\":1,\"blocking_threads_peak\":1,\"blocking_active\":0,\"blocking_queued\":0,\"scrypt_active\":0,\"scrypt_peak\":1}"},"target":"snowtime_axum"}
{"timestamp":"2026-10-08T10:35:59.060625Z","level":"INFO","fields":{"message":"bench counters","renderers":1,"render_queued":0,"render_busy_answers":0,"database":"{\"read_admission\":{\"active\":0,\"queued\":0,\"limit\":10},\"write_admission\":{\"active\":0,\"queued\":0,\"limit\":1},\"hash_admission\":{\"active\":0,\"queued\":0,\"limit\":10},\"report_admission\":{\"active\":0,\"queued\":0,\"limit\":2},\"writer\":{\"cache_bytes\":96512,\"statement_bytes\":542048,\"cache_hits\":1936,\"cache_misses\":49,\"cache_writes\":81},\"readers\":{\"idle\":10,\"connections\":[{\"cache_bytes\":5120,\"statement_bytes\":0,\"cache_hits\":1,\"cache_misses\":6,\"cache_writes\":0},{\"cache_bytes\":5120,\"statement_bytes\":0,\"cache_hits\":1,\"cache_misses\":6,\"cache_writes\":0},{\"cache_bytes\":5120,\"statement_bytes\":0,\"cache_hits\":1,\"cache_misses\":6,\"cache_writes\":0},{\"cache_bytes\":5120,\"statement_bytes\":0,\"cache_hits\":1,\"cache_misses\":6,\"cache_writes\":0},{\"cache_bytes\":5120,\"statement_bytes\":0,\"cache_hits\":1,\"cache_misses\":6,\"cache_writes\":0},{\"cache_bytes\":5120,\"statement_bytes\":0,\"cache_hits\":1,\"cache_misses\":6,\"cache_writes\":0},{\"cache_bytes\":5120,\"statement_bytes\":0,\"cache_hits\":1,\"cache_misses\":6,\"cache_writes\":0},{\"cache_bytes\":5120,\"statement_bytes\":0,\"cache_hits\":1,\"cache_misses\":6,\"cache_writes\":0},{\"cache_bytes\":5120,\"statement_bytes\":0,\"cache_hits\":1,\"cache_misses\":6,\"cache_writes\":0},{\"cache_bytes\":13824,\"statement_bytes\":351744,\"cache_hits\":25501,\"cache_misses\":2315,\"cache_writes\":0}]},\"sqlite_busy_errors\":0,\"blocking_threads\":0,\"blocking_threads_peak\":1,\"blocking_active\":0,\"blocking_queued\":0,\"scrypt_active\":0,\"scrypt_peak\":1}"},"target":"snowtime_axum"}
{"timestamp":"2026-10-08T10:35:59.701999Z","level":"INFO","fields":{"message":"bench counters","renderers":1,"render_queued":0,"render_busy_answers":0,"database":"{\"read_admission\":{\"active\":0,\"queued\":0,\"limit\":10},\"write_admission\":{\"active\":0,\"queued\":0,\"limit\":1},\"hash_admission\":{\"active\":0,\"queued\":0,\"limit\":10},\"report_admission\":{\"active\":0,\"queued\":0,\"limit\":2},\"writer\":{\"cache_bytes\":427264,\"statement_bytes\":106976,\"cache_hits\":1241,\"cache_misses\":100,\"cache_writes\":137},\"readers\":{\"idle\":10,\"connections\":[{\"cache_bytes\":26880,\"statement_bytes\":0,\"cache_hits\":1,\"cache_misses\":6,\"cache_writes\":0},{\"cache_bytes\":26880,\"statement_bytes\":0,\"cache_hits\":1,\"cache_misses\":6,\"cache_writes\":0},{\"cache_bytes\":26880,\"statement_bytes\":0,\"cache_hits\":1,\"cache_misses\":6,\"cache_writes\":0},{\"cache_bytes\":26880,\"statement_bytes\":0,\"cache_hits\":1,\"cache_misses\":6,\"cache_writes\":0},{\"cache_bytes\":26880,\"statement_bytes\":0,\"cache_hits\":1,\"cache_misses\":6,\"cache_writes\":0},{\"cache_bytes\":26880,\"statement_bytes\":0,\"cache_hits\":1,\"cache_misses\":6,\"cache_writes\":0},{\"cache_bytes\":26880,\"statement_bytes\":0,\"cache_hits\":1,\"cache_misses\":6,\"cache_writes\":0},{\"cache_bytes\":26880,\"statement_bytes\":0,\"cache_hits\":1,\"cache_misses\":6,\"cache_writes\":0},{\"cache_bytes\":26880,\"statement_bytes\":0,\"cache_hits\":1,\"cache_misses\":6,\"cache_writes\":0},{\"cache_bytes\":109568,\"statement_bytes\":75488,\"cache_hits\":68,\"cache_misses\":100,\"cache_writes\":0}]},\"sqlite_busy_errors\":0,\"blocking_threads\":1,\"blocking_threads_peak\":1,\"blocking_active\":0,\"blocking_queued\":0,\"scrypt_active\":0,\"scrypt_peak\":1}"},"target":"snowtime_axum"}
{"timestamp":"2026-10-08T10:36:00.062677Z","level":"INFO","fields":{"message":"bench counters","renderers":1,"render_queued":0,"render_busy_answers":0,"database":"{\"read_admission\":{\"active\":0,\"queued\":0,\"limit\":10},\"write_admission\":{\"active\":0,\"queued\":0,\"limit\":1},\"hash_admission\":{\"active\":0,\"queued\":0,\"limit\":10},\"report_admission\":{\"active\":0,\"queued\":0,\"limit\":2},\"writer\":{\"cache_bytes\":96512,\"statement_bytes\":542048,\"cache_hits\":1936,\"cache_misses\":49,\"cache_writes\":81},\"readers\":{\"idle\":10,\"connections\":[{\"cache_bytes\":5120,\"statement_bytes\":0,\"cache_hits\":1,\"cache_misses\":6,\"cache_writes\":0},{\"cache_bytes\":5120,\"statement_bytes\":0,\"cache_hits\":1,\"cache_misses\":6,\"cache_writes\":0},{\"cache_bytes\":5120,\"statement_bytes\":0,\"cache_hits\":1,\"cache_misses\":6,\"cache_writes\":0},{\"cache_bytes\":5120,\"statement_bytes\":0,\"cache_hits\":1,\"cache_misses\":6,\"cache_writes\":0},{\"cache_bytes\":5120,\"statement_bytes\":0,\"cache_hits\":1,\"cache_misses\":6,\"cache_writes\":0},{\"cache_bytes\":5120,\"statement_bytes\":0,\"cache_hits\":1,\"cache_misses\":6,\"cache_writes\":0},{\"cache_bytes\":5120,\"statement_bytes\":0,\"cache_hits\":1,\"cache_misses\":6,\"cache_writes\":0},{\"cache_bytes\":5120,\"statement_bytes\":0,\"cache_hits\":1,\"cache_misses\":6,\"cache_writes\":0},{\"cache_bytes\":5120,\"statement_bytes\":0,\"cache_hits\":1,\"cache_misses\":6,\"cache_writes\":0},{\"cache_bytes\":13824,\"statement_bytes\":351744,\"cache_hits\":25501,\"cache_misses\":2315,\"cache_writes\":0}]},\"sqlite_busy_errors\":0,\"blocking_threads\":0,\"blocking_threads_peak\":1,\"blocking_active\":0,\"blocking_queued\":0,\"scrypt_active\":0,\"scrypt_peak\":1}"},"target":"snowtime_axum"}
{"timestamp":"2026-10-08T10:36:00.613304Z","level":"INFO","fields":{"message":"sized the renderers","limit_mib":32768,"source":"physical memory","cpus":10,"renderers":10,"heap_mib":128,"semi_space_mib":32},"target":"snowtime_axum"}
{"timestamp":"2026-10-08T10:36:00.613933Z","level":"INFO","fields":{"message":"listening","address":"127.0.0.1:64948","tls":false},"target":"snowtime_axum"}
{"timestamp":"2026-10-08T10:36:00.704254Z","level":"INFO","fields":{"message":"bench counters","renderers":1,"render_queued":0,"render_busy_answers":0,"database":"{\"read_admission\":{\"active\":0,\"queued\":0,\"limit\":10},\"write_admission\":{\"active\":0,\"queued\":0,\"limit\":1},\"hash_admission\":{\"active\":0,\"queued\":0,\"limit\":10},\"report_admission\":{\"active\":0,\"queued\":0,\"limit\":2},\"writer\":{\"cache_bytes\":427264,\"statement_bytes\":106976,\"cache_hits\":1241,\"cache_misses\":100,\"cache_writes\":137},\"readers\":{\"idle\":10,\"connections\":[{\"cache_bytes\":26880,\"statement_bytes\":0,\"cache_hits\":1,\"cache_misses\":6,\"cache_writes\":0},{\"cache_bytes\":26880,\"statement_bytes\":0,\"cache_hits\":1,\"cache_misses\":6,\"cache_writes\":0},{\"cache_bytes\":26880,\"statement_bytes\":0,\"cache_hits\":1,\"cache_misses\":6,\"cache_writes\":0},{\"cache_bytes\":26880,\"statement_bytes\":0,\"cache_hits\":1,\"cache_misses\":6,\"cache_writes\":0},{\"cache_bytes\":26880,\"statement_bytes\":0,\"cache_hits\":1,\"cache_misses\":6,\"cache_writes\":0},{\"cache_bytes\":26880,\"statement_bytes\":0,\"cache_hits\":1,\"cache_misses\":6,\"cache_writes\":0},{\"cache_bytes\":26880,\"statement_bytes\":0,\"cache_hits\":1,\"cache_misses\":6,\"cache_writes\":0},{\"cache_bytes\":26880,\"statement_bytes\":0,\"cache_hits\":1,\"cache_misses\":6,\"cache_writes\":0},{\"cache_bytes\":26880,\"statement_bytes\":0,\"cache_hits\":1,\"cache_misses\":6,\"cache_writes\":0},{\"cache_bytes\":109568,\"statement_bytes\":75488,\"cache_hits\":68,\"cache_misses\":100,\"cache_writes\":0}]},\"sqlite_busy_errors\":0,\"blocking_threads\":0,\"blocking_threads_peak\":1,\"blocking_active\":0,\"blocking_queued\":0,\"scrypt_active\":0,\"scrypt_peak\":1}"},"target":"snowtime_axum"}
same bytes                 auth write fixture restricted /update-user (403, 98 bytes)
same bytes                 auth write fixture restricted /organization/set-active (403, 98 bytes)
same bytes                 auth write fixture restricted /organization/check-slug (403, 98 bytes)
same bytes                 auth write fixture restricted /organization/create (403, 98 bytes)
same bytes                 auth write fixture restricted /organization/update (403, 98 bytes)
same bytes                 auth write fixture restricted /organization/update-member-role (403, 98 bytes)
same bytes                 auth write fixture restricted /organization/remove-member (403, 98 bytes)
same bytes                 auth write fixture restricted /organization/cancel-invitation (403, 98 bytes)
{"timestamp":"2026-10-08T10:36:01.065307Z","level":"INFO","fields":{"message":"bench counters","renderers":1,"render_queued":0,"render_busy_answers":0,"database":"{\"read_admission\":{\"active\":0,\"queued\":0,\"limit\":10},\"write_admission\":{\"active\":0,\"queued\":0,\"limit\":1},\"hash_admission\":{\"active\":0,\"queued\":0,\"limit\":10},\"report_admission\":{\"active\":0,\"queued\":0,\"limit\":2},\"writer\":{\"cache_bytes\":96512,\"statement_bytes\":542048,\"cache_hits\":1936,\"cache_misses\":49,\"cache_writes\":81},\"readers\":{\"idle\":10,\"connections\":[{\"cache_bytes\":5120,\"statement_bytes\":0,\"cache_hits\":1,\"cache_misses\":6,\"cache_writes\":0},{\"cache_bytes\":5120,\"statement_bytes\":0,\"cache_hits\":1,\"cache_misses\":6,\"cache_writes\":0},{\"cache_bytes\":5120,\"statement_bytes\":0,\"cache_hits\":1,\"cache_misses\":6,\"cache_writes\":0},{\"cache_bytes\":5120,\"statement_bytes\":0,\"cache_hits\":1,\"cache_misses\":6,\"cache_writes\":0},{\"cache_bytes\":5120,\"statement_bytes\":0,\"cache_hits\":1,\"cache_misses\":6,\"cache_writes\":0},{\"cache_bytes\":5120,\"statement_bytes\":0,\"cache_hits\":1,\"cache_misses\":6,\"cache_writes\":0},{\"cache_bytes\":5120,\"statement_bytes\":0,\"cache_hits\":1,\"cache_misses\":6,\"cache_writes\":0},{\"cache_bytes\":5120,\"statement_bytes\":0,\"cache_hits\":1,\"cache_misses\":6,\"cache_writes\":0},{\"cache_bytes\":5120,\"statement_bytes\":0,\"cache_hits\":1,\"cache_misses\":6,\"cache_writes\":0},{\"cache_bytes\":13824,\"statement_bytes\":351744,\"cache_hits\":25501,\"cache_misses\":2315,\"cache_writes\":0}]},\"sqlite_busy_errors\":0,\"blocking_threads\":0,\"blocking_threads_peak\":1,\"blocking_active\":0,\"blocking_queued\":0,\"scrypt_active\":0,\"scrypt_peak\":1}"},"target":"snowtime_axum"}
{"timestamp":"2026-10-08T10:36:01.706058Z","level":"INFO","fields":{"message":"bench counters","renderers":1,"render_queued":0,"render_busy_answers":0,"database":"{\"read_admission\":{\"active\":0,\"queued\":0,\"limit\":10},\"write_admission\":{\"active\":0,\"queued\":0,\"limit\":1},\"hash_admission\":{\"active\":0,\"queued\":0,\"limit\":10},\"report_admission\":{\"active\":0,\"queued\":0,\"limit\":2},\"writer\":{\"cache_bytes\":427264,\"statement_bytes\":106976,\"cache_hits\":1241,\"cache_misses\":100,\"cache_writes\":137},\"readers\":{\"idle\":10,\"connections\":[{\"cache_bytes\":26880,\"statement_bytes\":0,\"cache_hits\":1,\"cache_misses\":6,\"cache_writes\":0},{\"cache_bytes\":26880,\"statement_bytes\":0,\"cache_hits\":1,\"cache_misses\":6,\"cache_writes\":0},{\"cache_bytes\":26880,\"statement_bytes\":0,\"cache_hits\":1,\"cache_misses\":6,\"cache_writes\":0},{\"cache_bytes\":26880,\"statement_bytes\":0,\"cache_hits\":1,\"cache_misses\":6,\"cache_writes\":0},{\"cache_bytes\":26880,\"statement_bytes\":0,\"cache_hits\":1,\"cache_misses\":6,\"cache_writes\":0},{\"cache_bytes\":26880,\"statement_bytes\":0,\"cache_hits\":1,\"cache_misses\":6,\"cache_writes\":0},{\"cache_bytes\":26880,\"statement_bytes\":0,\"cache_hits\":1,\"cache_misses\":6,\"cache_writes\":0},{\"cache_bytes\":26880,\"statement_bytes\":0,\"cache_hits\":1,\"cache_misses\":6,\"cache_writes\":0},{\"cache_bytes\":26880,\"statement_bytes\":0,\"cache_hits\":1,\"cache_misses\":6,\"cache_writes\":0},{\"cache_bytes\":109568,\"statement_bytes\":75488,\"cache_hits\":68,\"cache_misses\":100,\"cache_writes\":0}]},\"sqlite_busy_errors\":0,\"blocking_threads\":0,\"blocking_threads_peak\":1,\"blocking_active\":0,\"blocking_queued\":0,\"scrypt_active\":0,\"scrypt_peak\":1}"},"target":"snowtime_axum"}
{"timestamp":"2026-10-08T10:36:02.068006Z","level":"INFO","fields":{"message":"bench counters","renderers":1,"render_queued":0,"render_busy_answers":0,"database":"{\"read_admission\":{\"active\":0,\"queued\":0,\"limit\":10},\"write_admission\":{\"active\":0,\"queued\":0,\"limit\":1},\"hash_admission\":{\"active\":0,\"queued\":0,\"limit\":10},\"report_admission\":{\"active\":0,\"queued\":0,\"limit\":2},\"writer\":{\"cache_bytes\":96512,\"statement_bytes\":542048,\"cache_hits\":1936,\"cache_misses\":49,\"cache_writes\":81},\"readers\":{\"idle\":10,\"connections\":[{\"cache_bytes\":5120,\"statement_bytes\":0,\"cache_hits\":1,\"cache_misses\":6,\"cache_writes\":0},{\"cache_bytes\":5120,\"statement_bytes\":0,\"cache_hits\":1,\"cache_misses\":6,\"cache_writes\":0},{\"cache_bytes\":5120,\"statement_bytes\":0,\"cache_hits\":1,\"cache_misses\":6,\"cache_writes\":0},{\"cache_bytes\":5120,\"statement_bytes\":0,\"cache_hits\":1,\"cache_misses\":6,\"cache_writes\":0},{\"cache_bytes\":5120,\"statement_bytes\":0,\"cache_hits\":1,\"cache_misses\":6,\"cache_writes\":0},{\"cache_bytes\":5120,\"statement_bytes\":0,\"cache_hits\":1,\"cache_misses\":6,\"cache_writes\":0},{\"cache_bytes\":5120,\"statement_bytes\":0,\"cache_hits\":1,\"cache_misses\":6,\"cache_writes\":0},{\"cache_bytes\":5120,\"statement_bytes\":0,\"cache_hits\":1,\"cache_misses\":6,\"cache_writes\":0},{\"cache_bytes\":5120,\"statement_bytes\":0,\"cache_hits\":1,\"cache_misses\":6,\"cache_writes\":0},{\"cache_bytes\":13824,\"statement_bytes\":351744,\"cache_hits\":25501,\"cache_misses\":2315,\"cache_writes\":0}]},\"sqlite_busy_errors\":0,\"blocking_threads\":0,\"blocking_threads_peak\":1,\"blocking_active\":0,\"blocking_queued\":0,\"scrypt_active\":0,\"scrypt_peak\":1}"},"target":"snowtime_axum"}
{"timestamp":"2026-10-08T10:36:02.708738Z","level":"INFO","fields":{"message":"bench counters","renderers":1,"render_queued":0,"render_busy_answers":0,"database":"{\"read_admission\":{\"active\":0,\"queued\":0,\"limit\":10},\"write_admission\":{\"active\":0,\"queued\":0,\"limit\":1},\"hash_admission\":{\"active\":0,\"queued\":0,\"limit\":10},\"report_admission\":{\"active\":0,\"queued\":0,\"limit\":2},\"writer\":{\"cache_bytes\":427264,\"statement_bytes\":106976,\"cache_hits\":1241,\"cache_misses\":100,\"cache_writes\":137},\"readers\":{\"idle\":10,\"connections\":[{\"cache_bytes\":26880,\"statement_bytes\":0,\"cache_hits\":1,\"cache_misses\":6,\"cache_writes\":0},{\"cache_bytes\":26880,\"statement_bytes\":0,\"cache_hits\":1,\"cache_misses\":6,\"cache_writes\":0},{\"cache_bytes\":26880,\"statement_bytes\":0,\"cache_hits\":1,\"cache_misses\":6,\"cache_writes\":0},{\"cache_bytes\":26880,\"statement_bytes\":0,\"cache_hits\":1,\"cache_misses\":6,\"cache_writes\":0},{\"cache_bytes\":26880,\"statement_bytes\":0,\"cache_hits\":1,\"cache_misses\":6,\"cache_writes\":0},{\"cache_bytes\":26880,\"statement_bytes\":0,\"cache_hits\":1,\"cache_misses\":6,\"cache_writes\":0},{\"cache_bytes\":26880,\"statement_bytes\":0,\"cache_hits\":1,\"cache_misses\":6,\"cache_writes\":0},{\"cache_bytes\":26880,\"statement_bytes\":0,\"cache_hits\":1,\"cache_misses\":6,\"cache_writes\":0},{\"cache_bytes\":26880,\"statement_bytes\":0,\"cache_hits\":1,\"cache_misses\":6,\"cache_writes\":0},{\"cache_bytes\":109568,\"statement_bytes\":75488,\"cache_hits\":68,\"cache_misses\":100,\"cache_writes\":0}]},\"sqlite_busy_errors\":0,\"blocking_threads\":0,\"blocking_threads_peak\":1,\"blocking_active\":0,\"blocking_queued\":0,\"scrypt_active\":0,\"scrypt_peak\":1}"},"target":"snowtime_axum"}
{"timestamp":"2026-10-08T10:36:03.070664Z","level":"INFO","fields":{"message":"bench counters","renderers":1,"render_queued":0,"render_busy_answers":0,"database":"{\"read_admission\":{\"active\":0,\"queued\":0,\"limit\":10},\"write_admission\":{\"active\":0,\"queued\":0,\"limit\":1},\"hash_admission\":{\"active\":0,\"queued\":0,\"limit\":10},\"report_admission\":{\"active\":0,\"queued\":0,\"limit\":2},\"writer\":{\"cache_bytes\":96512,\"statement_bytes\":542048,\"cache_hits\":1936,\"cache_misses\":49,\"cache_writes\":81},\"readers\":{\"idle\":10,\"connections\":[{\"cache_bytes\":5120,\"statement_bytes\":0,\"cache_hits\":1,\"cache_misses\":6,\"cache_writes\":0},{\"cache_bytes\":5120,\"statement_bytes\":0,\"cache_hits\":1,\"cache_misses\":6,\"cache_writes\":0},{\"cache_bytes\":5120,\"statement_bytes\":0,\"cache_hits\":1,\"cache_misses\":6,\"cache_writes\":0},{\"cache_bytes\":5120,\"statement_bytes\":0,\"cache_hits\":1,\"cache_misses\":6,\"cache_writes\":0},{\"cache_bytes\":5120,\"statement_bytes\":0,\"cache_hits\":1,\"cache_misses\":6,\"cache_writes\":0},{\"cache_bytes\":5120,\"statement_bytes\":0,\"cache_hits\":1,\"cache_misses\":6,\"cache_writes\":0},{\"cache_bytes\":5120,\"statement_bytes\":0,\"cache_hits\":1,\"cache_misses\":6,\"cache_writes\":0},{\"cache_bytes\":5120,\"statement_bytes\":0,\"cache_hits\":1,\"cache_misses\":6,\"cache_writes\":0},{\"cache_bytes\":5120,\"statement_bytes\":0,\"cache_hits\":1,\"cache_misses\":6,\"cache_writes\":0},{\"cache_bytes\":13824,\"statement_bytes\":351744,\"cache_hits\":25501,\"cache_misses\":2315,\"cache_writes\":0}]},\"sqlite_busy_errors\":0,\"blocking_threads\":0,\"blocking_threads_peak\":1,\"blocking_active\":0,\"blocking_queued\":0,\"scrypt_active\":0,\"scrypt_peak\":1}"},"target":"snowtime_axum"}
{"timestamp":"2026-10-08T10:36:03.710688Z","level":"INFO","fields":{"message":"bench counters","renderers":1,"render_queued":0,"render_busy_answers":0,"database":"{\"read_admission\":{\"active\":0,\"queued\":0,\"limit\":10},\"write_admission\":{\"active\":0,\"queued\":0,\"limit\":1},\"hash_admission\":{\"active\":0,\"queued\":0,\"limit\":10},\"report_admission\":{\"active\":0,\"queued\":0,\"limit\":2},\"writer\":{\"cache_bytes\":427264,\"statement_bytes\":106976,\"cache_hits\":1241,\"cache_misses\":100,\"cache_writes\":137},\"readers\":{\"idle\":10,\"connections\":[{\"cache_bytes\":26880,\"statement_bytes\":0,\"cache_hits\":1,\"cache_misses\":6,\"cache_writes\":0},{\"cache_bytes\":26880,\"statement_bytes\":0,\"cache_hits\":1,\"cache_misses\":6,\"cache_writes\":0},{\"cache_bytes\":26880,\"statement_bytes\":0,\"cache_hits\":1,\"cache_misses\":6,\"cache_writes\":0},{\"cache_bytes\":26880,\"statement_bytes\":0,\"cache_hits\":1,\"cache_misses\":6,\"cache_writes\":0},{\"cache_bytes\":26880,\"statement_bytes\":0,\"cache_hits\":1,\"cache_misses\":6,\"cache_writes\":0},{\"cache_bytes\":26880,\"statement_bytes\":0,\"cache_hits\":1,\"cache_misses\":6,\"cache_writes\":0},{\"cache_bytes\":26880,\"statement_bytes\":0,\"cache_hits\":1,\"cache_misses\":6,\"cache_writes\":0},{\"cache_bytes\":26880,\"statement_bytes\":0,\"cache_hits\":1,\"cache_misses\":6,\"cache_writes\":0},{\"cache_bytes\":26880,\"statement_bytes\":0,\"cache_hits\":1,\"cache_misses\":6,\"cache_writes\":0},{\"cache_bytes\":109568,\"statement_bytes\":75488,\"cache_hits\":68,\"cache_misses\":100,\"cache_writes\":0}]},\"sqlite_busy_errors\":0,\"blocking_threads\":0,\"blocking_threads_peak\":1,\"blocking_active\":0,\"blocking_queued\":0,\"scrypt_active\":0,\"scrypt_peak\":1}"},"target":"snowtime_axum"}
{"timestamp":"2026-10-08T10:36:04.072492Z","level":"INFO","fields":{"message":"bench counters","renderers":1,"render_queued":0,"render_busy_answers":0,"database":"{\"read_admission\":{\"active\":0,\"queued\":0,\"limit\":10},\"write_admission\":{\"active\":0,\"queued\":0,\"limit\":1},\"hash_admission\":{\"active\":0,\"queued\":0,\"limit\":10},\"report_admission\":{\"active\":0,\"queued\":0,\"limit\":2},\"writer\":{\"cache_bytes\":96512,\"statement_bytes\":542048,\"cache_hits\":1936,\"cache_misses\":49,\"cache_writes\":81},\"readers\":{\"idle\":10,\"connections\":[{\"cache_bytes\":5120,\"statement_bytes\":0,\"cache_hits\":1,\"cache_misses\":6,\"cache_writes\":0},{\"cache_bytes\":5120,\"statement_bytes\":0,\"cache_hits\":1,\"cache_misses\":6,\"cache_writes\":0},{\"cache_bytes\":5120,\"statement_bytes\":0,\"cache_hits\":1,\"cache_misses\":6,\"cache_writes\":0},{\"cache_bytes\":5120,\"statement_bytes\":0,\"cache_hits\":1,\"cache_misses\":6,\"cache_writes\":0},{\"cache_bytes\":5120,\"statement_bytes\":0,\"cache_hits\":1,\"cache_misses\":6,\"cache_writes\":0},{\"cache_bytes\":5120,\"statement_bytes\":0,\"cache_hits\":1,\"cache_misses\":6,\"cache_writes\":0},{\"cache_bytes\":5120,\"statement_bytes\":0,\"cache_hits\":1,\"cache_misses\":6,\"cache_writes\":0},{\"cache_bytes\":5120,\"statement_bytes\":0,\"cache_hits\":1,\"cache_misses\":6,\"cache_writes\":0},{\"cache_bytes\":5120,\"statement_bytes\":0,\"cache_hits\":1,\"cache_misses\":6,\"cache_writes\":0},{\"cache_bytes\":13824,\"statement_bytes\":351744,\"cache_hits\":25501,\"cache_misses\":2315,\"cache_writes\":0}]},\"sqlite_busy_errors\":0,\"blocking_threads\":0,\"blocking_threads_peak\":1,\"blocking_active\":0,\"blocking_queued\":0,\"scrypt_active\":0,\"scrypt_peak\":1}"},"target":"snowtime_axum"}
{"timestamp":"2026-10-08T10:36:04.712850Z","level":"INFO","fields":{"message":"bench counters","renderers":1,"render_queued":0,"render_busy_answers":0,"database":"{\"read_admission\":{\"active\":0,\"queued\":0,\"limit\":10},\"write_admission\":{\"active\":0,\"queued\":0,\"limit\":1},\"hash_admission\":{\"active\":0,\"queued\":0,\"limit\":10},\"report_admission\":{\"active\":0,\"queued\":0,\"limit\":2},\"writer\":{\"cache_bytes\":427264,\"statement_bytes\":106976,\"cache_hits\":1241,\"cache_misses\":100,\"cache_writes\":137},\"readers\":{\"idle\":10,\"connections\":[{\"cache_bytes\":26880,\"statement_bytes\":0,\"cache_hits\":1,\"cache_misses\":6,\"cache_writes\":0},{\"cache_bytes\":26880,\"statement_bytes\":0,\"cache_hits\":1,\"cache_misses\":6,\"cache_writes\":0},{\"cache_bytes\":26880,\"statement_bytes\":0,\"cache_hits\":1,\"cache_misses\":6,\"cache_writes\":0},{\"cache_bytes\":26880,\"statement_bytes\":0,\"cache_hits\":1,\"cache_misses\":6,\"cache_writes\":0},{\"cache_bytes\":26880,\"statement_bytes\":0,\"cache_hits\":1,\"cache_misses\":6,\"cache_writes\":0},{\"cache_bytes\":26880,\"statement_bytes\":0,\"cache_hits\":1,\"cache_misses\":6,\"cache_writes\":0},{\"cache_bytes\":26880,\"statement_bytes\":0,\"cache_hits\":1,\"cache_misses\":6,\"cache_writes\":0},{\"cache_bytes\":26880,\"statement_bytes\":0,\"cache_hits\":1,\"cache_misses\":6,\"cache_writes\":0},{\"cache_bytes\":26880,\"statement_bytes\":0,\"cache_hits\":1,\"cache_misses\":6,\"cache_writes\":0},{\"cache_bytes\":109568,\"statement_bytes\":75488,\"cache_hits\":68,\"cache_misses\":100,\"cache_writes\":0}]},\"sqlite_busy_errors\":0,\"blocking_threads\":0,\"blocking_threads_peak\":1,\"blocking_active\":0,\"blocking_queued\":0,\"scrypt_active\":0,\"scrypt_peak\":1}"},"target":"snowtime_axum"}
{"timestamp":"2026-10-08T10:36:05.074741Z","level":"INFO","fields":{"message":"bench counters","renderers":1,"render_queued":0,"render_busy_answers":0,"database":"{\"read_admission\":{\"active\":0,\"queued\":0,\"limit\":10},\"write_admission\":{\"active\":0,\"queued\":0,\"limit\":1},\"hash_admission\":{\"active\":0,\"queued\":0,\"limit\":10},\"report_admission\":{\"active\":0,\"queued\":0,\"limit\":2},\"writer\":{\"cache_bytes\":96512,\"statement_bytes\":542048,\"cache_hits\":1936,\"cache_misses\":49,\"cache_writes\":81},\"readers\":{\"idle\":10,\"connections\":[{\"cache_bytes\":5120,\"statement_bytes\":0,\"cache_hits\":1,\"cache_misses\":6,\"cache_writes\":0},{\"cache_bytes\":5120,\"statement_bytes\":0,\"cache_hits\":1,\"cache_misses\":6,\"cache_writes\":0},{\"cache_bytes\":5120,\"statement_bytes\":0,\"cache_hits\":1,\"cache_misses\":6,\"cache_writes\":0},{\"cache_bytes\":5120,\"statement_bytes\":0,\"cache_hits\":1,\"cache_misses\":6,\"cache_writes\":0},{\"cache_bytes\":5120,\"statement_bytes\":0,\"cache_hits\":1,\"cache_misses\":6,\"cache_writes\":0},{\"cache_bytes\":5120,\"statement_bytes\":0,\"cache_hits\":1,\"cache_misses\":6,\"cache_writes\":0},{\"cache_bytes\":5120,\"statement_bytes\":0,\"cache_hits\":1,\"cache_misses\":6,\"cache_writes\":0},{\"cache_bytes\":5120,\"statement_bytes\":0,\"cache_hits\":1,\"cache_misses\":6,\"cache_writes\":0},{\"cache_bytes\":5120,\"statement_bytes\":0,\"cache_hits\":1,\"cache_misses\":6,\"cache_writes\":0},{\"cache_bytes\":13824,\"statement_bytes\":351744,\"cache_hits\":25501,\"cache_misses\":2315,\"cache_writes\":0}]},\"sqlite_busy_errors\":0,\"blocking_threads\":0,\"blocking_threads_peak\":1,\"blocking_active\":0,\"blocking_queued\":0,\"scrypt_active\":0,\"scrypt_peak\":1}"},"target":"snowtime_axum"}
{"timestamp":"2026-10-08T10:36:06.077561Z","level":"INFO","fields":{"message":"bench counters","renderers":1,"render_queued":0,"render_busy_answers":0,"database":"{\"read_admission\":{\"active\":0,\"queued\":0,\"limit\":10},\"write_admission\":{\"active\":0,\"queued\":0,\"limit\":1},\"hash_admission\":{\"active\":0,\"queued\":0,\"limit\":10},\"report_admission\":{\"active\":0,\"queued\":0,\"limit\":2},\"writer\":{\"cache_bytes\":96512,\"statement_bytes\":542048,\"cache_hits\":1936,\"cache_misses\":49,\"cache_writes\":81},\"readers\":{\"idle\":10,\"connections\":[{\"cache_bytes\":5120,\"statement_bytes\":0,\"cache_hits\":1,\"cache_misses\":6,\"cache_writes\":0},{\"cache_bytes\":5120,\"statement_bytes\":0,\"cache_hits\":1,\"cache_misses\":6,\"cache_writes\":0},{\"cache_bytes\":5120,\"statement_bytes\":0,\"cache_hits\":1,\"cache_misses\":6,\"cache_writes\":0},{\"cache_bytes\":5120,\"statement_bytes\":0,\"cache_hits\":1,\"cache_misses\":6,\"cache_writes\":0},{\"cache_bytes\":5120,\"statement_bytes\":0,\"cache_hits\":1,\"cache_misses\":6,\"cache_writes\":0},{\"cache_bytes\":5120,\"statement_bytes\":0,\"cache_hits\":1,\"cache_misses\":6,\"cache_writes\":0},{\"cache_bytes\":5120,\"statement_bytes\":0,\"cache_hits\":1,\"cache_misses\":6,\"cache_writes\":0},{\"cache_bytes\":5120,\"statement_bytes\":0,\"cache_hits\":1,\"cache_misses\":6,\"cache_writes\":0},{\"cache_bytes\":5120,\"statement_bytes\":0,\"cache_hits\":1,\"cache_misses\":6,\"cache_writes\":0},{\"cache_bytes\":13824,\"statement_bytes\":351744,\"cache_hits\":25501,\"cache_misses\":2315,\"cache_writes\":0}]},\"sqlite_busy_errors\":0,\"blocking_threads\":0,\"blocking_threads_peak\":1,\"blocking_active\":0,\"blocking_queued\":0,\"scrypt_active\":0,\"scrypt_peak\":1}"},"target":"snowtime_axum"}
Every call answers the same
